"use_for_analysis","CYR_Keyfield","JDay","Date","DoY","CYR","WYR","Season","Month","Day","Time","Segment","Site","Latitude","Longitude","area_sampled","cat","class","common_name","species","occur","total_count","den","median_count","temp","DO","DO_percent","sal_venice_cat","sal","pH","H2S","water_depth","sed_depth","ave_sav","total_ave_sg","total_ave_ma","prop_sg","prop_ma","ave_tt","ave_hw","ave_sf","ave_rm","SAV_ave_sed_depth","ave_max_canopy_height","bottom_canopy","diet_shrimp","diet_crab","fSeason","fSite","fCYR","Date2","diet_items","fDiet_presence"
"Standard","C-2013-3-10-39",2961,2013-03-10,69,2013,2013,"DRY",3,10,0.546527777777778,"Seg2",39,25.466,-80.33772,3,"Vert","Fish","Gulf Toadfish","Opsanus beta",0,0,0,0,20.8,8.27,105.6,"polyhaline",23.03,8.25,NA,103,67,41,18.6,25.43,0.453658536585366,0.620243902439024,9.3,9.3,0,0,72.5,13.5,1972.9,0,0,"DRY","39","2013",2013-03-10,0,"no food"
"Standard","C-2013-3-10-40",2961,2013-03-10,69,2013,2013,"DRY",3,10,0.520138888888889,"Seg2",40,25.45858,-80.33714,3,"Vert","Fish","Gulf Toadfish","Opsanus beta",0,0,0,0,20.7,8.31,110.1,"euhaline",31.3,8.21,NA,101,54,77.5,6.4,11.7,0.0825806451612903,0.150967741935484,3.2,3.2,0,0,73.5,14.8,690.6,1,1,"DRY","40","2013",2013-03-10,2,"food"
"Standard","C-2013-3-10-41",2961,2013-03-10,69,2013,2013,"DRY",3,10,0.5,"Seg2",41,25.45553,-80.33632,3,"Vert","Fish","Gulf Toadfish","Opsanus beta",0,0,0,0,20.5,8.04,107.6,"euhaline",31.71,8.29,NA,89,63,78,33.6,46.2,0.430769230769231,0.592307692307692,16.8,16.8,0,0,75,13.5,1719.9,2,1,"DRY","41","2013",2013-03-10,3,"food"
"Standard","C-2013-3-10-42",2961,2013-03-10,69,2013,2013,"DRY",3,10,0.479861111111111,"Seg2",42,25.45031,-80.3307,3,"Vert","Fish","Gulf Toadfish","Opsanus beta",0,0,0,0,20.2,7.77,104.2,"euhaline",32.71,8.3,NA,101,93,75.5,0,64.82,0,0.858543046357616,0,0,0,0,71.5,13,1016.2,2,1,"DRY","42","2013",2013-03-10,3,"food"
"Standard","C-2013-3-10-43",2961,2013-03-10,69,2013,2013,"DRY",3,10,0.456944444444444,"Seg2",43,25.44456,-80.33099,3,"Vert","Fish","Gulf Toadfish","Opsanus beta",0,0,0,0,19.6,7.43,98.2,"euhaline",32.02,8.23,NA,90,47,85,1.2,69.33,0.0141176470588235,0.815647058823529,0.6,0.6,0,0,63.1,13.7,1808.3,0,1,"DRY","43","2013",2013-03-10,1,"food"
"Standard","C-2013-3-10-44",2961,2013-03-10,69,2013,2013,"DRY",3,10,0.438888888888889,"Seg2",44,25.44304,-80.33051,3,"Vert","Fish","Gulf Toadfish","Opsanus beta",0,0,0,0,19.6,7.54,99.5,"euhaline",31.97,8.26,NA,81,111,64,37.04,31.4,0.57875,0.490625,18.52,18.52,0,0,71.5,21.8,339,2,1,"DRY","44","2013",2013-03-10,3,"food"
"Standard","C-2013-3-10-45",2961,2013-03-10,69,2013,2013,"DRY",3,10,0.414583333333333,"Seg2",45,25.4377,-80.32432,3,"Vert","Fish","Gulf Toadfish","Opsanus beta",0,0,0,0,19.5,7.37,97.1,"euhaline",32.36,8.25,NA,75,127,82.5,0,52.42,0,0.635393939393939,0,0,0,0,54,12.1,253.9,0,0,"DRY","45","2013",2013-03-10,0,"no food"
"Standard","C-2013-3-10-46",2961,2013-03-10,69,2013,2013,"DRY",3,10,0.396527777777778,"Seg2",46,25.43744,-80.32174,3,"Vert","Fish","Gulf Toadfish","Opsanus beta",0,0,0,0,19.3,7.33,96.4,"euhaline",32.39,8.22,NA,83,4,35,11,16.6,0.314285714285714,0.474285714285714,5.5,5.5,0,0,9,10.4,209.8,0,0,"DRY","46","2013",2013-03-10,0,"no food"
"Standard","C-2013-3-10-47",2961,2013-03-10,69,2013,2013,"DRY",3,10,0.36875,"Seg2",47,25.43711,-80.31933,3,"Vert","Fish","Gulf Toadfish","Opsanus beta",0,0,0,0,19.2,6.75,88.5,"euhaline",32.61,8.16,NA,123,68,77.5,0,8.8,0,0.113548387096774,0,0,0,0,55,15.2,98.74,0,0,"DRY","47","2013",2013-03-10,0,"no food"
"Standard","C-2013-3-11-26",2962,2013-03-11,70,2013,2013,"DRY",3,11,0.399305555555556,"Seg2",26,25.50586,-80.33373,3,"Vert","Fish","Gulf Toadfish","Opsanus beta",0,0,0,0,20.5,6.3,82,"polyhaline",26.62,8.12,NA,72,73,63.5,5.1,50.7,0.0803149606299213,0.798425196850394,0,5.1,0,0,37.5,14,168.9,0,1,"DRY","26","2013",2013-03-11,1,"food"
"Standard","C-2013-3-11-27",2962,2013-03-11,70,2013,2013,"DRY",3,11,0.416666666666667,"Seg2",27,25.50409,-80.33263,3,"Vert","Fish","Gulf Toadfish","Opsanus beta",0,0,0,0,20.8,6.64,87,"polyhaline",26.76,8.22,NA,100,83,49,27.2,12,0.555102040816327,0.244897959183673,6.2,21,0,0,43,24.5,1307.6,1,0,"DRY","27","2013",2013-03-11,1,"food"
"Standard","C-2013-3-11-28",2962,2013-03-11,70,2013,2013,"DRY",3,11,0.431944444444444,"Seg2",28,25.50502,-80.33668,3,"Vert","Fish","Gulf Toadfish","Opsanus beta",0,0,0,0,20.8,6.85,90,"polyhaline",26.74,8.32,NA,118,28,31.5,23.5,1.9,0.746031746031746,0.0603174603174603,0,23.5,0,0,41,24.5,559.8,0,0,"DRY","28","2013",2013-03-11,0,"no food"
"Standard","C-2013-3-11-29",2962,2013-03-11,70,2013,2013,"DRY",3,11,0.463194444444444,"Seg2",29,25.50458,-80.33784,3,"Vert","Fish","Gulf Toadfish","Opsanus beta",0,0,0,0,20.9,6.63,86.7,"polyhaline",26.85,8.31,NA,118,27,53,28,17,0.528301886792453,0.320754716981132,0,28,0,0,41,21,489.6,1,1,"DRY","29","2013",2013-03-11,2,"food"
"Standard","C-2013-3-11-30",2962,2013-03-11,70,2013,2013,"DRY",3,11,0.482638888888889,"Seg2",30,25.49747,-80.33949,3,"Vert","Fish","Gulf Toadfish","Opsanus beta",1,4,1.33333333333333,1,21.2,7.09,93.5,"polyhaline",27.34,8.35,NA,115,46,57,33,14.6,0.578947368421053,0.256140350877193,0.5,32.5,0,0,44.5,23,1149.9,0,0,"DRY","30","2013",2013-03-11,0,"no food"
"Standard","C-2013-3-11-31",2962,2013-03-11,70,2013,2013,"DRY",3,11,0.501388888888889,"Seg2",31,25.49323,-80.33865,3,"Vert","Fish","Gulf Toadfish","Opsanus beta",0,0,0,0,21.4,6.53,87,"polyhaline",27.97,8.26,NA,98,37,40,7,26.6,0.175,0.665,0,7,0,0,52,22.5,845.3,0,0,"DRY","31","2013",2013-03-11,0,"no food"
"Standard","C-2013-3-11-32",2962,2013-03-11,70,2013,2013,"DRY",3,11,0.535416666666667,"Seg2",32,25.49037,-80.34021,3,"Vert","Fish","Gulf Toadfish","Opsanus beta",0,0,0,0,21.6,7.04,93.9,"polyhaline",27.33,8.25,NA,102,27,34,26,4.3,0.764705882352941,0.126470588235294,0,26,0,0,24,22.2,1146.8,0,0,"DRY","32","2013",2013-03-11,0,"no food"
"Standard","C-2013-3-11-33",2962,2013-03-11,70,2013,2013,"DRY",3,11,0.555555555555556,"Seg2",33,25.48691,-80.34001,3,"Vert","Fish","Gulf Toadfish","Opsanus beta",0,0,0,0,21.4,6.56,86.4,"polyhaline",26.17,8.2,NA,68,52,58.5,43,9.4,0.735042735042735,0.160683760683761,0,43,0,0,16,23,1584.3,1,0,"DRY","33","2013",2013-03-11,1,"food"
"Standard","C-2013-3-11-34",2962,2013-03-11,70,2013,2013,"DRY",3,11,0.570138888888889,"Seg2",34,25.48528,-80.33972,3,"Vert","Fish","Gulf Toadfish","Opsanus beta",0,0,0,0,21.6,6.93,90.8,"polyhaline",26,8.22,NA,96,24,30,14.1,10.6,0.47,0.353333333333333,0.6,13.5,0,0,29.5,20.5,873.4,1,1,"DRY","34","2013",2013-03-11,2,"food"
"Standard","C-2013-3-11-35",2962,2013-03-11,70,2013,2013,"DRY",3,11,0.588888888888889,"Seg2",35,25.48025,-80.34035,3,"Vert","Fish","Gulf Toadfish","Opsanus beta",0,0,0,0,21.6,6.93,90.3,"polyhaline",23.54,8.17,NA,73,52,45.5,7,32,0.153846153846154,0.703296703296703,0,7,0,0,43.5,11.5,738.4,0,0,"DRY","35","2013",2013-03-11,0,"no food"
"Standard","C-2013-3-12-15",2963,2013-03-12,71,2013,2013,"DRY",3,12,0.411111111111111,"Seg1",15,25.54501,-80.31237,3,"Vert","Fish","Gulf Toadfish","Opsanus beta",0,0,0,0,21.8,6.4,85.7,"polyhaline",27.71,8.12,NA,70,83,58,45.6,9.5,0.786206896551724,0.163793103448276,7.2,38.4,0,0,49,11,347.8,0,0,"DRY","15","2013",2013-03-12,0,"no food"
"Standard","C-2013-3-12-16",2963,2013-03-12,71,2013,2013,"DRY",3,12,0.4375,"Seg1",16,25.54039,-80.31284,3,"Vert","Fish","Gulf Toadfish","Opsanus beta",0,0,0,0,22.1,6.76,90.9,"polyhaline",27.67,8.08,NA,65,29,41,26.1,11.9,0.636585365853658,0.290243902439024,1.2,24.9,0,0,68,11,373,3,0,"DRY","16","2013",2013-03-12,3,"food"
"Standard","C-2013-3-12-17",2963,2013-03-12,71,2013,2013,"DRY",3,12,0.455555555555556,"Seg1",17,25.53747,-80.31336,3,"Vert","Fish","Gulf Toadfish","Opsanus beta",0,0,0,0,22.1,6.57,88.6,"polyhaline",27.68,8.02,NA,110,29,43,21.9,17.6,0.509302325581395,0.409302325581395,10,11.9,0,0,54.5,13,670,1,1,"DRY","17","2013",2013-03-12,2,"food"
"Standard","C-2013-3-12-18",2963,2013-03-12,71,2013,2013,"DRY",3,12,0.482638888888889,"Seg2",18,25.53224,-80.32869,3,"Vert","Fish","Gulf Toadfish","Opsanus beta",0,0,0,0,22.2,7.72,98.3,"polyhaline",28.3,8.33,NA,93,45,80.5,45.5,26.1,0.565217391304348,0.324223602484472,0,45.5,0,0,16.5,13,975.1,0,1,"DRY","18","2013",2013-03-12,1,"food"
"Standard","C-2013-3-12-19",2963,2013-03-12,71,2013,2013,"DRY",3,12,0.503472222222222,"Seg2",19,25.52558,-80.33117,3,"Vert","Fish","Gulf Toadfish","Opsanus beta",0,0,0,0,22.4,7.21,97.5,"polyhaline",27.44,8.28,NA,103,12,93,36.5,52.1,0.39247311827957,0.560215053763441,0,36.5,0,0,21.5,18.5,1187.1,0,0,"DRY","19","2013",2013-03-12,0,"no food"
"Standard","C-2013-3-12-20",2963,2013-03-12,71,2013,2013,"DRY",3,12,0.527777777777778,"Seg2",20,25.51838,-80.33102,3,"Vert","Fish","Gulf Toadfish","Opsanus beta",0,0,0,0,22.5,7.52,101.4,"polyhaline",26.86,8.17,NA,65,62,35,26.5,4.3,0.757142857142857,0.122857142857143,0,26.5,0,0,46,13.5,334.3,0,0,"DRY","20","2013",2013-03-12,0,"no food"
"Standard","C-2013-3-12-21",2963,2013-03-12,71,2013,2013,"DRY",3,12,0.557638888888889,"Seg2",21,25.51649,-80.33384,3,"Vert","Fish","Gulf Toadfish","Opsanus beta",0,0,0,0,22.8,7.35,99.6,"polyhaline",26.7,8.35,NA,68,47,72,34,33.6,0.472222222222222,0.466666666666667,0,29.5,0,4.5,37.5,13,899.4,0,0,"DRY","21","2013",2013-03-12,0,"no food"
"Standard","C-2013-3-12-22",2963,2013-03-12,71,2013,2013,"DRY",3,12,0.575694444444444,"Seg2",22,25.51541,-80.33414,3,"Vert","Fish","Gulf Toadfish","Opsanus beta",0,0,0,0,22.9,7.56,102.7,"polyhaline",26.66,8.3,NA,68,46,47,34,9.2,0.723404255319149,0.195744680851064,0,32.5,0,1.5,47,14,403,0,2,"DRY","22","2013",2013-03-12,2,"food"
"Standard","C-2013-3-12-23",2963,2013-03-12,71,2013,2013,"DRY",3,12,0.594444444444444,"Seg2",23,25.51443,-80.33481,3,"Vert","Fish","Gulf Toadfish","Opsanus beta",0,0,0,0,22.8,7.02,95,"polyhaline",26.63,8.18,NA,62,63,33.5,21.4,9.2,0.638805970149254,0.274626865671642,0,20.9,0,0.5,31,22,23.02,0,0,"DRY","23","2013",2013-03-12,0,"no food"
"Standard","C-2013-3-12-24",2963,2013-03-12,71,2013,2013,"DRY",3,12,0.613194444444444,"Seg2",24,25.51198,-80.33522,3,"Vert","Fish","Gulf Toadfish","Opsanus beta",0,0,0,0,23.2,7.3,99.5,"polyhaline",26.47,8.13,NA,73,42,62.5,34.5,26.1,0.552,0.4176,0,34.5,0,0,48.5,13,142.3,0,1,"DRY","24","2013",2013-03-12,1,"food"
"Standard","C-2013-3-12-25",2963,2013-03-12,71,2013,2013,"DRY",3,12,0.635416666666667,"Seg2",25,25.50942,-80.33568,3,"Vert","Fish","Gulf Toadfish","Opsanus beta",0,0,0,0,23,7.03,95.7,"polyhaline",26.61,8.06,NA,65,37,86,25.1,55.6,0.291860465116279,0.646511627906977,0,19.6,0,5.5,47,15.5,539.4,1,0,"DRY","25","2013",2013-03-12,1,"food"
"Standard","C-2013-3-13-10",2964,2013-03-13,72,2013,2013,"DRY",3,13,0.507638888888889,"Seg1",10,25.56928,-80.30264,3,"Vert","Fish","Gulf Toadfish","Opsanus beta",1,2,0.666666666666667,0,22.1,6.58,90.7,"euhaline",31.83,8.03,NA,98,33,71.5,25.1,38.3,0.351048951048951,0.535664335664336,4.1,21,0,0,35.5,15.5,1086.1,1,1,"DRY","10","2013",2013-03-13,2,"food"
"Standard","C-2013-3-13-11",2964,2013-03-13,72,2013,2013,"DRY",3,13,0.529861111111111,"Seg1",11,25.5685,-80.30338,3,"Vert","Fish","Gulf Toadfish","Opsanus beta",0,0,0,0,22.5,6.49,90.6,"euhaline",31.8,8.03,NA,75,53,85.5,36,33.3,0.421052631578947,0.389473684210526,7,29,0,0,64.5,12,808.3,0,1,"DRY","11","2013",2013-03-13,1,"food"
"Standard","C-2013-3-13-12",2964,2013-03-13,72,2013,2013,"DRY",3,13,0.572916666666667,"Seg1",12,25.56171,-80.30755,3,"Vert","Fish","Gulf Toadfish","Opsanus beta",0,0,0,0,22.7,6.09,84.5,"euhaline",31.37,7.93,NA,87,43,94.5,39,33,0.412698412698413,0.349206349206349,4.5,34.5,0,0,25,17,352.6,2,0,"DRY","12","2013",2013-03-13,2,"food"
"Standard","C-2013-3-13-13",2964,2013-03-13,72,2013,2013,"DRY",3,13,0.593055555555556,"Seg1",13,25.55809,-80.30757,3,"Vert","Fish","Gulf Toadfish","Opsanus beta",0,0,0,0,22.9,5.44,74.9,"euhaline",31.62,7.72,NA,74,38,75.5,56.1,3.8,0.743046357615894,0.0503311258278146,0.1,56,0,0,50.5,17,1162.1,0,0,"DRY","13","2013",2013-03-13,0,"no food"
"Standard","C-2013-3-13-14",2964,2013-03-13,72,2013,2013,"DRY",3,13,0.631944444444444,"Seg1",14,25.55193,-80.31012,3,"Vert","Fish","Gulf Toadfish","Opsanus beta",0,0,0,0,23.1,7.3,100.8,"polyhaline",29.4,8.14,NA,67,53,67,25,29.5,0.373134328358209,0.440298507462687,13,12,0,0,61,14,776,2,1,"DRY","14","2013",2013-03-13,3,"food"
"Standard","C-2013-3-13-7",2964,2013-03-13,72,2013,2013,"DRY",3,13,0.422222222222222,"Seg1",7,25.59441,-80.3078,3,"Vert","Fish","Gulf Toadfish","Opsanus beta",0,0,0,0,21.6,5.04,69.3,"euhaline",32.44,7.96,NA,84,39,68,49.5,12.5,0.727941176470588,0.183823529411765,0,49.5,0,0,48.5,20,1002.3,4,0,"DRY","7","2013",2013-03-13,4,"food"
"Standard","C-2013-3-13-8",2964,2013-03-13,72,2013,2013,"DRY",3,13,0.46875,"Seg1",8,25.5795,-80.30502,3,"Vert","Fish","Gulf Toadfish","Opsanus beta",0,0,0,0,21.6,5.77,78.9,"euhaline",32.06,7.99,NA,71,1,54.5,6.5,42.5,0.119266055045872,0.779816513761468,0.5,6,0,0,4.7,7,968.2,1,0,"DRY","8","2013",2013-03-13,1,"food"
"Standard","C-2013-3-13-9",2964,2013-03-13,72,2013,2013,"DRY",3,13,0.486111111111111,"Seg1",9,25.57382,-80.30349,3,"Vert","Fish","Gulf Toadfish","Opsanus beta",0,0,0,0,21.8,5.26,72.3,"euhaline",32.02,7.92,NA,86,14,40.5,11,26.1,0.271604938271605,0.644444444444444,1,10,0,0,12.5,11.5,116.14,0,1,"DRY","9","2013",2013-03-13,1,"food"
"Standard","C-2013-3-14-1",2965,2013-03-14,73,2013,2013,"DRY",3,14,0.548611111111111,"Seg1",1,25.62922,-80.28873,3,"Vert","Fish","Gulf Toadfish","Opsanus beta",0,0,0,0,21.9,6.74,93,"euhaline",32.34,8.22,NA,83,96,54.5,42.1,3.1,0.772477064220183,0.0568807339449541,0,41,0,1.1,47,27,1372.8,2,0,"DRY","1","2013",2013-03-14,2,"food"
"Standard","C-2013-3-14-2",2965,2013-03-14,73,2013,2013,"DRY",3,14,0.517361111111111,"Seg1",2,25.62385,-80.29926,3,"Vert","Fish","Gulf Toadfish","Opsanus beta",0,0,0,0,20.3,7.49,100.2,"euhaline",31.98,8.3,NA,103,25,47,38.2,0.7,0.812765957446809,0.0148936170212766,0.7,37.5,0,0,46,25,1064.3,1,0,"DRY","2","2013",2013-03-14,1,"food"
"Standard","C-2013-3-14-3",2965,2013-03-14,73,2013,2013,"DRY",3,14,0.493055555555556,"Seg1",3,25.61747,-80.30151,3,"Vert","Fish","Gulf Toadfish","Opsanus beta",0,0,0,0,21,7.62,103.6,"euhaline",32.86,8.26,NA,110,66,74.5,59,3.7,0.791946308724832,0.0496644295302013,27.5,31.5,0,0,52.5,26.5,1128.6,1,1,"DRY","3","2013",2013-03-14,2,"food"
"Standard","C-2013-3-14-4",2965,2013-03-14,73,2013,2013,"DRY",3,14,0.479166666666667,"Seg1",4,25.6159,-80.30295,3,"Vert","Fish","Gulf Toadfish","Opsanus beta",0,0,0,0,20.5,7.1,95.7,"euhaline",32.99,8.28,NA,103,17,73.5,37.5,21.4,0.510204081632653,0.291156462585034,1,36.5,0,0,2,15.5,1012.6,0,1,"DRY","4","2013",2013-03-14,1,"food"
"Standard","C-2013-3-14-5",2965,2013-03-14,73,2013,2013,"DRY",3,14,0.454166666666667,"Seg1",5,25.61374,-80.30617,3,"Vert","Fish","Gulf Toadfish","Opsanus beta",0,0,0,0,20.4,6.09,81.9,"euhaline",32.32,8.14,NA,83,27,50,40.1,1.7,0.802,0.034,0.1,40,0,0,25,31,960.8,1,1,"DRY","5","2013",2013-03-14,2,"food"
"Standard","C-2013-3-14-6",2965,2013-03-14,73,2013,2013,"DRY",3,14,0.4125,"Seg1",6,25.6093,-80.30727,3,"Vert","Fish","Gulf Toadfish","Opsanus beta",0,0,0,0,21.6,5.31,71.3,"euhaline",32.16,8.14,NA,66,58,59.5,45,5.2,0.756302521008403,0.0873949579831933,0,45,0,0,24.5,23,653.7,1,0,"DRY","6","2013",2013-03-14,1,"food"
"Standard","C-2013-9-3-39",3138,2013-09-03,246,2013,2014,"WET",9,3,0.386111111111111,"Seg2",39,25.46571,-80.33763,3,"Vert","Fish","Gulf Toadfish","Opsanus beta",0,0,0,0,29.8,3.77,54.7,"polyhaline",19.89,7.55,NA,85,78,12,8,1,0.666666666666667,0.0833333333333333,0.4,7.6,0,0,28,11,NA,0,0,"WET","39","2013",2013-09-03,0,"no food"
"Standard","C-2013-9-3-40",3138,2013-09-03,246,2013,2014,"WET",9,3,0.415972222222222,"Seg2",40,25.45857,-80.33718,3,"Vert","Fish","Gulf Toadfish","Opsanus beta",1,1,0.333333333333333,0,28.6,4.81,70.3,"polyhaline",22.83,7.7,NA,94,48,78.5,55.7,20.1,0.709554140127389,0.256050955414013,55,0.7,0,0,15.7,28.5,905.6,2,0,"WET","40","2013",2013-09-03,2,"food"
"Standard","C-2013-9-3-41",3138,2013-09-03,246,2013,2014,"WET",9,3,0.435416666666667,"Seg2",41,25.45552,-80.33626,3,"Vert","Fish","Gulf Toadfish","Opsanus beta",0,0,0,0,28.6,5.74,83.8,"polyhaline",22.27,7.84,NA,75,89,50,33.8,15.3,0.676,0.306,29.5,4.3,0,0,42,25.9,1277.1,0,0,"WET","41","2013",2013-09-03,0,"no food"
"Standard","C-2013-9-3-42",3138,2013-09-03,246,2013,2014,"WET",9,3,0.45625,"Seg2",42,25.45065,-80.33064,3,"Vert","Fish","Gulf Toadfish","Opsanus beta",0,0,0,0,29.3,5.61,81.1,"polyhaline",18.26,7.76,NA,66,59,45,3.7,35.9,0.0822222222222222,0.797777777777778,3.7,0,0,0,4.2,11.2,326.7,0,0,"WET","42","2013",2013-09-03,0,"no food"
"Standard","C-2013-9-3-43",3138,2013-09-03,246,2013,2014,"WET",9,3,0.474305555555556,"Seg2",43,25.44492,-80.33095,3,"Vert","Fish","Gulf Toadfish","Opsanus beta",1,1,0.333333333333333,0,29.5,5.97,84.2,"polyhaline",18.36,7.77,NA,66,107,51,40.7,8.8,0.798039215686275,0.172549019607843,40.5,0.2,0,0,5,22.5,1602.4,4,0,"WET","43","2013",2013-09-03,4,"food"
"Standard","C-2013-9-3-44",3138,2013-09-03,246,2013,2014,"WET",9,3,0.498611111111111,"Seg2",44,25.44303,-80.33025,3,"Vert","Fish","Gulf Toadfish","Opsanus beta",1,2,0.666666666666667,1,28.9,5.22,75.1,"polyhaline",19.06,7.72,NA,42,127,40.5,34.9,4.3,0.861728395061728,0.106172839506173,31,3.9,0,0,35,20,355.5,4,0,"WET","44","2013",2013-09-03,4,"food"
"Standard","C-2013-9-3-45",3138,2013-09-03,246,2013,2014,"WET",9,3,0.518055555555556,"Seg2",45,25.43772,-80.32407,3,"Vert","Fish","Gulf Toadfish","Opsanus beta",1,1,0.333333333333333,0,28.7,6.33,91.9,"polyhaline",21.34,7.83,NA,61,74,83.1,38.1,40.2,0.458483754512635,0.483754512635379,38,0.1,0,0,5,26,538.4,1,0,"WET","45","2013",2013-09-03,1,"food"
"Standard","C-2013-9-3-46",3138,2013-09-03,246,2013,2014,"WET",9,3,0.536805555555556,"Seg2",46,25.43752,-80.32159,3,"Vert","Fish","Gulf Toadfish","Opsanus beta",0,0,0,0,29.5,9.09,133,"polyhaline",20.31,8.03,NA,38,2,68.7,42.1,23.1,0.612809315866084,0.336244541484716,23,19.1,0,0,5,7,1664.5,0,0,"WET","46","2013",2013-09-03,0,"no food"
"Standard","C-2013-9-3-47",3138,2013-09-03,246,2013,2014,"WET",9,3,0.559722222222222,"Seg2",47,25.43713,-80.31931,3,"Vert","Fish","Gulf Toadfish","Opsanus beta",1,1,0.333333333333333,0,30.7,6.45,99,"polyhaline",24.88,7.91,NA,71,79,79.5,60.5,18.7,0.761006289308176,0.235220125786164,60.5,0,0,0,5,24.5,NA,0,0,"WET","47","2013",2013-09-03,0,"no food"
"Standard","C-2013-9-4-27",3139,2013-09-04,247,2013,2014,"WET",9,4,0.592361111111111,"Seg2",27,25.50401,-80.33264,3,"Vert","Fish","Gulf Toadfish","Opsanus beta",0,0,0,0,30.8,6.11,88.1,"mesohaline",13.42,7.86,NA,47,76,60.5,33.8,22.1,0.558677685950413,0.365289256198347,0.3,33.5,0,0,35,22,963.7,1,0,"WET","27","2013",2013-09-04,1,"food"
"Standard","C-2013-9-4-30",3139,2013-09-04,247,2013,2014,"WET",9,4,0.563194444444444,"Seg2",30,25.49725,-80.33932,3,"Vert","Fish","Gulf Toadfish","Opsanus beta",0,0,0,0,29.6,4.96,70.8,"mesohaline",14.93,7.71,NA,55,61,49.5,31.1,14.9,0.628282828282828,0.301010101010101,0.6,30.5,0,0,27,25.5,NA,0,0,"WET","30","2013",2013-09-04,0,"no food"
"Standard","C-2013-9-4-31",3139,2013-09-04,247,2013,2014,"WET",9,4,0.538888888888889,"Seg2",31,25.49322,-80.33858,3,"Vert","Fish","Gulf Toadfish","Opsanus beta",0,0,0,0,29.3,4.8,67.4,"mesohaline",12.91,7.7,NA,75,58,66,33,21.9,0.5,0.331818181818182,0,33,0,0,39.5,28.5,386.9,0,0,"WET","31","2013",2013-09-04,0,"no food"
"Standard","C-2013-9-4-32",3139,2013-09-04,247,2013,2014,"WET",9,4,0.517361111111111,"Seg2",32,25.49014,-80.34003,3,"Vert","Fish","Gulf Toadfish","Opsanus beta",0,0,0,0,29.8,4.59,65,"mesohaline",12.72,7.7,NA,82,27,62.5,27,12.7,0.432,0.2032,0,27,0,0,27,29,267.1,0,0,"WET","32","2013",2013-09-04,0,"no food"
"Standard","C-2013-9-4-33",3139,2013-09-04,247,2013,2014,"WET",9,4,0.495833333333333,"Seg2",33,25.4867,-80.33999,3,"Vert","Fish","Gulf Toadfish","Opsanus beta",0,0,0,0,28.5,5.07,70,"mesohaline",12.11,7.7,NA,79,27,57,47,4.3,0.824561403508772,0.0754385964912281,0,47,0,0,27,27,198.1,0,0,"WET","33","2013",2013-09-04,0,"no food"
"Standard","C-2013-9-4-34",3139,2013-09-04,247,2013,2014,"WET",9,4,0.477083333333333,"Seg2",34,25.48525,-80.33968,3,"Vert","Fish","Gulf Toadfish","Opsanus beta",0,0,0,0,28.9,6.19,86.2,"mesohaline",13.19,7.75,NA,87,64,49.5,38.6,3.9,0.77979797979798,0.0787878787878788,12.6,26,0,0,27.5,25,220.8,0,0,"WET","34","2013",2013-09-04,0,"no food"
"Standard","C-2013-9-4-35",3139,2013-09-04,247,2013,2014,"WET",9,4,0.460416666666667,"Seg2",35,25.48014,-80.34032,3,"Vert","Fish","Gulf Toadfish","Opsanus beta",0,0,0,0,28.5,5.77,79.4,"mesohaline",10.79,7.71,NA,100,34,50,18.2,26.6,0.364,0.532,0,18.2,0,0,35,21.5,808.8,0,0,"WET","35","2013",2013-09-04,0,"no food"
"Standard","C-2013-9-4-38",3139,2013-09-04,247,2013,2014,"WET",9,4,0.379166666666667,"Seg2",38,25.46923,-80.3401,3,"Vert","Fish","Gulf Toadfish","Opsanus beta",0,0,0,0,27.7,5.6,73.6,"mesohaline",6.01,7.71,NA,82,64,61,40.5,5,0.663934426229508,0.0819672131147541,0,40.5,0,0,40,22,120.9,0,0,"WET","38","2013",2013-09-04,0,"no food"
"Standard","C-2013-9-5-15",3140,2013-09-05,248,2013,2014,"WET",9,5,0.604166666666667,"Seg1",15,25.54488,-80.31221,3,"Vert","Fish","Gulf Toadfish","Opsanus beta",0,0,0,0,30.2,5.95,88.3,"polyhaline",20.16,7.78,NA,39,94,58.5,30.5,13.94,0.521367521367521,0.238290598290598,30.5,0,0,0,59,14.5,1460,0,0,"WET","15","2013",2013-09-05,0,"no food"
"Standard","C-2013-9-5-16",3140,2013-09-05,248,2013,2014,"WET",9,5,0.588194444444444,"Seg1",16,25.54055,-80.31277,3,"Vert","Fish","Gulf Toadfish","Opsanus beta",0,0,0,0,30.5,8.06,118.5,"mesohaline",17.77,7.92,NA,68,109,77.5,37.1,26.95,0.478709677419355,0.347741935483871,36,1.1,0,0,62,13.4,636,0,0,"WET","16","2013",2013-09-05,0,"no food"
"Standard","C-2013-9-5-17",3140,2013-09-05,248,2013,2014,"WET",9,5,0.574305555555556,"Seg1",17,25.53746,-80.31338,3,"Vert","Fish","Gulf Toadfish","Opsanus beta",0,0,0,0,30.6,7.8,114.3,"mesohaline",16.87,7.88,NA,91,44,84,37,31.13,0.44047619047619,0.370595238095238,32,5,0,0,53,17.9,804,0,0,"WET","17","2013",2013-09-05,0,"no food"
"Standard","C-2013-9-5-18",3140,2013-09-05,248,2013,2014,"WET",9,5,0.547222222222222,"Seg2",18,25.53181,-80.32884,3,"Vert","Fish","Gulf Toadfish","Opsanus beta",1,1,0.333333333333333,0,29.5,5.88,79.2,"oligohaline",4.63,7.73,NA,76,7,76.5,24,46.7,0.313725490196078,0.610457516339869,0,16.5,0,7.5,8.5,19.7,911,0,0,"WET","18","2013",2013-09-05,0,"no food"
"Standard","C-2013-9-5-19",3140,2013-09-05,248,2013,2014,"WET",9,5,0.528472222222222,"Seg2",19,25.52556,-80.33116,3,"Vert","Fish","Gulf Toadfish","Opsanus beta",0,0,0,0,29,5.13,69.3,"mesohaline",6.25,7.76,NA,76,24,47.5,24.6,10.71,0.517894736842105,0.225473684210526,0,17.5,0,7.1,19,18.3,1232,0,0,"WET","19","2013",2013-09-05,0,"no food"
"Standard","C-2013-9-5-20",3140,2013-09-05,248,2013,2014,"WET",9,5,0.505555555555556,"Seg2",20,25.51823,-80.33098,3,"Vert","Fish","Gulf Toadfish","Opsanus beta",1,1,0.333333333333333,0,29.2,5.97,79,"oligohaline",2.68,7.85,NA,94,36,78,20,47.2,0.256410256410256,0.605128205128205,0,20,0,0,40,15,962,0,0,"WET","20","2013",2013-09-05,0,"no food"
"Standard","C-2013-9-5-21",3140,2013-09-05,248,2013,2014,"WET",9,5,0.489583333333333,"Seg2",21,25.5165,-80.33378,3,"Vert","Fish","Gulf Toadfish","Opsanus beta",1,2,0.666666666666667,0,29.1,7.17,95.3,"oligohaline",3.71,7.86,NA,93,28,86.5,25.1,59,0.290173410404624,0.682080924855491,0,13,0,12.1,23.5,25,1140,0,0,"WET","21","2013",2013-09-05,0,"no food"
"Standard","C-2013-9-5-22",3140,2013-09-05,248,2013,2014,"WET",9,5,0.476388888888889,"Seg2",22,25.51568,-80.33408,3,"Vert","Fish","Gulf Toadfish","Opsanus beta",0,0,0,0,28.9,5.91,78.1,"oligohaline",3.87,7.82,NA,93,67,65.5,38.5,10.7,0.587786259541985,0.163358778625954,0,24.5,0,14,47,30.5,1450,0,0,"WET","22","2013",2013-09-05,0,"no food"
"Standard","C-2013-9-5-23",3140,2013-09-05,248,2013,2014,"WET",9,5,0.4625,"Seg2",23,25.51439,-80.33479,3,"Vert","Fish","Gulf Toadfish","Opsanus beta",0,0,0,0,28.7,5.97,78.7,"oligohaline",3.94,7.78,NA,92,33,46.5,27.5,7.2,0.591397849462366,0.154838709677419,0,25,0,2.5,32,18.1,950,0,0,"WET","23","2013",2013-09-05,0,"no food"
"Standard","C-2013-9-5-24",3140,2013-09-05,248,2013,2014,"WET",9,5,0.447916666666667,"Seg2",24,25.51207,-80.33522,3,"Vert","Fish","Gulf Toadfish","Opsanus beta",0,0,0,0,28.6,5.82,77.2,"oligohaline",4.88,7.79,NA,93,47,48,35.5,2.8,0.739583333333333,0.0583333333333333,0,35.5,0,0,42.5,15.3,820,0,1,"WET","24","2013",2013-09-05,1,"food"
"Standard","C-2013-9-5-25",3140,2013-09-05,248,2013,2014,"WET",9,5,0.43125,"Seg2",25,25.5096,-80.33577,3,"Vert","Fish","Gulf Toadfish","Opsanus beta",0,0,0,0,28.3,5.02,66.9,"mesohaline",6.99,7.79,NA,91,46,59,26.5,20.3,0.449152542372881,0.34406779661017,0,26.5,0,0,30.5,16.4,515,0,0,"WET","25","2013",2013-09-05,0,"no food"
"Standard","C-2013-9-5-26",3140,2013-09-05,248,2013,2014,"WET",9,5,0.416666666666667,"Seg2",26,25.50563,-80.33363,3,"Vert","Fish","Gulf Toadfish","Opsanus beta",0,0,0,0,28.4,5.93,79.7,"mesohaline",7.87,7.88,NA,69,66,56.5,39,11.7,0.690265486725664,0.207079646017699,0,39,0,0,38.5,14.7,824,0,1,"WET","26","2013",2013-09-05,1,"food"
"Standard","C-2013-9-5-28",3140,2013-09-05,248,2013,2014,"WET",9,5,0.395833333333333,"Seg2",28,25.50508,-80.33656,3,"Vert","Fish","Gulf Toadfish","Opsanus beta",1,1,0.333333333333333,0,28.5,5.79,79.6,"mesohaline",11.94,7.8,NA,83,77,29.5,21.7,0.93,0.735593220338983,0.0315254237288136,0,21.2,0,0.5,37.5,15.5,360,0,0,"WET","28","2013",2013-09-05,0,"no food"
"Standard","C-2013-9-5-29",3140,2013-09-05,248,2013,2014,"WET",9,5,0.376388888888889,"Seg2",29,25.5046,-80.33756,3,"Vert","Fish","Gulf Toadfish","Opsanus beta",0,0,0,0,28.1,4.72,64.8,"mesohaline",12.57,7.72,NA,83,27,29.5,24.51,0.73,0.830847457627119,0.0247457627118644,2.51,21.5,0,0.5,29.5,14.8,820,0,0,"WET","29","2013",2013-09-05,0,"no food"
"Standard","C-2013-9-6-10",3141,2013-09-06,249,2013,2014,"WET",9,6,0.510416666666667,"Seg1",10,25.56949,-80.30263,3,"Vert","Fish","Gulf Toadfish","Opsanus beta",0,0,0,0,30,4.89,73.1,"polyhaline",22.1,7.92,NA,90,15,43,15,14.2,0.348837209302326,0.330232558139535,12,3,0,0,23.5,21,363,0,0,"WET","10","2013",2013-09-06,0,"no food"
"Standard","C-2013-9-6-11",3141,2013-09-06,249,2013,2014,"WET",9,6,0.489583333333333,"Seg1",11,25.56843,-80.30341,3,"Vert","Fish","Gulf Toadfish","Opsanus beta",0,0,0,0,30,5.69,84.8,"polyhaline",21.86,8.03,NA,85,51,56,43.6,3.6,0.778571428571429,0.0642857142857143,23.5,20.1,0,0,28.5,23,554,0,0,"WET","11","2013",2013-09-06,0,"no food"
"Standard","C-2013-9-6-12",3141,2013-09-06,249,2013,2014,"WET",9,6,0.454166666666667,"Seg1",12,25.5616,-80.30761,3,"Vert","Fish","Gulf Toadfish","Opsanus beta",0,0,0,0,29.1,3.95,57.9,"polyhaline",21.52,7.65,NA,100,34,56,24.2,21.2,0.432142857142857,0.378571428571429,8.7,15.5,0,0,31,29,760,0,0,"WET","12","2013",2013-09-06,0,"no food"
"Standard","C-2013-9-6-13",3141,2013-09-06,249,2013,2014,"WET",9,6,0.438194444444444,"Seg1",13,25.55797,-80.30758,3,"Vert","Fish","Gulf Toadfish","Opsanus beta",0,0,0,0,29,3.47,50.6,"polyhaline",21.4,7.74,NA,87,34,78,57.5,12.2,0.737179487179487,0.156410256410256,39,18.5,0,0,23,25.5,936,0,0,"WET","13","2013",2013-09-06,0,"no food"
"Standard","C-2013-9-6-14",3141,2013-09-06,249,2013,2014,"WET",9,6,0.40625,"Seg1",14,25.55182,-80.3101,3,"Vert","Fish","Gulf Toadfish","Opsanus beta",0,0,0,0,28.8,3.48,50.4,"polyhaline",21.09,7.67,NA,93,31,79,41.3,26.3,0.522784810126582,0.332911392405063,31.5,9.8,0,0,20.5,25.5,614,1,0,"WET","14","2013",2013-09-06,1,"food"
"Standard","C-2013-9-6-7",3141,2013-09-06,249,2013,2014,"WET",9,6,0.579861111111111,"Seg1",7,25.59453,-80.30785,3,"Vert","Fish","Gulf Toadfish","Opsanus beta",1,1,0.333333333333333,0,31.3,9.64,147.9,"polyhaline",22.96,8.03,NA,63,27,59,23.7,27.1,0.401694915254237,0.459322033898305,6.5,17.2,0,0,31.5,23,1119,2,0,"WET","7","2013",2013-09-06,2,"food"
"Standard","C-2013-9-6-8",3141,2013-09-06,249,2013,2014,"WET",9,6,0.541666666666667,"Seg1",8,25.57979,-80.30505,3,"Vert","Fish","Gulf Toadfish","Opsanus beta",0,0,0,0,31,7.01,107.1,"polyhaline",22.72,8.01,NA,56,0,76.5,11.8,52.9,0.154248366013072,0.691503267973856,0.5,11.3,0,0,6.5,13.5,1466,0,0,"WET","8","2013",2013-09-06,0,"no food"
"Standard","C-2013-9-6-9",3141,2013-09-06,249,2013,2014,"WET",9,6,0.526388888888889,"Seg1",9,25.57417,-80.30343,3,"Vert","Fish","Gulf Toadfish","Opsanus beta",0,0,0,0,30.6,6.13,91.2,"polyhaline",22.26,8.01,NA,65,17,42,17,11.8,0.404761904761905,0.280952380952381,17,0,0,0,22.5,15.5,1402,0,0,"WET","9","2013",2013-09-06,0,"no food"
"Standard","C-2013-9-8-1",3143,2013-09-08,251,2013,2014,"WET",9,8,0.522916666666667,"Seg1",1,25.62928,-80.28864,3,"Vert","Fish","Gulf Toadfish","Opsanus beta",1,2,0.666666666666667,0,29.8,5.81,88.1,"polyhaline",25.25,7.9,NA,110,89,51,40,0,0.784313725490196,0,0,40,0,0,79,29,891.3,0,0,"WET","1","2013",2013-09-08,0,"no food"
"Standard","C-2013-9-8-2",3143,2013-09-08,251,2013,2014,"WET",9,8,0.502777777777778,"Seg1",2,25.62391,-80.2992,3,"Vert","Fish","Gulf Toadfish","Opsanus beta",0,0,0,0,29.5,4.28,64.5,"polyhaline",24.79,7.96,NA,115,68,59,44.1,0.1,0.747457627118644,0.00169491525423729,3.6,40.5,0,0,43,25.5,1750.8,0,0,"WET","2","2013",2013-09-08,0,"no food"
"Standard","C-2013-9-8-3",3143,2013-09-08,251,2013,2014,"WET",9,8,0.482638888888889,"Seg1",3,25.61753,-80.30151,3,"Vert","Fish","Gulf Toadfish","Opsanus beta",0,0,0,0,30.1,4.42,67.4,"polyhaline",25.65,7.99,NA,104,65,86.5,51.8,17,0.598843930635838,0.196531791907514,26.7,25.1,0,0,59.5,4,1232.8,0,0,"WET","3","2013",2013-09-08,0,"no food"
"Standard","C-2013-9-8-4",3143,2013-09-08,251,2013,2014,"WET",9,8,0.468055555555556,"Seg1",4,25.61584,-80.3028,3,"Vert","Fish","Gulf Toadfish","Opsanus beta",0,0,0,0,29.7,3.18,48.1,"polyhaline",25.57,7.91,NA,78,0,66,55,5.2,0.833333333333333,0.0787878787878788,0,55,0,0,6.25,18,1808.4,0,0,"WET","4","2013",2013-09-08,0,"no food"
"Standard","C-2013-9-8-5",3143,2013-09-08,251,2013,2014,"WET",9,8,0.450694444444444,"Seg1",5,25.61386,-80.30614,3,"Vert","Fish","Gulf Toadfish","Opsanus beta",0,0,0,0,29.6,3.91,58.8,"polyhaline",24.56,7.88,NA,85,39,80.5,34.2,2,0.424844720496894,0.0248447204968944,0,34.2,0,0,23,14,1245.1,0,0,"WET","5","2013",2013-09-08,0,"no food"
"Standard","C-2013-9-8-6",3143,2013-09-08,251,2013,2014,"WET",9,8,0.4,"Seg1",6,25.60906,-80.30733,3,"Vert","Fish","Gulf Toadfish","Opsanus beta",1,1,0.333333333333333,0,28,2.4,34.9,"polyhaline",22,7.7,NA,60,67,100,15.3,22.5,0.153,0.225,0,15.3,0,0,53.5,13.5,31.9,0,0,"WET","6","2013",2013-09-08,0,"no food"
"Standard","C-2014-3-14-40",3330,2014-03-14,73,2014,2014,"DRY",3,14,0.514583333333333,"Seg2",40,25.45866,-80.33717,3,"Vert","Fish","Gulf Toadfish","Opsanus beta",0,0,0,0,22.1,7.66,103.1,"polyhaline",27.77,8.75,NA,NA,NA,88.5,23,39.9,0.259887005649718,0.450847457627119,23,0,0,0,17.5,10,NA,0,0,"DRY","40","2014",2014-03-14,0,"no food"
"Standard","C-2014-3-14-41",3330,2014-03-14,73,2014,2014,"DRY",3,14,0.497222222222222,"Seg2",41,25.45533,-80.33618,3,"Vert","Fish","Gulf Toadfish","Opsanus beta",0,0,0,0,21.5,7.62,101.7,"polyhaline",28.05,8.72,NA,NA,NA,81.5,17.1,41.3,0.209815950920245,0.506748466257669,17,0.1,0,0,24,11,NA,2,0,"DRY","41","2014",2014-03-14,2,"food"
"Standard","C-2014-3-14-42",3330,2014-03-14,73,2014,2014,"DRY",3,14,0.477777777777778,"Seg2",42,25.45021,-80.33076,3,"Vert","Fish","Gulf Toadfish","Opsanus beta",0,0,0,0,21.8,7.49,99.7,"polyhaline",26.9,8.73,NA,NA,NA,38,4.3,29,0.113157894736842,0.763157894736842,4.3,0,0,0,20,7,NA,0,0,"DRY","42","2014",2014-03-14,0,"no food"
"Standard","C-2014-3-14-43",3330,2014-03-14,73,2014,2014,"DRY",3,14,0.454861111111111,"Seg2",43,25.4447,-80.33113,3,"Vert","Fish","Gulf Toadfish","Opsanus beta",0,0,0,0,20.8,7.13,94.1,"polyhaline",28.6,8.66,NA,NA,NA,54.5,10.6,36.7,0.194495412844037,0.673394495412844,8.1,2.5,0,0,13,8.5,NA,3,0,"DRY","43","2014",2014-03-14,3,"food"
"Standard","C-2014-3-14-44",3330,2014-03-14,73,2014,2014,"DRY",3,14,0.425,"Seg2",44,25.44304,-80.33056,3,"Vert","Fish","Gulf Toadfish","Opsanus beta",0,0,0,0,21.4,6.69,88.8,"polyhaline",27.49,8.6,NA,NA,NA,65,21.1,37,0.324615384615385,0.569230769230769,13.5,7.6,0,0,38,14,NA,1,0,"DRY","44","2014",2014-03-14,1,"food"
"Standard","C-2014-3-14-45",3330,2014-03-14,73,2014,2014,"DRY",3,14,0.405555555555556,"Seg2",45,25.43766,-80.32431,3,"Vert","Fish","Gulf Toadfish","Opsanus beta",0,0,0,0,19.9,6.78,89.1,"euhaline",30.64,8.47,NA,NA,NA,91.5,13.5,67.8,0.147540983606557,0.740983606557377,13.5,0,0,0,6.66666666666667,9.5,NA,0,0,"DRY","45","2014",2014-03-14,0,"no food"
"Standard","C-2014-3-14-46",3330,2014-03-14,73,2014,2014,"DRY",3,14,0.389583333333333,"Seg2",46,25.43741,-80.32178,3,"Vert","Fish","Gulf Toadfish","Opsanus beta",0,0,0,0,20.5,6.57,87,"euhaline",30.08,8.29,NA,NA,NA,58,17.5,31.2,0.301724137931034,0.537931034482759,8,9.5,0,0,5,7.5,NA,0,0,"DRY","46","2014",2014-03-14,0,"no food"
"Standard","C-2014-3-14-47",3330,2014-03-14,73,2014,2014,"DRY",3,14,0.364583333333333,"Seg2",47,25.43715,-80.31919,3,"Vert","Fish","Gulf Toadfish","Opsanus beta",0,0,0,0,20.9,5.7,75.5,"polyhaline",28.55,8.01,NA,NA,NA,89.5,35,36.1,0.391061452513966,0.403351955307263,34,1,0,0,9,11.5,NA,0,0,"DRY","47","2014",2014-03-14,0,"no food"
"Standard","C-2014-3-15-27",3331,2014-03-15,74,2014,2014,"DRY",3,15,0.645138888888889,"Seg2",27,25.50378,-80.33263,3,"Vert","Fish","Gulf Toadfish","Opsanus beta",1,7,2.33333333333333,2,24.6,7.42,101.3,"polyhaline",21.57,8.9,NA,46,63,93,22.6,37,0.243010752688172,0.397849462365591,19.5,3.1,0,0,18.5,13.5,NA,0,0,"DRY","27","2014",2014-03-15,0,"no food"
"Standard","C-2014-3-15-28",3331,2014-03-15,74,2014,2014,"DRY",3,15,0.627083333333333,"Seg2",28,25.50511,-80.33662,3,"Vert","Fish","Gulf Toadfish","Opsanus beta",0,0,0,0,24.8,9.88,134,"polyhaline",21.56,8.95,NA,70,65,29.5,22.5,0.7,0.76271186440678,0.023728813559322,0,22.5,0,0,21.5,10.5,NA,2,2,"DRY","28","2014",2014-03-15,4,"food"
"Standard","C-2014-3-15-29",3331,2014-03-15,74,2014,2014,"DRY",3,15,0.613194444444444,"Seg2",29,25.50449,-80.33788,3,"Vert","Fish","Gulf Toadfish","Opsanus beta",1,2,0.666666666666667,0,24.6,9.22,126,"polyhaline",22.16,8.87,NA,59,42,81.5,39.8,1,0.488343558282209,0.0122699386503067,0.6,39.2,0,0,32.5,10.5,NA,0,0,"DRY","29","2014",2014-03-15,0,"no food"
"Standard","C-2014-3-15-30",3331,2014-03-15,74,2014,2014,"DRY",3,15,0.590277777777778,"Seg2",30,25.49727,-80.33932,3,"Vert","Fish","Gulf Toadfish","Opsanus beta",0,0,0,0,23.6,7.77,105.2,"polyhaline",23.37,8.81,NA,45,63,71,26,20,0.366197183098592,0.28169014084507,16.5,9.5,0,0,22,15,NA,0,0,"DRY","30","2014",2014-03-15,0,"no food"
"Standard","C-2014-3-15-31",3331,2014-03-15,74,2014,2014,"DRY",3,15,0.566666666666667,"Seg2",31,25.49326,-80.33881,3,"Vert","Fish","Gulf Toadfish","Opsanus beta",1,1,0.333333333333333,0,22.7,7.32,97,"polyhaline",21.81,8.8,NA,60,52,71.5,29,17.2,0.405594405594406,0.240559440559441,0,29,0,0,NA,14,NA,1,0,"DRY","31","2014",2014-03-15,1,"food"
"Standard","C-2014-3-15-32",3331,2014-03-15,74,2014,2014,"DRY",3,15,0.55,"Seg2",32,25.49034,-80.34029,3,"Vert","Fish","Gulf Toadfish","Opsanus beta",0,0,0,0,22.3,7.03,91.3,"polyhaline",20.69,8.81,NA,79,53,42.5,32.5,3.1,0.764705882352941,0.0729411764705882,0,32.5,0,0,26.5,9,NA,0,0,"DRY","32","2014",2014-03-15,0,"no food"
"Standard","C-2014-3-15-33",3331,2014-03-15,74,2014,2014,"DRY",3,15,0.531944444444444,"Seg2",33,25.48664,-80.34003,3,"Vert","Fish","Gulf Toadfish","Opsanus beta",1,1,0.333333333333333,0,22.4,9.98,127.5,"polyhaline",18.5,8.58,NA,75,14,52,38.6,5.4,0.742307692307692,0.103846153846154,0.1,38.5,0,0,18,14,NA,0,0,"DRY","33","2014",2014-03-15,0,"no food"
"Standard","C-2014-3-15-34",3331,2014-03-15,74,2014,2014,"DRY",3,15,0.5125,"Seg2",34,25.48505,-80.33983,3,"Vert","Fish","Gulf Toadfish","Opsanus beta",0,0,0,0,21.5,7.15,90.3,"polyhaline",18.21,8.74,NA,75,57,56.5,23.5,16.4,0.415929203539823,0.290265486725664,6,17.5,0,0,35.5,8.5,NA,0,0,"DRY","34","2014",2014-03-15,0,"no food"
"Standard","C-2014-3-15-35",3331,2014-03-15,74,2014,2014,"DRY",3,15,0.495138888888889,"Seg2",35,25.48031,-80.34032,3,"Vert","Fish","Gulf Toadfish","Opsanus beta",0,0,0,0,22.3,7.49,95.2,"mesohaline",17.48,8.76,NA,79,58,27,15.2,8.2,0.562962962962963,0.303703703703704,0.2,15,0,0,43,12,NA,0,0,"DRY","35","2014",2014-03-15,0,"no food"
"Standard","C-2014-3-15-38",3331,2014-03-15,74,2014,2014,"DRY",3,15,0.415277777777778,"Seg2",38,25.46945,-80.34007,3,"Vert","Fish","Gulf Toadfish","Opsanus beta",0,0,0,0,21.6,7.05,86.5,"mesohaline",13.21,8.6,NA,86,54,23.5,19,0.4,0.808510638297872,0.0170212765957447,0,19,0,0,60,10.5,NA,2,0,"DRY","38","2014",2014-03-15,2,"food"
"Standard","C-2014-3-15-39",3331,2014-03-15,74,2014,2014,"DRY",3,15,0.396527777777778,"Seg2",39,25.46575,-80.33765,3,"Vert","Fish","Gulf Toadfish","Opsanus beta",0,0,0,0,22.2,5.05,64.4,"polyhaline",19.09,8.37,NA,81,92,18,8.3,6.1,0.461111111111111,0.338888888888889,0.2,8.1,0,0,28.5,6,774.4,1,0,"DRY","39","2014",2014-03-15,1,"food"
"Standard","C-2014-3-16-17",3332,2014-03-16,75,2014,2014,"DRY",3,16,0.436805555555556,"Seg1",17,25.53753,-80.31329,3,"Vert","Fish","Gulf Toadfish","Opsanus beta",0,0,0,0,22.9,6.65,89.3,"polyhaline",23.94,8.61,NA,99,24,92.5,56.5,28.1,0.610810810810811,0.303783783783784,54,2.5,0,0,7,24,786.3,0,0,"DRY","17","2014",2014-03-16,0,"no food"
"Standard","C-2014-3-16-18",3332,2014-03-16,75,2014,2014,"DRY",3,16,0.484027777777778,"Seg2",18,25.53169,-80.3289,3,"Vert","Fish","Gulf Toadfish","Opsanus beta",1,2,0.666666666666667,0,22.9,7.63,101.1,"polyhaline",21.29,8.78,NA,79,1,63,20.5,33.8,0.325396825396825,0.536507936507936,0,20.5,0,0,2.2,28.5,NA,1,0,"DRY","18","2014",2014-03-16,1,"food"
"Standard","C-2014-3-16-19",3332,2014-03-16,75,2014,2014,"DRY",3,16,0.510416666666667,"Seg2",19,25.52548,-80.33122,3,"Vert","Fish","Gulf Toadfish","Opsanus beta",0,0,0,0,23,9.48,120.8,"mesohaline",15.4,8.81,NA,72,40,80.5,14.5,54.9,0.180124223602484,0.681987577639751,0,14.5,0,0,44.5,31.5,NA,0,0,"DRY","19","2014",2014-03-16,0,"no food"
"Standard","C-2014-3-16-20",3332,2014-03-16,75,2014,2014,"DRY",3,16,0.534722222222222,"Seg2",20,25.51806,-80.33081,3,"Vert","Fish","Gulf Toadfish","Opsanus beta",0,0,0,0,24.5,9.3,119.9,"mesohaline",12.57,8.81,NA,48,78,49,36,6.4,0.73469387755102,0.130612244897959,0,36,0,0,7,29.5,NA,0,0,"DRY","20","2014",2014-03-16,0,"no food"
"Standard","C-2014-3-16-21",3332,2014-03-16,75,2014,2014,"DRY",3,16,0.552083333333333,"Seg2",21,25.51657,-80.33371,3,"Vert","Fish","Gulf Toadfish","Opsanus beta",0,0,0,0,24.2,9.26,118.6,"mesohaline",12.68,8.75,NA,64,30,56,23.6,27.5,0.421428571428571,0.491071428571429,0.5,22.5,0,0.6,32.5,29,NA,0,0,"DRY","21","2014",2014-03-16,0,"no food"
"Standard","C-2014-3-16-22",3332,2014-03-16,75,2014,2014,"DRY",3,16,0.564583333333333,"Seg2",22,25.51571,-80.33408,3,"Vert","Fish","Gulf Toadfish","Opsanus beta",0,0,0,0,24,8.97,115.6,"mesohaline",13.57,8.74,NA,66,30,66.5,35,23.7,0.526315789473684,0.356390977443609,0,32.5,0,2.5,29.5,25,NA,0,0,"DRY","22","2014",2014-03-16,0,"no food"
"Standard","C-2014-3-16-23",3332,2014-03-16,75,2014,2014,"DRY",3,16,0.581944444444444,"Seg2",23,25.51448,-80.33495,3,"Vert","Fish","Gulf Toadfish","Opsanus beta",0,0,0,0,24.6,12.67,165,"mesohaline",14.42,8.91,NA,50,30,70,38.1,24.3,0.544285714285714,0.347142857142857,0.1,38,0,0,32.5,18.5,NA,0,0,"DRY","23","2014",2014-03-16,0,"no food"
"Standard","C-2014-3-16-24",3332,2014-03-16,75,2014,2014,"DRY",3,16,0.595833333333333,"Seg2",24,25.51195,-80.33509,3,"Vert","Fish","Gulf Toadfish","Opsanus beta",0,0,0,0,24.4,10.21,134.2,"mesohaline",16.62,8.85,NA,50,45,56,26,22.8,0.464285714285714,0.407142857142857,0,26,0,0,38,15.5,NA,0,0,"DRY","24","2014",2014-03-16,0,"no food"
"Standard","C-2014-3-16-25",3332,2014-03-16,75,2014,2014,"DRY",3,16,0.611805555555556,"Seg2",25,25.5096,-80.33576,3,"Vert","Fish","Gulf Toadfish","Opsanus beta",0,0,0,0,25.9,14.43,194.8,"mesohaline",17.45,9.08,NA,48,35,64.5,40.5,15.8,0.627906976744186,0.244961240310078,0,40.5,0,0,40,21,NA,0,0,"DRY","25","2014",2014-03-16,0,"no food"
"Standard","C-2014-3-16-26",3332,2014-03-16,75,2014,2014,"DRY",3,16,0.630555555555556,"Seg2",26,25.50563,-80.33363,3,"Vert","Fish","Gulf Toadfish","Opsanus beta",0,0,0,0,25.3,10.71,146.1,"polyhaline",21.5,9.02,NA,65,50,59,36.5,11.9,0.61864406779661,0.201694915254237,0,36.5,0,0,43.5,17.5,NA,1,0,"DRY","26","2014",2014-03-16,1,"food"
"Standard","C-2014-3-31-10",3347,2014-03-31,90,2014,2014,"DRY",3,31,0.560416666666667,"Seg1",10,25.56947,-80.30251,3,"Vert","Fish","Gulf Toadfish","Opsanus beta",0,0,0,0,22,6.01,81.7,"polyhaline",29.62,8.53,NA,52,58,45.5,21.1,17.7,0.463736263736264,0.389010989010989,12.1,9,0,0,55.5,17,864.4,0,0,"DRY","10","2014",2014-03-31,0,"no food"
"Standard","C-2014-3-31-11",3347,2014-03-31,90,2014,2014,"DRY",3,31,0.541666666666667,"Seg1",11,25.56857,-80.30329,3,"Vert","Fish","Gulf Toadfish","Opsanus beta",0,0,0,0,22.6,7.25,99.7,"polyhaline",29.5,8.63,NA,65,67,42,22.6,9.5,0.538095238095238,0.226190476190476,5.6,17,0,0,60,16,803.3,3,0,"DRY","11","2014",2014-03-31,3,"food"
"Standard","C-2014-3-31-12",3347,2014-03-31,90,2014,2014,"DRY",3,31,0.495138888888889,"Seg1",12,25.56171,-80.30768,3,"Vert","Fish","Gulf Toadfish","Opsanus beta",0,0,0,0,22.5,5.83,81.4,"polyhaline",28.69,8.51,NA,88,34,89,36,25.2,0.404494382022472,0.28314606741573,1.5,34.5,0,0,29.5,25,443.1,1,0,"DRY","12","2014",2014-03-31,1,"food"
"Standard","C-2014-3-31-13",3347,2014-03-31,90,2014,2014,"DRY",3,31,0.470833333333333,"Seg1",13,25.55799,-80.30758,3,"Vert","Fish","Gulf Toadfish","Opsanus beta",0,0,0,0,22.5,5.48,74.1,"polyhaline",28.31,8.51,NA,74,53,75.5,53.6,10.6,0.709933774834437,0.140397350993377,0.6,53,0,0,59,17.5,613.8,0,1,"DRY","13","2014",2014-03-31,1,"food"
"Standard","C-2014-3-31-14",3347,2014-03-31,90,2014,2014,"DRY",3,31,0.427777777777778,"Seg1",14,25.55181,-80.31013,3,"Vert","Fish","Gulf Toadfish","Opsanus beta",0,0,0,0,22.3,4.85,65.1,"polyhaline",26.13,8.54,NA,69,87,88,29.6,42.9,0.336363636363636,0.4875,11,18.6,0,0,69.4444444444444,18,452.7,1,1,"DRY","14","2014",2014-03-31,2,"food"
"Standard","C-2014-3-31-15",3347,2014-03-31,90,2014,2014,"DRY",3,31,0.408333333333333,"Seg1",15,25.54482,-80.31216,3,"Vert","Fish","Gulf Toadfish","Opsanus beta",1,1,0.333333333333333,0,21.9,5.23,69.7,"polyhaline",24.44,8.46,NA,68,34,40.5,4.8,32.1,0.118518518518519,0.792592592592593,4.2,0.6,0,0,86,5.5,560.7,1,0,"DRY","15","2014",2014-03-31,1,"food"
"Standard","C-2014-3-31-16",3347,2014-03-31,90,2014,2014,"DRY",3,31,0.384027777777778,"Seg1",16,25.54065,-80.31273,3,"Vert","Fish","Gulf Toadfish","Opsanus beta",0,0,0,0,22.4,3.74,49.4,"polyhaline",24.33,8.18,NA,51,93,56.5,29.1,23.5,0.515044247787611,0.415929203539823,8.6,20.5,0,0,81.5,10.5,646,0,0,"DRY","16","2014",2014-03-31,0,"no food"
"Standard","C-2014-3-31-9",3347,2014-03-31,90,2014,2014,"DRY",3,31,0.58125,"Seg1",9,25.57422,-80.30344,3,"Vert","Fish","Gulf Toadfish","Opsanus beta",1,1,0.333333333333333,0,23.4,8.19,110.7,"polyhaline",29.94,8.62,NA,39,21,62.5,32.5,5.1,0.52,0.0816,14.5,18,0,0,35.5,14,1618.1,0,0,"DRY","9","2014",2014-03-31,0,"no food"
"Standard","C-2014-4-1-2",3348,2014-04-01,91,2014,2014,"DRY",4,1,0.565277777777778,"Seg1",2,25.62399,-80.29913,3,"Vert","Fish","Gulf Toadfish","Opsanus beta",0,0,0,0,24.4,5.17,72.4,"polyhaline",27.39,8.8,NA,82,44,84.5,60.2,1.5,0.712426035502959,0.0177514792899408,0,60,0,0.2,48,43,NA,2,0,"DRY","2","2014",2014-04-01,2,"food"
"Standard","C-2014-4-1-3",3348,2014-04-01,91,2014,2014,"DRY",4,1,0.543055555555556,"Seg1",3,25.61757,-80.30142,3,"Vert","Fish","Gulf Toadfish","Opsanus beta",1,1,0.333333333333333,0,24.7,8.11,115.2,"polyhaline",29.33,8.93,NA,77,73,69.75,42.1,11.55,0.603584229390681,0.165591397849462,18.3,23.8,0,0,46.5,24,NA,1,0,"DRY","3","2014",2014-04-01,1,"food"
"Standard","C-2014-4-1-4",3348,2014-04-01,91,2014,2014,"DRY",4,1,0.529166666666667,"Seg1",4,25.61581,-80.30267,3,"Vert","Fish","Gulf Toadfish","Opsanus beta",0,0,0,0,24.2,8.15,115.3,"polyhaline",29.61,8.93,NA,64,3,61.5,16.1,38.5,0.261788617886179,0.626016260162602,0.6,15.5,0,0,2.2,13.5,NA,0,0,"DRY","4","2014",2014-04-01,0,"no food"
"Standard","C-2014-4-1-5",3348,2014-04-01,91,2014,2014,"DRY",4,1,0.510416666666667,"Seg1",5,25.61403,-80.30605,3,"Vert","Fish","Gulf Toadfish","Opsanus beta",0,0,0,0,23.7,5.72,78.7,"polyhaline",26.62,8.71,NA,88,13,40,22.5,1.5,0.5625,0.0375,0,22.5,0,0,14,24,NA,0,0,"DRY","5","2014",2014-04-01,0,"no food"
"Standard","C-2014-4-1-6",3348,2014-04-01,91,2014,2014,"DRY",4,1,0.46875,"Seg1",6,25.60913,-80.30741,3,"Vert","Fish","Gulf Toadfish","Opsanus beta",0,0,0,0,23.2,5.63,75,"polyhaline",22.71,8.69,NA,88,32,77,30.7,23,0.398701298701299,0.298701298701299,0.6,30,0,0.1,25.5,20,NA,0,0,"DRY","6","2014",2014-04-01,0,"no food"
"Standard","C-2014-4-1-7",3348,2014-04-01,91,2014,2014,"DRY",4,1,0.445138888888889,"Seg1",7,25.5949,-80.30795,3,"Vert","Fish","Gulf Toadfish","Opsanus beta",0,0,0,0,22.4,5.48,74.9,"polyhaline",29.19,8.62,NA,80,41,89.5,79.4,1,0.887150837988827,0.0111731843575419,0.2,75.5,0,3.7,44,23.5,NA,2,1,"DRY","7","2014",2014-04-01,3,"food"
"Standard","C-2014-4-1-8",3348,2014-04-01,91,2014,2014,"DRY",4,1,0.405555555555556,"Seg1",8,25.57985,-80.30509,3,"Vert","Fish","Gulf Toadfish","Opsanus beta",0,0,0,0,21.7,4.29,58.2,"euhaline",30.29,8.32,NA,63,0,48,18.5,12.7,0.385416666666667,0.264583333333333,16,2.5,0,0,6.66666666666667,11,NA,0,0,"DRY","8","2014",2014-04-01,0,"no food"
"Standard","C-2014-8-25-39",3494,2014-08-25,237,2014,2015,"WET",8,25,0.503472222222222,"Seg2",39,25.46566,-80.33759,3,"Vert","Fish","Gulf Toadfish","Opsanus beta",0,0,0,0,31.8,3.19,52.2,"euhaline",32.99,8.06,NA,100,72,24,10.6,6.3,0.441666666666667,0.2625,0,10.6,0,0,60.5,NA,547.9,0,0,"WET","39","2014",2014-08-25,0,"no food"
"Standard","C-2014-8-25-40",3494,2014-08-25,237,2014,2015,"WET",8,25,0.477083333333333,"Seg2",40,25.45862,-80.3372,3,"Vert","Fish","Gulf Toadfish","Opsanus beta",0,0,0,0,32,7.37,107.7,"euhaline",37.1,8.24,NA,96,71,51,26.5,17.6,0.519607843137255,0.345098039215686,26.5,0,0,0,49,NA,386.6,0,0,"WET","40","2014",2014-08-25,0,"no food"
"Standard","C-2014-8-25-41",3494,2014-08-25,237,2014,2015,"WET",8,25,0.461805555555556,"Seg2",41,25.45519,-80.33607,3,"Vert","Fish","Gulf Toadfish","Opsanus beta",0,0,0,0,31.3,3.11,51.3,"euhaline",36.13,8.12,NA,100,89,54.5,27.5,16.3,0.504587155963303,0.299082568807339,22.5,5,0,0,60.5,NA,1421.6,0,0,"WET","41","2014",2014-08-25,0,"no food"
"Standard","C-2014-8-25-42",3494,2014-08-25,237,2014,2015,"WET",8,25,0.444444444444444,"Seg2",42,25.45032,-80.33066,3,"Vert","Fish","Gulf Toadfish","Opsanus beta",0,0,0,0,31.8,2.77,46.3,"euhaline",37.45,8.08,NA,141,87,48.5,4.6,32,0.0948453608247423,0.65979381443299,3.1,1.5,0,0,49.5,NA,1014.7,0,0,"WET","42","2014",2014-08-25,0,"no food"
"Standard","C-2014-8-25-43",3494,2014-08-25,237,2014,2015,"WET",8,25,0.429166666666667,"Seg2",43,25.44461,-80.33104,3,"Vert","Fish","Gulf Toadfish","Opsanus beta",0,0,0,0,31.3,6.61,96,"euhaline",38.67,8.08,NA,87,132,42.5,23,8.6,0.541176470588235,0.202352941176471,12.3,10.7,0,0,59.5,NA,1138.6,0,0,"WET","43","2014",2014-08-25,0,"no food"
"Standard","C-2014-8-25-44",3494,2014-08-25,237,2014,2015,"WET",8,25,0.416666666666667,"Seg2",44,25.44299,-80.33038,3,"Vert","Fish","Gulf Toadfish","Opsanus beta",0,0,0,0,31.1,2.3,37.8,"euhaline",38.17,8.02,NA,82,121,45,36,1.8,0.8,0.04,1,35,0,0,57,NA,922.4,0,1,"WET","44","2014",2014-08-25,1,"food"
"Standard","C-2014-8-25-45",3494,2014-08-25,237,2014,2015,"WET",8,25,0.398611111111111,"Seg2",45,25.43759,-80.32419,3,"Vert","Fish","Gulf Toadfish","Opsanus beta",0,0,0,0,30.4,3.66,60.3,"euhaline",36.8,8.18,NA,91,106,85,21.5,51.3,0.252941176470588,0.603529411764706,21.5,0,0,0,24,NA,817.6,0,0,"WET","45","2014",2014-08-25,0,"no food"
"Standard","C-2014-8-25-46",3494,2014-08-25,237,2014,2015,"WET",8,25,0.384027777777778,"Seg2",46,25.43744,-80.32166,3,"Vert","Fish","Gulf Toadfish","Opsanus beta",0,0,0,0,30.1,3.95,64.2,"euhaline",36.78,8.22,NA,89,11,53,29.5,17.2,0.556603773584906,0.324528301886792,29,0.5,0,0,6.5,NA,964.7,0,0,"WET","46","2014",2014-08-25,0,"no food"
"Standard","C-2014-8-25-47",3494,2014-08-25,237,2014,2015,"WET",8,25,0.364583333333333,"Seg2",47,25.4371,-80.3194,3,"Vert","Fish","Gulf Toadfish","Opsanus beta",0,0,0,0,30.3,1.72,27.8,"euhaline",39.71,7.92,NA,104,48,89.5,64.5,15.2,0.720670391061452,0.169832402234637,64.5,0,0,0,12.5,NA,597.3,0,0,"WET","47","2014",2014-08-25,0,"no food"
"Standard","C-2014-8-26-27",3495,2014-08-26,238,2014,2015,"WET",8,26,0.572222222222222,"Seg2",27,25.50413,-80.33259,3,"Vert","Fish","Gulf Toadfish","Opsanus beta",0,0,0,0,30.1,4.15,62.2,"polyhaline",26.77,8,NA,91,58,51,36,2.4,0.705882352941177,0.0470588235294118,33,2.5,0,0.5,62.5,NA,1450,1,0,"WET","27","2014",2014-08-26,1,"food"
"Standard","C-2014-8-26-28",3495,2014-08-26,238,2014,2015,"WET",8,26,0.588888888888889,"Seg2",28,25.50511,-80.33649,3,"Vert","Fish","Gulf Toadfish","Opsanus beta",0,0,0,0,29.7,4.33,66.5,"polyhaline",27.11,7.92,NA,124,43,17.5,12,0.2,0.685714285714286,0.0114285714285714,0,12,0,0,30.5,NA,373,1,0,"WET","28","2014",2014-08-26,1,"food"
"Standard","C-2014-8-26-29",3495,2014-08-26,238,2014,2015,"WET",8,26,0.556944444444444,"Seg2",29,25.50463,-80.33762,3,"Vert","Fish","Gulf Toadfish","Opsanus beta",0,0,0,0,29.8,6.32,95.8,"polyhaline",26.63,8.02,NA,122,37,20,14.5,1,0.725,0.05,0.5,14,0,0,26.5,NA,1021,0,0,"WET","29","2014",2014-08-26,0,"no food"
"Standard","C-2014-8-26-30",3495,2014-08-26,238,2014,2015,"WET",8,26,0.536805555555556,"Seg2",30,25.49722,-80.33919,3,"Vert","Fish","Gulf Toadfish","Opsanus beta",0,0,0,0,29.5,3.6,56.4,"polyhaline",28.77,7.95,NA,112,53,48.5,28.6,5.7,0.589690721649485,0.117525773195876,24,4.6,0,0,71,NA,1269,1,0,"WET","30","2014",2014-08-26,1,"food"
"Standard","C-2014-8-26-31",3495,2014-08-26,238,2014,2015,"WET",8,26,0.517361111111111,"Seg2",31,25.49324,-80.3385,3,"Vert","Fish","Gulf Toadfish","Opsanus beta",0,0,0,0,29.2,4.23,64.5,"polyhaline",29.11,7.94,NA,126,41,69.5,3.7,34.5,0.0532374100719425,0.496402877697842,0.2,3.5,0,0,33,NA,822,1,0,"WET","31","2014",2014-08-26,1,"food"
"Standard","C-2014-8-26-32",3495,2014-08-26,238,2014,2015,"WET",8,26,0.501388888888889,"Seg2",32,25.49031,-80.34013,3,"Vert","Fish","Gulf Toadfish","Opsanus beta",0,0,0,0,29.6,4.5,69.8,"polyhaline",29.85,8.08,NA,142,38,48.5,0,4,0,0.0824742268041237,0,0,0,0,36.5,NA,1367,0,0,"WET","32","2014",2014-08-26,0,"no food"
"Standard","C-2014-8-26-33",3495,2014-08-26,238,2014,2015,"WET",8,26,0.475,"Seg2",33,25.48693,-80.33995,3,"Vert","Fish","Gulf Toadfish","Opsanus beta",0,0,0,0,29.5,4.07,62.6,"polyhaline",29.26,8.01,NA,137,38,60.6,27.7,9.5,0.457095709570957,0.156765676567657,16.6,11.1,0,0,66,NA,1058,0,0,"WET","33","2014",2014-08-26,0,"no food"
"Standard","C-2014-8-26-34",3495,2014-08-26,238,2014,2015,"WET",8,26,0.458333333333333,"Seg2",34,25.48524,-80.33973,3,"Vert","Fish","Gulf Toadfish","Opsanus beta",0,0,0,0,29.4,3.62,55.3,"polyhaline",29.46,7.94,NA,138,47,59.5,21.7,12.3,0.364705882352941,0.20672268907563,14.6,7.1,0,0,38.5,NA,606,0,0,"WET","34","2014",2014-08-26,0,"no food"
"Standard","C-2014-8-26-35",3495,2014-08-26,238,2014,2015,"WET",8,26,0.441666666666667,"Seg2",35,25.48014,-80.3403,3,"Vert","Fish","Gulf Toadfish","Opsanus beta",0,0,0,0,29.4,4.17,63.9,"polyhaline",28.08,7.95,NA,121,47,16,10,1.8,0.625,0.1125,0,10,0,0,42,NA,806,0,0,"WET","35","2014",2014-08-26,0,"no food"
"Standard","C-2014-8-26-36",3495,2014-08-26,238,2014,2015,"WET",8,26,0.427083333333333,"Seg2",36,25.47972,-80.34032,3,"Vert","Fish","Gulf Toadfish","Opsanus beta",0,0,0,0,29.2,3.37,50.6,"polyhaline",28.1,7.91,NA,98,76,16,9.7,3,0.60625,0.1875,0,9.7,0,0,40.5,NA,1007,2,0,"WET","36","2014",2014-08-26,2,"food"
"Standard","C-2014-8-26-37",3495,2014-08-26,238,2014,2015,"WET",8,26,0.4125,"Seg2",37,25.47713,-80.34032,3,"Vert","Fish","Gulf Toadfish","Opsanus beta",0,0,0,0,29,3,45.5,"polyhaline",29.24,7.87,NA,140,86,48,17.1,4.4,0.35625,0.0916666666666667,3.6,13.5,0,0,37.5,NA,266,1,0,"WET","37","2014",2014-08-26,1,"food"
"Standard","C-2014-8-26-38",3495,2014-08-26,238,2014,2015,"WET",8,26,0.371527777777778,"Seg2",38,25.46956,-80.34013,3,"Vert","Fish","Gulf Toadfish","Opsanus beta",0,0,0,0,28.6,3.63,53.7,"polyhaline",21.25,7.78,NA,100,73,23.5,19,0.8,0.808510638297872,0.0340425531914894,0,19,0,0,42.5,NA,545,0,0,"WET","38","2014",2014-08-26,0,"no food"
"Standard","C-2014-8-27-18",3496,2014-08-27,239,2014,2015,"WET",8,27,0.392361111111111,"Seg2",18,25.53185,-80.32884,3,"Vert","Fish","Gulf Toadfish","Opsanus beta",0,0,0,0,28.6,2.09,30.8,"polyhaline",22.05,7.58,NA,80,10,68,52.5,0.9,0.772058823529412,0.0132352941176471,0,52.5,0,0,7,NA,417.3,0,0,"WET","18","2014",2014-08-27,0,"no food"
"Standard","C-2014-8-27-19",3496,2014-08-27,239,2014,2015,"WET",8,27,0.413194444444444,"Seg2",19,25.52553,-80.33107,3,"Vert","Fish","Gulf Toadfish","Opsanus beta",0,0,0,0,28.2,4.8,60.3,"polyhaline",23.3,7.64,NA,96,13,73,50.5,2,0.691780821917808,0.0273972602739726,0,50.5,0,0,13.5,NA,641.4,0,0,"WET","19","2014",2014-08-27,0,"no food"
"Standard","C-2014-8-27-20",3496,2014-08-27,239,2014,2015,"WET",8,27,0.430555555555556,"Seg2",20,25.51831,-80.33093,3,"Vert","Fish","Gulf Toadfish","Opsanus beta",0,0,0,0,28.7,3.36,50,"polyhaline",24.76,7.8,NA,106,34,71,49,2.3,0.690140845070423,0.0323943661971831,0,49,0,0,24,NA,1010.4,0,0,"WET","20","2014",2014-08-27,0,"no food"
"Standard","C-2014-8-27-21",3496,2014-08-27,239,2014,2015,"WET",8,27,0.45,"Seg2",21,25.51657,-80.33366,3,"Vert","Fish","Gulf Toadfish","Opsanus beta",0,0,0,0,28.7,4.63,68.8,"polyhaline",23.98,7.81,NA,131,26,62,39.5,2.8,0.637096774193548,0.0451612903225806,0,39.5,0,0,28,NA,892.4,1,0,"WET","21","2014",2014-08-27,1,"food"
"Standard","C-2014-8-27-22",3496,2014-08-27,239,2014,2015,"WET",8,27,0.466666666666667,"Seg2",22,25.5155,-80.33414,3,"Vert","Fish","Gulf Toadfish","Opsanus beta",0,0,0,0,29.1,4.01,59.8,"polyhaline",24.13,7.85,NA,100,48,61,47.5,0.5,0.778688524590164,0.00819672131147541,0,47.5,0,0,21,NA,957,0,0,"WET","22","2014",2014-08-27,0,"no food"
"Standard","C-2014-8-27-23",3496,2014-08-27,239,2014,2015,"WET",8,27,0.489583333333333,"Seg2",23,25.51413,-80.33489,3,"Vert","Fish","Gulf Toadfish","Opsanus beta",0,0,0,0,29.4,4.9,73.6,"polyhaline",24.58,7.98,NA,103,37,51.5,31,4.1,0.601941747572815,0.0796116504854369,0,31,0,0,22.5,NA,1033.9,0,0,"WET","23","2014",2014-08-27,0,"no food"
"Standard","C-2014-8-27-24",3496,2014-08-27,239,2014,2015,"WET",8,27,0.50625,"Seg2",24,25.51215,-80.33519,3,"Vert","Fish","Gulf Toadfish","Opsanus beta",0,0,0,0,29.6,5.2,79.6,"polyhaline",25.22,8.02,NA,104,54,79,58.2,5.9,0.736708860759494,0.0746835443037975,0.2,58,0,0,21,NA,1085.4,0,0,"WET","24","2014",2014-08-27,0,"no food"
"Standard","C-2014-8-27-25",3496,2014-08-27,239,2014,2015,"WET",8,27,0.520833333333333,"Seg2",25,25.50941,-80.33562,3,"Vert","Fish","Gulf Toadfish","Opsanus beta",0,0,0,0,29.6,5.4,80.5,"polyhaline",24.09,7.98,NA,103,56,96,5.8,53.7,0.0604166666666667,0.559375,0,5.8,0,0,37,NA,1095.7,0,0,"WET","25","2014",2014-08-27,0,"no food"
"Standard","C-2014-8-27-26",3496,2014-08-27,239,2014,2015,"WET",8,27,0.541666666666667,"Seg2",26,25.5056,-80.33359,3,"Vert","Fish","Gulf Toadfish","Opsanus beta",0,0,0,0,29.6,6.1,92.4,"polyhaline",24.73,8.03,NA,106,54,63.5,46,1.3,0.724409448818898,0.0204724409448819,0.5,45.5,0,0,26.5,NA,1182.2,0,0,"WET","26","2014",2014-08-27,0,"no food"
"Standard","C-2014-9-8-1",3508,2014-09-08,251,2014,2015,"WET",9,8,0.365972222222222,"Seg1",1,25.62928,-80.28844,3,"Vert","Fish","Gulf Toadfish","Opsanus beta",0,0,0,0,28.8,2.35,36.6,"euhaline",38.87,7.75,NA,98,72,82,36.7,32.52,0.447560975609756,0.396585365853659,9.5,24,0,3.2,92,NA,376,0,0,"WET","1","2014",2014-09-08,0,"no food"
"Standard","C-2014-9-9-10",3509,2014-09-09,252,2014,2015,"WET",9,9,0.406944444444444,"Seg1",10,25.56931,-80.30262,3,"Vert","Fish","Gulf Toadfish","Opsanus beta",0,0,0,0,27.7,2.93,43.3,"polyhaline",28.13,7.51,NA,90,25,59,28.5,20.6,0.483050847457627,0.349152542372881,12.5,16,0,0,49.5,NA,157.12,1,0,"WET","10","2014",2014-09-09,1,"food"
"Standard","C-2014-9-9-11",3509,2014-09-09,252,2014,2015,"WET",9,9,0.423611111111111,"Seg1",11,25.56846,-80.3034,3,"Vert","Fish","Gulf Toadfish","Opsanus beta",0,0,0,0,28.1,2.32,34.6,"polyhaline",28.09,7.56,NA,92,17,36.5,30,1.5,0.821917808219178,0.0410958904109589,12.5,17.5,0,0,59.5,NA,188.48,0,0,"WET","11","2014",2014-09-09,0,"no food"
"Standard","C-2014-9-9-12",3509,2014-09-09,252,2014,2015,"WET",9,9,0.454861111111111,"Seg1",12,25.56171,-80.30757,3,"Vert","Fish","Gulf Toadfish","Opsanus beta",0,0,0,0,28.5,4,60.1,"polyhaline",27.91,7.57,NA,103,27,54.5,0,28,0,0.513761467889908,0,0,0,0,29.5,NA,673.3,0,0,"WET","12","2014",2014-09-09,0,"no food"
"Standard","C-2014-9-9-13",3509,2014-09-09,252,2014,2015,"WET",9,9,0.471527777777778,"Seg1",13,25.55794,-80.30757,3,"Vert","Fish","Gulf Toadfish","Opsanus beta",0,0,0,0,28.6,4.28,64.5,"polyhaline",27.72,7.58,NA,90,12,57.5,8.2,28.3,0.142608695652174,0.492173913043478,1.1,7.1,0,0,44.5,NA,538.8,0,0,"WET","13","2014",2014-09-09,0,"no food"
"Standard","C-2014-9-9-14",3509,2014-09-09,252,2014,2015,"WET",9,9,0.503472222222222,"Seg1",14,25.55184,-80.31007,3,"Vert","Fish","Gulf Toadfish","Opsanus beta",0,0,0,0,29.2,3.27,49.7,"polyhaline",27.76,7.64,NA,105,50,36.5,6.5,9.6,0.178082191780822,0.263013698630137,0,6.5,0,0,70,NA,471.2,0,0,"WET","14","2014",2014-09-09,0,"no food"
"Standard","C-2014-9-9-15",3509,2014-09-09,252,2014,2015,"WET",9,9,0.525694444444444,"Seg1",15,25.54484,-80.31213,3,"Vert","Fish","Gulf Toadfish","Opsanus beta",0,0,0,0,29.4,4.79,73.9,"polyhaline",27.01,7.77,NA,110,40,46,4.5,38.1,0.0978260869565217,0.828260869565217,4.5,0,0,0,70.5,NA,889.7,0,0,"WET","15","2014",2014-09-09,0,"no food"
"Standard","C-2014-9-9-16",3509,2014-09-09,252,2014,2015,"WET",9,9,0.541666666666667,"Seg1",16,25.54063,-80.31271,3,"Vert","Fish","Gulf Toadfish","Opsanus beta",0,0,0,0,29.1,4.25,64.3,"polyhaline",26.53,7.61,NA,102,43,37.5,19,6.3,0.506666666666667,0.168,14,5,0,0,75.5,NA,692.6,0,0,"WET","16","2014",2014-09-09,0,"no food"
"Standard","C-2014-9-9-17",3509,2014-09-09,252,2014,2015,"WET",9,9,0.558333333333333,"Seg1",17,25.53753,-80.31337,3,"Vert","Fish","Gulf Toadfish","Opsanus beta",0,0,0,0,29.5,3.83,58.6,"polyhaline",25.85,7.71,NA,90,20,75.5,35.1,16.3,0.464900662251656,0.215894039735099,19.1,16,0,0,65,NA,820.9,0,0,"WET","17","2014",2014-09-09,0,"no food"
"Standard","C-2014-9-9-7",3509,2014-09-09,252,2014,2015,"WET",9,9,0.331944444444444,"Seg1",7,25.59457,-80.30779,3,"Vert","Fish","Gulf Toadfish","Opsanus beta",0,0,0,0,27.9,1.33,20,"polyhaline",29.17,7.61,NA,63,26,70,39.6,7.2,0.565714285714286,0.102857142857143,21.5,18.1,0,0,40,NA,35.55,2,0,"WET","7","2014",2014-09-09,2,"food"
"Standard","C-2014-9-9-8",3509,2014-09-09,252,2014,2015,"WET",9,9,0.375,"Seg1",8,25.57966,-80.30501,3,"Vert","Fish","Gulf Toadfish","Opsanus beta",0,0,0,0,27.6,2.45,36.5,"polyhaline",28.72,7.54,NA,68,0,35,1.1,30.5,0.0314285714285714,0.871428571428571,0,1.1,0,0,2,NA,68.22,0,0,"WET","8","2014",2014-09-09,0,"no food"
"Standard","C-2014-9-9-9",3509,2014-09-09,252,2014,2015,"WET",9,9,0.388888888888889,"Seg1",9,25.57402,-80.30343,3,"Vert","Fish","Gulf Toadfish","Opsanus beta",0,0,0,0,27.5,2.02,30.5,"polyhaline",28.33,7.51,NA,83,17,53,38.6,6,0.728301886792453,0.113207547169811,22,16.6,0,0,33,NA,77.4,0,0,"WET","9","2014",2014-09-09,0,"no food"
"Standard","C-2015-3-17-42",3698,2015-03-17,76,2015,2015,"DRY",3,17,0.527777777777778,"Seg2",42,25.4507,-80.33057,3,"Vert","Fish","Gulf Toadfish","Opsanus beta",0,0,0,0,28.1,9.1,139.9,"euhaline",32.93,8.24,NA,55,90,76.5,8.1,57.5,0.105882352941176,0.751633986928105,8.1,0,0,0,85.5,NA,2013,0,0,"DRY","42","2015",2015-03-17,0,"no food"
"Standard","C-2015-3-17-43",3698,2015-03-17,76,2015,2015,"DRY",3,17,0.496527777777778,"Seg2",43,25.4451,-80.33103,3,"Vert","Fish","Gulf Toadfish","Opsanus beta",0,0,0,0,28,7.99,122.7,"euhaline",33.26,8.17,NA,45,90,91.6666666666667,17.2222222222222,57.4444444444444,0.187878787878788,0.626666666666667,17.2222222222222,0,0,0,88.5,NA,1862.2,2,0,"DRY","43","2015",2015-03-17,2,"food"
"Standard","C-2015-3-17-44",3698,2015-03-17,76,2015,2015,"DRY",3,17,0.470833333333333,"Seg2",44,25.44301,-80.33028,3,"Vert","Fish","Gulf Toadfish","Opsanus beta",0,0,0,0,26.2,6.42,96,"euhaline",33.71,8.08,NA,43,100,72.5,24.5,34.6,0.337931034482759,0.477241379310345,6.5,18,0,0,100,NA,2003,0,0,"DRY","44","2015",2015-03-17,0,"no food"
"Standard","C-2015-3-17-45",3698,2015-03-17,76,2015,2015,"DRY",3,17,0.440972222222222,"Seg2",45,25.4377,-80.32431,3,"Vert","Fish","Gulf Toadfish","Opsanus beta",0,0,0,0,26.6,6.83,103,"euhaline",33.79,8.05,NA,83,81,84.5,8,72.2,0.0946745562130177,0.854437869822485,8,0,0,0,95,NA,1425.9,0,0,"DRY","45","2015",2015-03-17,0,"no food"
"Standard","C-2015-3-17-46",3698,2015-03-17,76,2015,2015,"DRY",3,17,0.417361111111111,"Seg2",46,25.43741,-80.32182,3,"Vert","Fish","Gulf Toadfish","Opsanus beta",0,0,0,0,26.3,5.45,81.7,"euhaline",33.74,8.01,NA,42,7,76.6666666666667,16.7777777777778,31.2222222222222,0.218840579710145,0.407246376811594,15.5555555555556,1.22222222222222,0,0,12,NA,1316.3,0,0,"DRY","46","2015",2015-03-17,0,"no food"
"Standard","C-2015-3-17-47",3698,2015-03-17,76,2015,2015,"DRY",3,17,0.347222222222222,"Seg2",47,25.43719,-80.3194,3,"Vert","Fish","Gulf Toadfish","Opsanus beta",0,0,0,0,25.8,4.91,73.2,"euhaline",34.62,8.03,NA,97,78,86,60.5,12,0.703488372093023,0.13953488372093,60.5,0,0,0,54.5,NA,351.1,0,0,"DRY","47","2015",2015-03-17,0,"no food"
"Standard","C-2015-3-18-32",3699,2015-03-18,77,2015,2015,"DRY",3,18,0.591666666666667,"Seg2",32,25.49019,-80.33996,3,"Vert","Fish","Gulf Toadfish","Opsanus beta",0,0,0,0,28.3,5.58,83.1,"polyhaline",26.26,8.1,NA,66,29,42.5,26,8.1,0.611764705882353,0.190588235294118,3,23,0,0,59.5,NA,681.6,1,0,"DRY","32","2015",2015-03-18,1,"food"
"Standard","C-2015-3-18-33",3699,2015-03-18,77,2015,2015,"DRY",3,18,0.565277777777778,"Seg2",33,25.48681,-80.34,3,"Vert","Fish","Gulf Toadfish","Opsanus beta",1,2,0.666666666666667,0,27.9,6.42,95.2,"polyhaline",27.45,8.08,NA,63,26,65.5,42,12.2,0.641221374045801,0.186259541984733,21,21,0,0,44.5,NA,1890.9,2,1,"DRY","33","2015",2015-03-18,3,"food"
"Standard","C-2015-3-18-34",3699,2015-03-18,77,2015,2015,"DRY",3,18,0.545138888888889,"Seg2",34,25.48525,-80.33966,3,"Vert","Fish","Gulf Toadfish","Opsanus beta",0,0,0,0,26,6.19,91.3,"polyhaline",27.77,8.06,NA,70,35,79.5,16.5,34.7,0.207547169811321,0.436477987421384,12.5,4,0,0,36.5,NA,813.8,3,0,"DRY","34","2015",2015-03-18,3,"food"
"Standard","C-2015-3-18-36",3699,2015-03-18,77,2015,2015,"DRY",3,18,0.49375,"Seg2",36,25.48012,-80.34027,3,"Vert","Fish","Gulf Toadfish","Opsanus beta",0,0,0,0,28.6,5.9,90,"polyhaline",29.7,8.09,NA,76,50,34.5,22.8,5.9,0.660869565217391,0.171014492753623,0.3,22.5,0,0,39,NA,1595.7,3,0,"DRY","36","2015",2015-03-18,3,"food"
"Standard","C-2015-3-18-37",3699,2015-03-18,77,2015,2015,"DRY",3,18,0.470138888888889,"Seg2",37,25.47716,-80.34018,3,"Vert","Fish","Gulf Toadfish","Opsanus beta",0,0,0,0,26.6,3.61,53.1,"polyhaline",29.62,7.96,NA,78,48,53.5,38.6,7.2,0.721495327102804,0.134579439252336,27.1,11.5,0,0,32,NA,1550.7,2,0,"DRY","37","2015",2015-03-18,2,"food"
"Standard","C-2015-3-18-38",3699,2015-03-18,77,2015,2015,"DRY",3,18,0.445138888888889,"Seg2",38,25.46941,-80.34002,3,"Vert","Fish","Gulf Toadfish","Opsanus beta",0,0,0,0,28.4,4.15,65.2,"euhaline",31.53,8.09,NA,91,61,65,44.5,12.5,0.684615384615385,0.192307692307692,0,44.5,0,0,56,NA,1221.9,1,0,"DRY","38","2015",2015-03-18,1,"food"
"Standard","C-2015-3-18-39",3699,2015-03-18,77,2015,2015,"DRY",3,18,0.416666666666667,"Seg2",39,25.46568,-80.33752,3,"Vert","Fish","Gulf Toadfish","Opsanus beta",0,0,0,0,27.4,3.53,51.4,"euhaline",31.62,8.05,NA,101,49,22,12,5.2,0.545454545454545,0.236363636363636,0,12,0,0,69.5,NA,1093,0,0,"DRY","39","2015",2015-03-18,0,"no food"
"Standard","C-2015-3-18-40",3699,2015-03-18,77,2015,2015,"DRY",3,18,0.366666666666667,"Seg2",40,25.45879,-80.33721,3,"Vert","Fish","Gulf Toadfish","Opsanus beta",0,0,0,0,24.8,2.4,34.6,"euhaline",31.54,8.02,NA,95,60,87.7777777777778,17.7777777777778,39.6666666666667,0.20253164556962,0.451898734177215,17.7777777777778,0,0,0,38,NA,531.3,1,0,"DRY","40","2015",2015-03-18,1,"food"
"Standard","C-2015-3-18-41",3699,2015-03-18,77,2015,2015,"DRY",3,18,0.39375,"Seg2",41,25.45522,-80.33607,3,"Vert","Fish","Gulf Toadfish","Opsanus beta",0,0,0,0,25,3.85,54.8,"euhaline",32.29,8.07,NA,95,80,90.5,33,51.5,0.364640883977901,0.569060773480663,33,0,0,0,80,NA,831.8,0,0,"DRY","41","2015",2015-03-18,0,"no food"
"Standard","C-2015-3-19-22",3700,2015-03-19,78,2015,2015,"DRY",3,19,0.581944444444444,"Seg2",22,25.51555,-80.33398,3,"Vert","Fish","Gulf Toadfish","Opsanus beta",0,0,0,0,27.4,8.45,122.1,"polyhaline",23.65,8.19,NA,75,30,39.4444444444444,30,4.44444444444444,0.76056338028169,0.112676056338028,0,30,0,0,47.7777777777778,NA,1549.3,1,1,"DRY","22","2015",2015-03-19,2,"food"
"Standard","C-2015-3-19-23",3700,2015-03-19,78,2015,2015,"DRY",3,19,0.563194444444444,"Seg2",23,25.51429,-80.33479,3,"Vert","Fish","Gulf Toadfish","Opsanus beta",0,0,0,0,27.7,7.6,110,"polyhaline",22.97,8.25,NA,70,35,66,53.5,4.4,0.810606060606061,0.0666666666666667,0,53.5,0,0,26,NA,1421.3,0,1,"DRY","23","2015",2015-03-19,1,"food"
"Standard","C-2015-3-19-24",3700,2015-03-19,78,2015,2015,"DRY",3,19,0.544444444444444,"Seg2",24,25.51215,-80.33521,3,"Vert","Fish","Gulf Toadfish","Opsanus beta",0,0,0,0,27.1,5.75,82.7,"polyhaline",23.66,8.14,NA,60,50,48.5,27.6,11.4,0.569072164948454,0.235051546391753,1.1,26.5,0,0,40,NA,318.9,1,0,"DRY","24","2015",2015-03-19,1,"food"
"Standard","C-2015-3-19-25",3700,2015-03-19,78,2015,2015,"DRY",3,19,0.526388888888889,"Seg2",25,25.5097,-80.33573,3,"Vert","Fish","Gulf Toadfish","Opsanus beta",0,0,0,0,26.6,4.52,64,"polyhaline",23.11,8.1,NA,64,30,52,20.5,10.5,0.394230769230769,0.201923076923077,0,20.5,0,0,37.5,NA,1560.8,0,0,"DRY","25","2015",2015-03-19,0,"no food"
"Standard","C-2015-3-19-26",3700,2015-03-19,78,2015,2015,"DRY",3,19,0.509027777777778,"Seg2",26,25.50575,-80.33366,3,"Vert","Fish","Gulf Toadfish","Opsanus beta",0,0,0,0,27.2,6.19,89.9,"polyhaline",25.33,8.21,NA,78,75,48.5,33.5,6.3,0.690721649484536,0.129896907216495,3.5,30,0,0,79.5,NA,1436.7,0,0,"DRY","26","2015",2015-03-19,0,"no food"
"Standard","C-2015-3-19-27",3700,2015-03-19,78,2015,2015,"DRY",3,19,0.490277777777778,"Seg2",27,25.50415,-80.33254,3,"Vert","Fish","Gulf Toadfish","Opsanus beta",0,0,0,0,26.7,5.33,76.7,"polyhaline",25.31,8.21,NA,85,65,86,61.6,17.6,0.716279069767442,0.204651162790698,47,14.6,0,0,63.5,NA,1371.7,0,0,"DRY","27","2015",2015-03-19,0,"no food"
"Standard","C-2015-3-19-28",3700,2015-03-19,78,2015,2015,"DRY",3,19,0.46875,"Seg2",28,25.50499,-80.33662,3,"Vert","Fish","Gulf Toadfish","Opsanus beta",0,0,0,0,26.2,5.41,76.9,"polyhaline",24.7,8.2,NA,104,70,22.2222222222222,11,1.3,0.495,0.0585,2.5,8.5,0,0,44,NA,469.3,0,0,"DRY","28","2015",2015-03-19,0,"no food"
"Standard","C-2015-3-19-29",3700,2015-03-19,78,2015,2015,"DRY",3,19,0.447916666666667,"Seg2",29,25.50456,-80.33788,3,"Vert","Fish","Gulf Toadfish","Opsanus beta",0,0,0,0,26.3,3.59,51.2,"polyhaline",25.14,8.15,NA,105,25,57.5,14.6,31.6,0.253913043478261,0.549565217391304,5.1,9.5,0,0,28.5,NA,728.7,4,0,"DRY","29","2015",2015-03-19,4,"food"
"Standard","C-2015-3-19-30",3700,2015-03-19,78,2015,2015,"DRY",3,19,0.422222222222222,"Seg2",30,25.49725,-80.33925,3,"Vert","Fish","Gulf Toadfish","Opsanus beta",0,0,0,0,26.4,4.09,59.2,"polyhaline",27.41,8.14,NA,100,36,61,36,20,0.590163934426229,0.327868852459016,34,2,0,0,63,NA,1162.2,0,0,"DRY","30","2015",2015-03-19,0,"no food"
"Standard","C-2015-3-19-31",3700,2015-03-19,78,2015,2015,"DRY",3,19,0.391666666666667,"Seg2",31,25.49326,-80.33858,3,"Vert","Fish","Gulf Toadfish","Opsanus beta",0,0,0,0,26.3,2.16,31.3,"polyhaline",27.92,7.98,NA,90,40,93,18.4,23.7,0.197849462365591,0.254838709677419,4.4,14,0,0,42.5,NA,578.4,0,0,"DRY","31","2015",2015-03-19,0,"no food"
"Standard","C-2015-3-20-18",3701,2015-03-20,79,2015,2015,"DRY",3,20,0.48125,"Seg2",18,25.53195,-80.32872,3,"Vert","Fish","Gulf Toadfish","Opsanus beta",0,0,0,0,26.8,5.52,78.4,"polyhaline",22.54,8.13,NA,98,18,42,31,2.8,0.738095238095238,0.0666666666666667,0,31,0,0,5,NA,1402.1,0,0,"DRY","18","2015",2015-03-20,0,"no food"
"Standard","C-2015-3-20-19",3701,2015-03-20,79,2015,2015,"DRY",3,20,0.459027777777778,"Seg2",19,25.5253,-80.33108,3,"Vert","Fish","Gulf Toadfish","Opsanus beta",0,0,0,0,26.2,5.03,71,"polyhaline",23.33,8.21,NA,103,27,83.8888888888889,37.2222222222222,30.3333333333333,0.443708609271523,0.36158940397351,0,37.2222222222222,0,0,16.5,NA,1464.3,0,1,"DRY","19","2015",2015-03-20,1,"food"
"Standard","C-2015-3-20-20",3701,2015-03-20,79,2015,2015,"DRY",3,20,0.4375,"Seg2",20,25.51828,-80.33096,3,"Vert","Fish","Gulf Toadfish","Opsanus beta",0,0,0,0,26,5.64,79.9,"polyhaline",24.39,8.2,NA,105,15,56,48.6,2,0.867857142857143,0.0357142857142857,0,48.6,0,0,17.5,NA,1165.7,0,0,"DRY","20","2015",2015-03-20,0,"no food"
"Standard","C-2015-3-20-21",3701,2015-03-20,79,2015,2015,"DRY",3,20,0.411805555555556,"Seg2",21,25.51654,-80.33373,3,"Vert","Fish","Gulf Toadfish","Opsanus beta",0,0,0,0,26.1,4.94,70.2,"polyhaline",25.05,8.07,NA,86,34,36,30,0,0.833333333333333,0,0,30,0,0,26,NA,1048.5,1,0,"DRY","21","2015",2015-03-20,1,"food"
"Standard","C-2015-4-1-10",3713,2015-04-01,91,2015,2015,"DRY",4,1,0.503472222222222,"Seg1",10,25.56949,-80.30251,3,"Vert","Fish","Gulf Toadfish","Opsanus beta",0,0,0,0,24.7,3.92,56,"euhaline",30.12,8.23,NA,50,35,78,24,43.2,0.307692307692308,0.553846153846154,24,0,0,0,14.4444444444444,NA,1519,1,0,"DRY","10","2015",2015-04-01,1,"food"
"Standard","C-2015-4-1-11",3713,2015-04-01,91,2015,2015,"DRY",4,1,0.4875,"Seg1",11,25.56866,-80.30307,3,"Vert","Fish","Gulf Toadfish","Opsanus beta",0,0,0,0,25,4.6,66,"euhaline",30.07,8.22,NA,35,30,78,29,36.1,0.371794871794872,0.462820512820513,29,0,0,0,15,NA,1945.2,2,0,"DRY","11","2015",2015-04-01,2,"food"
"Standard","C-2015-4-1-12",3713,2015-04-01,91,2015,2015,"DRY",4,1,0.452083333333333,"Seg1",12,25.56178,-80.30757,3,"Vert","Fish","Gulf Toadfish","Opsanus beta",0,0,0,0,24.1,4.4,62,"polyhaline",29.8,8.17,NA,85,15,62.5,17.25,35.2,0.276,0.5632,0.25,17,0,0,12.5,NA,1009.6,0,1,"DRY","12","2015",2015-04-01,1,"food"
"Standard","C-2015-4-1-13",3713,2015-04-01,91,2015,2015,"DRY",4,1,0.429861111111111,"Seg1",13,25.55777,-80.3074,3,"Vert","Fish","Gulf Toadfish","Opsanus beta",0,0,0,0,24.1,4.69,66.1,"polyhaline",29.49,8.23,NA,90,10,93.5,14.8,66.5,0.158288770053476,0.711229946524064,8.2,6.6,0,0,14,NA,841.7,0,0,"DRY","13","2015",2015-04-01,0,"no food"
"Standard","C-2015-4-1-14",3713,2015-04-01,91,2015,2015,"DRY",4,1,0.409722222222222,"Seg1",14,25.55169,-80.31013,3,"Vert","Fish","Gulf Toadfish","Opsanus beta",0,0,0,0,23.8,3.92,54.7,"polyhaline",28.69,8.24,NA,79,50,87,1.5,78.4,0.0172413793103448,0.901149425287356,1.5,0,0,0,21.5,NA,813.6,0,0,"DRY","14","2015",2015-04-01,0,"no food"
"Standard","C-2015-4-1-15",3713,2015-04-01,91,2015,2015,"DRY",4,1,0.388194444444444,"Seg1",15,25.545,-80.31223,3,"Vert","Fish","Gulf Toadfish","Opsanus beta",1,1,0.333333333333333,0,23.2,7.07,97,"polyhaline",27.51,8.35,NA,72,15,94,15.7,74,0.167021276595745,0.787234042553192,15.7,0,0,0,7.85714285714286,NA,847.5,0,0,"DRY","15","2015",2015-04-01,0,"no food"
"Standard","C-2015-4-1-16",3713,2015-04-01,91,2015,2015,"DRY",4,1,0.364583333333333,"Seg1",16,25.54047,-80.31276,3,"Vert","Fish","Gulf Toadfish","Opsanus beta",0,0,0,0,23.3,5.2,71.4,"polyhaline",27.49,8.27,NA,80,15,93.5,50.9,31,0.544385026737968,0.331550802139037,47.5,3.4,0,0,8.75,NA,414.1,0,0,"DRY","16","2015",2015-04-01,0,"no food"
"Standard","C-2015-4-1-17",3713,2015-04-01,91,2015,2015,"DRY",4,1,0.340972222222222,"Seg1",17,25.53711,-80.31344,3,"Vert","Fish","Gulf Toadfish","Opsanus beta",0,0,0,0,23.2,4.2,57.5,"polyhaline",27.33,8.3,NA,55,10,86,42.5,30,0.494186046511628,0.348837209302326,42.5,0,0,0,9.44444444444444,NA,294.8,0,0,"DRY","17","2015",2015-04-01,0,"no food"
"Standard","C-2015-4-2-1",3714,2015-04-02,92,2015,2015,"DRY",4,2,0.53125,"Seg1",1,25.62919,-80.28817,3,"Vert","Fish","Gulf Toadfish","Opsanus beta",0,0,0,0,26.6,7.59,113.6,"euhaline",32.25,8.38,NA,60,60,88.5,25.6,35.8,0.289265536723164,0.404519774011299,15.5,10.1,0,0,71.5,NA,1928.7,1,0,"DRY","1","2015",2015-04-02,1,"food"
"Standard","C-2015-4-2-2",3714,2015-04-02,92,2015,2015,"DRY",4,2,0.507638888888889,"Seg1",2,25.62379,-80.29922,3,"Vert","Fish","Gulf Toadfish","Opsanus beta",0,0,0,0,26.2,3.79,65.3,"euhaline",30.94,8.35,NA,62,50,79.5,38.5,24.6,0.484276729559748,0.309433962264151,18,20.5,0,0,51.5,NA,1290.2,1,0,"DRY","2","2015",2015-04-02,1,"food"
"Standard","C-2015-4-2-3",3714,2015-04-02,92,2015,2015,"DRY",4,2,0.486111111111111,"Seg1",3,25.61746,-80.30167,3,"Vert","Fish","Gulf Toadfish","Opsanus beta",0,0,0,0,25.9,4.69,71.2,"euhaline",31.26,8.33,NA,62,33,68.5,36.2,13.7,0.528467153284672,0.2,26.2,10,0,0,80.5,NA,1787.5,0,0,"DRY","3","2015",2015-04-02,0,"no food"
"Standard","C-2015-4-2-4",3714,2015-04-02,92,2015,2015,"DRY",4,2,0.463194444444444,"Seg1",4,25.61579,-80.30273,3,"Vert","Fish","Gulf Toadfish","Opsanus beta",0,0,0,0,25.8,10.57,150.1,"euhaline",31.57,8.41,NA,52,5,80.5,15.7,34.2,0.195031055900621,0.424844720496894,3.6,12.1,0,0,21.1111111111111,NA,1612.2,0,0,"DRY","4","2015",2015-04-02,0,"no food"
"Standard","C-2015-4-2-5",3714,2015-04-02,92,2015,2015,"DRY",4,2,0.443055555555556,"Seg1",5,25.61381,-80.30614,3,"Vert","Fish","Gulf Toadfish","Opsanus beta",0,0,0,0,25,3.35,41.1,"euhaline",30.42,8.21,NA,70,25,63,30.6,12.5,0.485714285714286,0.198412698412698,2.1,28.5,0,0,26.5,NA,1588.9,1,0,"DRY","5","2015",2015-04-02,1,"food"
"Standard","C-2015-4-2-7",3714,2015-04-02,92,2015,2015,"DRY",4,2,0.41875,"Seg1",7,25.59482,-80.30801,3,"Vert","Fish","Gulf Toadfish","Opsanus beta",0,0,0,0,25.2,5.05,74.4,"euhaline",31.89,8.25,NA,70,60,75,30,33.7,0.4,0.449333333333333,16.5,13.5,0,0,65,NA,1144.6,0,0,"DRY","7","2015",2015-04-02,0,"no food"
"Standard","C-2015-4-2-8",3714,2015-04-02,92,2015,2015,"DRY",4,2,0.364583333333333,"Seg1",8,25.57934,-80.30481,3,"Vert","Fish","Gulf Toadfish","Opsanus beta",0,0,0,0,24,3.22,43.8,"euhaline",31.21,8.17,NA,60,0,77.5,17.6,46.2,0.227096774193548,0.596129032258065,16.5,1.1,0,0,33,NA,626.8,0,0,"DRY","8","2015",2015-04-02,0,"no food"
"Standard","C-2015-4-2-9",3714,2015-04-02,92,2015,2015,"DRY",4,2,0.345833333333333,"Seg1",9,25.57438,-80.30347,3,"Vert","Fish","Gulf Toadfish","Opsanus beta",0,0,0,0,23.7,3.17,44.6,"euhaline",30.53,8.27,NA,51,25,47.5,14,13.7,0.294736842105263,0.288421052631579,13.5,0.5,0,0,21,NA,460.8,0,0,"DRY","9","2015",2015-04-02,0,"no food"
"Standard","C-2015-9-10-38",3875,2015-09-10,253,2015,2016,"WET",9,10,0.536111111111111,"Seg2",38,25.46918,-80.34008,3,"Vert","Fish","Gulf Toadfish","Opsanus beta",0,0,0,0,35.2,15.87,264.3,"polyhaline",24.06,8.14,NA,55,50,25.5,14.5,5.4,0.568627450980392,0.211764705882353,0.5,14,0,0,72.5,NA,1512,3,0,"WET","38","2015",2015-09-10,3,"food"
"Standard","C-2015-9-10-39",3875,2015-09-10,253,2015,2016,"WET",9,10,0.51875,"Seg2",39,25.46552,-80.33733,3,"Vert","Fish","Gulf Toadfish","Opsanus beta",0,0,0,0,34.4,5.8,97.1,"euhaline",30.41,7.77,NA,72,55,13.5,6.8,3.4,0.503703703703704,0.251851851851852,0.5,6.3,0,0,58.5,NA,1376,25,0,"WET","39","2015",2015-09-10,25,"food"
"Standard","C-2015-9-10-40",3875,2015-09-10,253,2015,2016,"WET",9,10,0.484027777777778,"Seg2",40,25.45877,-80.33723,3,"Vert","Fish","Gulf Toadfish","Opsanus beta",0,0,0,0,32,8.33,134.3,"polyhaline",29.9,7.92,NA,61,75,74.5,41,14.9,0.550335570469799,0.2,40,1,0,0,75,NA,1459,0,0,"WET","40","2015",2015-09-10,0,"no food"
"Standard","C-2015-9-10-41",3875,2015-09-10,253,2015,2016,"WET",9,10,0.466666666666667,"Seg2",41,25.4556,-80.33628,3,"Vert","Fish","Gulf Toadfish","Opsanus beta",0,0,0,0,31.1,4.8,76.8,"euhaline",30.53,7.74,NA,54,85,69.5,39.6,13.1,0.569784172661871,0.188489208633094,2.1,37.5,0,0,100,NA,1472,0,0,"WET","41","2015",2015-09-10,0,"no food"
"Standard","C-2015-9-10-42",3875,2015-09-10,253,2015,2016,"WET",9,10,0.448611111111111,"Seg2",42,25.45041,-80.33055,3,"Vert","Fish","Gulf Toadfish","Opsanus beta",0,0,0,0,30.9,5.71,91.4,"euhaline",32.1,7.87,NA,110,60,14.5,1.8,8.6,0.124137931034483,0.593103448275862,1.8,0,0,0,60.625,NA,1311,0,0,"WET","42","2015",2015-09-10,0,"no food"
"Standard","C-2015-9-10-43",3875,2015-09-10,253,2015,2016,"WET",9,10,0.429166666666667,"Seg2",43,25.44466,-80.33097,3,"Vert","Fish","Gulf Toadfish","Opsanus beta",0,0,0,0,31.1,3.74,61.4,"euhaline",33.74,7.74,NA,72,120,71.5,26,29.1,0.363636363636364,0.406993006993007,26,0,0,0,64.5,NA,1312,0,0,"WET","43","2015",2015-09-10,0,"no food"
"Standard","C-2015-9-10-44",3875,2015-09-10,253,2015,2016,"WET",9,10,0.413888888888889,"Seg2",44,25.44303,-80.33035,3,"Vert","Fish","Gulf Toadfish","Opsanus beta",0,0,0,0,30.5,5.34,85.4,"euhaline",34.59,7.87,NA,65,100,74.5,40.5,23,0.543624161073825,0.308724832214765,12.5,28,0,0,96.1111111111111,NA,1181,3,0,"WET","44","2015",2015-09-10,3,"food"
"Standard","C-2015-9-10-45",3875,2015-09-10,253,2015,2016,"WET",9,10,0.39375,"Seg2",45,25.43774,-80.32407,3,"Vert","Fish","Gulf Toadfish","Opsanus beta",0,0,0,0,30.9,5.18,84.9,"euhaline",35.86,7.78,NA,90,85,94.5,27.5,47.1,0.291005291005291,0.498412698412698,27.5,0,0,0,91,NA,622,0,0,"WET","45","2015",2015-09-10,0,"no food"
"Standard","C-2015-9-10-46",3875,2015-09-10,253,2015,2016,"WET",9,10,0.379166666666667,"Seg2",46,25.43744,-80.3217,3,"Vert","Fish","Gulf Toadfish","Opsanus beta",0,0,0,0,30.1,4.16,67.2,"euhaline",35.8,7.74,NA,65,0,69.5,32.5,24.9,0.467625899280576,0.358273381294964,25.5,7,0,0,5.625,NA,794,0,0,"WET","46","2015",2015-09-10,0,"no food"
"Standard","C-2015-9-10-47",3875,2015-09-10,253,2015,2016,"WET",9,10,0.354166666666667,"Seg2",47,25.43716,-80.31934,3,"Vert","Fish","Gulf Toadfish","Opsanus beta",0,0,0,0,29.8,2.06,32.8,"euhaline",35.87,7.06,NA,77,28,91.5,37,29.4,0.404371584699454,0.321311475409836,37,0,0,0,51.5,NA,442,0,0,"WET","47","2015",2015-09-10,0,"no food"
"Standard","C-2015-9-11-31",3876,2015-09-11,254,2015,2016,"WET",9,11,0.522222222222222,"Seg2",31,25.49329,-80.3384,3,"Vert","Fish","Gulf Toadfish","Opsanus beta",1,2,0.666666666666667,0,31.9,6.63,100.6,"polyhaline",18.05,8.04,NA,66,38,87,56,15,0.64367816091954,0.172413793103448,11,45,0,0,41.5,NA,1362.5,2,0,"WET","31","2015",2015-09-11,2,"food"
"Standard","C-2015-9-11-32",3876,2015-09-11,254,2015,2016,"WET",9,11,0.501388888888889,"Seg2",32,25.49021,-80.33994,3,"Vert","Fish","Gulf Toadfish","Opsanus beta",1,1,0.333333333333333,0,33.4,8.84,136.7,"polyhaline",21.61,8.15,NA,95,32,45,25,10.5,0.555555555555556,0.233333333333333,0,25,0,0,36,NA,1386.3,1,0,"WET","32","2015",2015-09-11,1,"food"
"Standard","C-2015-9-11-33",3876,2015-09-11,254,2015,2016,"WET",9,11,0.48125,"Seg2",33,25.48699,-80.33991,3,"Vert","Fish","Gulf Toadfish","Opsanus beta",0,0,0,0,30.9,5.97,91.2,"polyhaline",19.43,7.92,NA,87,58,69,42,5.1,0.608695652173913,0.0739130434782609,31,11,0,0,60,NA,1710.4,7,0,"WET","33","2015",2015-09-11,7,"food"
"Standard","C-2015-9-11-34",3876,2015-09-11,254,2015,2016,"WET",9,11,0.463888888888889,"Seg2",34,25.48527,-80.33974,3,"Vert","Fish","Gulf Toadfish","Opsanus beta",0,0,0,0,30.9,5.14,77.1,"polyhaline",19.42,7.91,NA,82,47,74.5,47.5,11,0.63758389261745,0.147651006711409,46.5,1,0,0,47.5,NA,1393.4,5,0,"WET","34","2015",2015-09-11,5,"food"
"Standard","C-2015-9-11-35",3876,2015-09-11,254,2015,2016,"WET",9,11,0.443055555555556,"Seg2",35,25.48039,-80.34018,3,"Vert","Fish","Gulf Toadfish","Opsanus beta",0,0,0,0,31.5,2.78,43.6,"polyhaline",25.37,7.86,NA,74,71,50.5,40,2.6,0.792079207920792,0.0514851485148515,0.5,39.5,0,0,63,NA,1379.4,1,0,"WET","35","2015",2015-09-11,1,"food"
"Standard","C-2015-9-11-36",3876,2015-09-11,254,2015,2016,"WET",9,11,0.411805555555556,"Seg2",36,25.47985,-80.34032,3,"Vert","Fish","Gulf Toadfish","Opsanus beta",0,0,0,0,30.8,4.53,67.6,"polyhaline",27.27,7.9,NA,72,68,43,34,2.8,0.790697674418605,0.0651162790697674,0,34,0,0,60.5,NA,365.9,0,0,"WET","36","2015",2015-09-11,0,"no food"
"Standard","C-2015-9-11-37",3876,2015-09-11,254,2015,2016,"WET",9,11,0.392361111111111,"Seg2",37,25.47713,-80.34028,3,"Vert","Fish","Gulf Toadfish","Opsanus beta",1,2,0.666666666666667,0,30.2,5.56,82.4,"polyhaline",23.49,7.91,NA,80,43,83.5,36,2.9,0.431137724550898,0.0347305389221557,0,36,0,0,62.5,NA,485.4,0,0,"WET","37","2015",2015-09-11,0,"no food"
"Standard","C-2015-9-12-18",3877,2015-09-12,255,2015,2016,"WET",9,12,0.582638888888889,"Seg2",18,25.53192,-80.32871,3,"Vert","Fish","Gulf Toadfish","Opsanus beta",0,0,0,0,31.9,8.04,117.4,"mesohaline",9.91,8.03,NA,52,5,43.5,34.6,2.9,0.795402298850575,0.0666666666666667,0,34.6,0,0,7.5,NA,650,1,0,"WET","18","2015",2015-09-12,1,"food"
"Standard","C-2015-9-12-19",3877,2015-09-12,255,2015,2016,"WET",9,12,0.563888888888889,"Seg2",19,25.52547,-80.331,3,"Vert","Fish","Gulf Toadfish","Opsanus beta",0,0,0,0,31.8,8.37,120.9,"mesohaline",13.79,8.01,NA,65,18,46.5,32.5,6.3,0.698924731182796,0.135483870967742,0,32,0,0.5,17.5,NA,322,2,0,"WET","19","2015",2015-09-12,2,"food"
"Standard","C-2015-9-12-20",3877,2015-09-12,255,2015,2016,"WET",9,12,0.545138888888889,"Seg2",20,25.51857,-80.3309,3,"Vert","Fish","Gulf Toadfish","Opsanus beta",0,0,0,0,31.6,7.32,107.4,"mesohaline",13.17,7.9,NA,75,20,64.5,53,1,0.821705426356589,0.0155038759689922,0,53,0,0,45,NA,450,1,0,"WET","20","2015",2015-09-12,1,"food"
"Standard","C-2015-9-12-21",3877,2015-09-12,255,2015,2016,"WET",9,12,0.529861111111111,"Seg2",21,25.51674,-80.33356,3,"Vert","Fish","Gulf Toadfish","Opsanus beta",0,0,0,0,31.1,4.77,69.8,"mesohaline",15.43,7.81,NA,80,20,16,9.5,0,0.59375,0,0,9.5,0,0,53,NA,1315,2,0,"WET","21","2015",2015-09-12,2,"food"
"Standard","C-2015-9-12-22",3877,2015-09-12,255,2015,2016,"WET",9,12,0.513888888888889,"Seg2",22,25.51569,-80.33408,3,"Vert","Fish","Gulf Toadfish","Opsanus beta",0,0,0,0,31.5,7.03,102.3,"mesohaline",15.11,7.95,NA,80,32,66.5,61.5,0,0.924812030075188,0,0,60.5,0,1,29,NA,1640,2,0,"WET","22","2015",2015-09-12,2,"food"
"Standard","C-2015-9-12-23",3877,2015-09-12,255,2015,2016,"WET",9,12,0.499305555555556,"Seg2",23,25.51447,-80.33474,3,"Vert","Fish","Gulf Toadfish","Opsanus beta",0,0,0,0,31.8,13.02,199.6,"mesohaline",16.39,8.13,NA,76,35,64.5,56.5,0.1,0.875968992248062,0.00155038759689922,0,56,0,0.5,29,NA,1331,2,0,"WET","23","2015",2015-09-12,2,"food"
"Standard","C-2015-9-12-24",3877,2015-09-12,255,2015,2016,"WET",9,12,0.477777777777778,"Seg2",24,25.51219,-80.33512,3,"Vert","Fish","Gulf Toadfish","Opsanus beta",0,0,0,0,32,6.67,109.7,"polyhaline",19.72,8.06,NA,75,60,69,57.5,0.7,0.833333333333333,0.0101449275362319,11,46.5,0,0,34.5,NA,1370,0,0,"WET","24","2015",2015-09-12,0,"no food"
"Standard","C-2015-9-12-25",3877,2015-09-12,255,2015,2016,"WET",9,12,0.461111111111111,"Seg2",25,25.50941,-80.33549,3,"Vert","Fish","Gulf Toadfish","Opsanus beta",0,0,0,0,31.6,5.47,83.2,"polyhaline",20.7,8.04,NA,85,27,82.5,68.5,3.3,0.83030303030303,0.04,0,68.5,0,0,49,NA,1514,1,0,"WET","25","2015",2015-09-12,1,"food"
"Standard","C-2015-9-12-26",3877,2015-09-12,255,2015,2016,"WET",9,12,0.445138888888889,"Seg2",26,25.50567,-80.33369,3,"Vert","Fish","Gulf Toadfish","Opsanus beta",0,0,0,0,31.1,5.44,82,"polyhaline",20.18,8,NA,85,52,57.5,53,1.3,0.921739130434783,0.0226086956521739,1,52,0,0,51.5,NA,1150,0,0,"WET","26","2015",2015-09-12,0,"no food"
"Standard","C-2015-9-12-27",3877,2015-09-12,255,2015,2016,"WET",9,12,0.429861111111111,"Seg2",27,25.50411,-80.33251,3,"Vert","Fish","Gulf Toadfish","Opsanus beta",0,0,0,0,30.8,4.81,72.2,"polyhaline",19.69,8.03,NA,78,55,59.5,49.5,2.2,0.831932773109244,0.0369747899159664,36.5,13,0,0,57,NA,128,1,0,"WET","27","2015",2015-09-12,1,"food"
"Standard","C-2015-9-12-28",3877,2015-09-12,255,2015,2016,"WET",9,12,0.413194444444444,"Seg2",28,25.50508,-80.33663,3,"Vert","Fish","Gulf Toadfish","Opsanus beta",0,0,0,0,30.3,4.46,65.4,"polyhaline",19.19,7.87,NA,97,60,60,51,3.3,0.85,0.055,1.5,49.5,0,0,34,NA,830,1,0,"WET","28","2015",2015-09-12,1,"food"
"Standard","C-2015-9-12-29",3877,2015-09-12,255,2015,2016,"WET",9,12,0.398611111111111,"Seg2",29,25.50446,-80.33785,3,"Vert","Fish","Gulf Toadfish","Opsanus beta",0,0,0,0,30.3,3.46,51.2,"polyhaline",19.06,7.79,NA,85,15,58.5,46.1,4.8,0.788034188034188,0.0820512820512821,5.1,41,0,0,31.5,NA,670,1,0,"WET","29","2015",2015-09-12,1,"food"
"Standard","C-2015-9-12-30",3877,2015-09-12,255,2015,2016,"WET",9,12,0.377083333333333,"Seg2",30,25.49737,-80.33939,3,"Vert","Fish","Gulf Toadfish","Opsanus beta",0,0,0,0,30.4,3.52,51.9,"polyhaline",19.06,7.78,NA,86,15,62,35.2,18.9,0.567741935483871,0.304838709677419,14.7,20.5,0,0,36.6,NA,406,2,0,"WET","30","2015",2015-09-12,2,"food"
"Standard","C-2015-9-14-10",3879,2015-09-14,257,2015,2016,"WET",9,14,0.586111111111111,"Seg1",10,25.56951,-80.30253,3,"Vert","Fish","Gulf Toadfish","Opsanus beta",0,0,0,0,30.4,3.58,53.4,"polyhaline",20.96,7.77,NA,65,7,77,49.5,12.3,0.642857142857143,0.15974025974026,33,16.5,0,0,29,NA,805.5,2,0,"WET","10","2015",2015-09-14,2,"food"
"Standard","C-2015-9-14-11",3879,2015-09-14,257,2015,2016,"WET",9,14,0.572916666666667,"Seg1",11,25.56849,-80.30318,3,"Vert","Fish","Gulf Toadfish","Opsanus beta",0,0,0,0,31.6,7.83,119,"polyhaline",20.7,7.97,NA,68,22,81.5,44,24.5,0.539877300613497,0.300613496932515,44,0,0,0,22.5,NA,887.2,3,0,"WET","11","2015",2015-09-14,3,"food"
"Standard","C-2015-9-14-12",3879,2015-09-14,257,2015,2016,"WET",9,14,0.533333333333333,"Seg1",12,25.56187,-80.30753,3,"Vert","Fish","Gulf Toadfish","Opsanus beta",0,0,0,0,30.8,3.09,46.1,"polyhaline",19.35,7.77,NA,80,43,39,11,13.1,0.282051282051282,0.335897435897436,0,11,0,0,46,NA,853.4,0,0,"WET","12","2015",2015-09-14,0,"no food"
"Standard","C-2015-9-14-13",3879,2015-09-14,257,2015,2016,"WET",9,14,0.518055555555556,"Seg1",13,25.55811,-80.30759,3,"Vert","Fish","Gulf Toadfish","Opsanus beta",0,0,0,0,31,7.09,100.6,"polyhaline",19.97,7.95,NA,87,42,74.5,8,54.6,0.10738255033557,0.732885906040268,8,0,0,0,42,NA,1264.9,3,0,"WET","13","2015",2015-09-14,3,"food"
"Standard","C-2015-9-14-14",3879,2015-09-14,257,2015,2016,"WET",9,14,0.48125,"Seg1",14,25.55157,-80.31017,3,"Vert","Fish","Gulf Toadfish","Opsanus beta",1,1,0.333333333333333,0,30.5,5.24,79.9,"polyhaline",20.19,7.87,NA,100,51,79,0,65.5,0,0.829113924050633,0,0,0,0,52.5,NA,986.9,6,0,"WET","14","2015",2015-09-14,6,"food"
"Standard","C-2015-9-14-15",3879,2015-09-14,257,2015,2016,"WET",9,14,0.460416666666667,"Seg1",15,25.54509,-80.31248,3,"Vert","Fish","Gulf Toadfish","Opsanus beta",0,0,0,0,30.5,5.19,79,"polyhaline",23.46,7.83,NA,74,4,67.5,26.5,29.4,0.392592592592593,0.435555555555556,26.5,0,0,0,13.5,NA,1464.8,0,0,"WET","15","2015",2015-09-14,0,"no food"
"Standard","C-2015-9-14-16",3879,2015-09-14,257,2015,2016,"WET",9,14,0.445833333333333,"Seg1",16,25.54044,-80.3128,3,"Vert","Fish","Gulf Toadfish","Opsanus beta",0,0,0,0,30.9,4.51,68.9,"polyhaline",23.61,7.78,NA,73,4,68,31,25.7,0.455882352941176,0.377941176470588,29.5,1.5,0,0,5.5,NA,1158.5,3,0,"WET","16","2015",2015-09-14,3,"food"
"Standard","C-2015-9-14-17",3879,2015-09-14,257,2015,2016,"WET",9,14,0.428472222222222,"Seg1",17,25.53748,-80.31334,3,"Vert","Fish","Gulf Toadfish","Opsanus beta",0,0,0,0,30.5,5.01,76.2,"polyhaline",23.64,7.41,NA,95,5,74.5,54,9.8,0.724832214765101,0.131543624161074,46.5,7.5,0,0,11,NA,824.7,2,0,"WET","17","2015",2015-09-14,2,"food"
"Standard","C-2015-9-14-8",3879,2015-09-14,257,2015,2016,"WET",9,14,0.619444444444444,"Seg1",8,25.57957,-80.30484,3,"Vert","Fish","Gulf Toadfish","Opsanus beta",0,0,0,0,32,7.82,120.8,"polyhaline",22.56,8,NA,35,0,76.5,19,46,0.248366013071895,0.601307189542484,12,7,0,0,6,NA,822.3,0,0,"WET","8","2015",2015-09-14,0,"no food"
"Standard","C-2015-9-14-9",3879,2015-09-14,257,2015,2016,"WET",9,14,0.602777777777778,"Seg1",9,25.57389,-80.3034,3,"Vert","Fish","Gulf Toadfish","Opsanus beta",0,0,0,0,32.1,6.54,100.6,"polyhaline",21.57,7.93,NA,64,7,45,26.5,11.6,0.588888888888889,0.257777777777778,26.5,0,0,0,13,NA,835.6,0,0,"WET","9","2015",2015-09-14,0,"no food"
"Standard","C-2015-9-16-1",3881,2015-09-16,259,2015,2016,"WET",9,16,0.575,"Seg1",1,25.62905,-80.28882,3,"Vert","Fish","Gulf Toadfish","Opsanus beta",0,0,0,0,29.3,5.63,86.1,"polyhaline",28.35,7.95,NA,105,55,70,42.5,1.5,0.607142857142857,0.0214285714285714,42.5,0,0,0,75.5555555555556,NA,247.9,0,0,"WET","1","2015",2015-09-16,0,"no food"
"Standard","C-2015-9-16-2",3881,2015-09-16,259,2015,2016,"WET",9,16,0.555555555555556,"Seg1",2,25.62358,-80.29912,3,"Vert","Fish","Gulf Toadfish","Opsanus beta",0,0,0,0,28.9,6.7,99.5,"polyhaline",23.68,7.94,NA,100,70,86,13.1,23.5,0.152325581395349,0.273255813953488,7.5,4.5,0,1.1,50,NA,340.5,0,0,"WET","2","2015",2015-09-16,0,"no food"
"Standard","C-2015-9-16-3",3881,2015-09-16,259,2015,2016,"WET",9,16,0.540277777777778,"Seg1",3,25.61744,-80.30171,3,"Vert","Fish","Gulf Toadfish","Opsanus beta",0,0,0,0,28.7,5.67,84.1,"polyhaline",24.88,7.93,NA,95,70,79,19.7,0,0.249367088607595,0,6.7,13,0,0,81,NA,429.6,1,0,"WET","3","2015",2015-09-16,1,"food"
"Standard","C-2015-9-16-4",3881,2015-09-16,259,2015,2016,"WET",9,16,0.520833333333333,"Seg1",4,25.61585,-80.30276,3,"Vert","Fish","Gulf Toadfish","Opsanus beta",1,2,0.666666666666667,0,28.4,7.38,109.6,"polyhaline",26.48,8,NA,121,8,75.5,46.1,16.2,0.610596026490066,0.214569536423841,1.6,44.5,0,0,11.5,NA,622.2,0,0,"WET","4","2015",2015-09-16,0,"no food"
"Standard","C-2015-9-16-5",3881,2015-09-16,259,2015,2016,"WET",9,16,0.501388888888889,"Seg1",5,25.61335,-80.30612,3,"Vert","Fish","Gulf Toadfish","Opsanus beta",0,0,0,0,28.2,3.9,57.2,"polyhaline",21.69,7.77,NA,115,40,90.5,21.8,26.3,0.240883977900552,0.29060773480663,8.8,13,0,0,38.5,NA,143.8,0,0,"WET","5","2015",2015-09-16,0,"no food"
"Standard","C-2015-9-16-6",3881,2015-09-16,259,2015,2016,"WET",9,16,0.464583333333333,"Seg1",6,25.60904,-80.30728,3,"Vert","Fish","Gulf Toadfish","Opsanus beta",0,0,0,0,27.9,5.53,79.9,"polyhaline",20.49,7.8,NA,90,40,77,19.5,35.1,0.253246753246753,0.455844155844156,1,18.5,0,0,37.5,NA,543,1,0,"WET","6","2015",2015-09-16,1,"food"
"Standard","C-2015-9-16-7",3881,2015-09-16,259,2015,2016,"WET",9,16,0.448611111111111,"Seg1",7,25.5944,-80.30761,3,"Vert","Fish","Gulf Toadfish","Opsanus beta",0,0,0,0,27.6,5.14,75.6,"polyhaline",25.58,7.62,NA,80,50,56.5,26,20.1,0.460176991150442,0.355752212389381,22.5,3.5,0,0,51.5,NA,270.1,0,0,"WET","7","2015",2015-09-16,0,"no food"
"Standard","C-2016-3-20-42",4067,2016-03-20,80,2016,2016,"DRY",3,20,0.535416666666667,"Seg2",42,25.45048,-80.33058,3,"Vert","Fish","Gulf Toadfish","Opsanus beta",0,0,0,0,27.2,9.74,144.3,"polyhaline",28.82,8.22,NA,67,55,81,7.6,22.7,0.0938271604938272,0.280246913580247,7.6,0,0,0,20.5,10.1,512.3,0,0,"DRY","42","2016",2016-03-20,0,"no food"
"Standard","C-2016-3-20-43",4067,2016-03-20,80,2016,2016,"DRY",3,20,0.514583333333333,"Seg2",43,25.44473,-80.33103,3,"Vert","Fish","Gulf Toadfish","Opsanus beta",0,0,0,0,27.4,9.88,146.2,"polyhaline",28,8.03,NA,50,68,75,14.5,50.7,0.193333333333333,0.676,14.5,0,0,0,53.5,14.2,390.8,1,0,"DRY","43","2016",2016-03-20,1,"food"
"Standard","C-2016-3-20-44",4067,2016-03-20,80,2016,2016,"DRY",3,20,0.4875,"Seg2",44,25.44315,-80.33043,3,"Vert","Fish","Gulf Toadfish","Opsanus beta",0,0,0,0,26.3,7.32,104.6,"polyhaline",26.71,7.95,NA,53,100,46,29.1,8.5,0.632608695652174,0.184782608695652,5.1,24,0,0,100,17.8,723.1,2,0,"DRY","44","2016",2016-03-20,2,"food"
"Standard","C-2016-3-20-45",4067,2016-03-20,80,2016,2016,"DRY",3,20,0.4625,"Seg2",45,25.43766,-80.32411,3,"Vert","Fish","Gulf Toadfish","Opsanus beta",0,0,0,0,27,8.69,127.3,"polyhaline",28.12,8.05,NA,62,3,92.5,8.1,76.7,0.0875675675675676,0.829189189189189,7,1.1,0,0,2.4,19.6,724.8,0,0,"DRY","45","2016",2016-03-20,0,"no food"
"Standard","C-2016-3-20-46",4067,2016-03-20,80,2016,2016,"DRY",3,20,0.440277777777778,"Seg2",46,25.43744,-80.32162,3,"Vert","Fish","Gulf Toadfish","Opsanus beta",0,0,0,0,26.9,7.26,104.7,"polyhaline",26.42,8,NA,52,4,76,15.1,40.6,0.198684210526316,0.534210526315789,9.1,6,0,0,3.2,9.8,822.5,0,0,"DRY","46","2016",2016-03-20,0,"no food"
"Standard","C-2016-3-20-47",4067,2016-03-20,80,2016,2016,"DRY",3,20,0.404861111111111,"Seg2",47,25.43714,-80.31935,3,"Vert","Fish","Gulf Toadfish","Opsanus beta",0,0,0,0,26,5.05,72.2,"polyhaline",26.48,7.91,NA,85,45,89,17,62,0.191011235955056,0.696629213483146,17,0,0,0,13.5,23.5,245.68,0,0,"DRY","47","2016",2016-03-20,0,"no food"
"Standard","C-2016-3-24-35",4071,2016-03-24,84,2016,2016,"DRY",3,24,0.602777777777778,"Seg2",35,25.48036,-80.34019,3,"Vert","Fish","Gulf Toadfish","Opsanus beta",0,0,0,0,24.6,9.22,117.8,"mesohaline",10.51,8.04,NA,80,38,44,23,9.4,0.522727272727273,0.213636363636364,0,23,0,0,45.5,11.5,2090,2,0,"DRY","35","2016",2016-03-24,2,"food"
"Standard","C-2016-3-24-36",4071,2016-03-24,84,2016,2016,"DRY",3,24,0.585416666666667,"Seg2",36,25.4796,-80.34022,3,"Vert","Fish","Gulf Toadfish","Opsanus beta",0,0,0,0,24.4,9.51,120.4,"mesohaline",10.25,8.05,NA,75,45,52,29.1,11,0.559615384615385,0.211538461538462,0.6,28.5,0,0,44.5,9.5,627,0,0,"DRY","36","2016",2016-03-24,0,"no food"
"Standard","C-2016-3-24-37",4071,2016-03-24,84,2016,2016,"DRY",3,24,0.534722222222222,"Seg2",37,25.47703,-80.34032,3,"Vert","Fish","Gulf Toadfish","Opsanus beta",0,0,0,0,24,8.94,112.1,"mesohaline",9.62,8.02,NA,90,42,39,30.6,1.2,0.784615384615385,0.0307692307692308,22,8.6,0,0,46,13.5,1494,0,1,"DRY","37","2016",2016-03-24,1,"food"
"Standard","C-2016-3-24-38",4071,2016-03-24,84,2016,2016,"DRY",3,24,0.506944444444444,"Seg2",38,25.46936,-80.34004,3,"Vert","Fish","Gulf Toadfish","Opsanus beta",0,0,0,0,23.7,8.68,106.8,"mesohaline",7.88,7.98,NA,100,57,34.5,20,4.5,0.579710144927536,0.130434782608696,0,20,0,0,65.5,10.5,1105,0,0,"DRY","38","2016",2016-03-24,0,"no food"
"Standard","C-2016-3-24-39",4071,2016-03-24,84,2016,2016,"DRY",3,24,0.481944444444444,"Seg2",39,25.46559,-80.33748,3,"Vert","Fish","Gulf Toadfish","Opsanus beta",0,0,0,0,23.7,8.82,109.5,"mesohaline",8.76,8,NA,95,75,39,8.7,23,0.223076923076923,0.58974358974359,0.1,8.6,0,0,56,6,518,0,0,"DRY","39","2016",2016-03-24,0,"no food"
"Standard","C-2016-3-24-40",4071,2016-03-24,84,2016,2016,"DRY",3,24,0.453472222222222,"Seg2",40,25.45888,-80.33719,3,"Vert","Fish","Gulf Toadfish","Opsanus beta",0,0,0,0,23.1,8.14,105,"mesohaline",17.71,8.01,NA,87,73,91,26.6,46,0.292307692307692,0.505494505494505,25,1.6,0,0,45,15.5,807,0,0,"DRY","40","2016",2016-03-24,0,"no food"
"Standard","C-2016-3-24-41",4071,2016-03-24,84,2016,2016,"DRY",3,24,0.400694444444444,"Seg2",41,25.45545,-80.33623,3,"Vert","Fish","Gulf Toadfish","Opsanus beta",1,1,0.333333333333333,0,23.2,5.57,73,"polyhaline",20.01,7.91,NA,72,73,69,15.5,46.3,0.22463768115942,0.671014492753623,11,4.5,0,0,64,11,447,4,0,"DRY","41","2016",2016-03-24,4,"food"
"Standard","C-2016-3-28-28",4075,2016-03-28,88,2016,2016,"DRY",3,28,0.654166666666667,"Seg2",28,25.50521,-80.33648,3,"Vert","Fish","Gulf Toadfish","Opsanus beta",0,0,0,0,29.3,8.09,114,"mesohaline",13.7,8.06,NA,85,15,23,15,1.1,0.652173913043478,0.0478260869565217,0.5,14.5,0,0,33.5,8.5,158,0,0,"DRY","28","2016",2016-03-28,0,"no food"
"Standard","C-2016-3-28-29",4075,2016-03-28,88,2016,2016,"DRY",3,28,0.631944444444444,"Seg2",29,25.5046,-80.33762,3,"Vert","Fish","Gulf Toadfish","Opsanus beta",1,1,0.333333333333333,0,29.9,7.92,111.8,"mesohaline",14.04,7.96,NA,81,5,38,25.6,6.8,0.673684210526316,0.178947368421053,12.6,13,0,0,43,13,882,0,0,"DRY","29","2016",2016-03-28,0,"no food"
"Standard","C-2016-3-28-30",4075,2016-03-28,88,2016,2016,"DRY",3,28,0.602083333333333,"Seg2",30,25.49738,-80.3394,3,"Vert","Fish","Gulf Toadfish","Opsanus beta",0,0,0,0,29.5,11.72,169.9,"mesohaline",17.7,8.24,NA,80,35,40,29,3.2,0.725,0.08,19,10,0,0,22,13,1435,0,2,"DRY","30","2016",2016-03-28,2,"food"
"Standard","C-2016-3-28-31",4075,2016-03-28,88,2016,2016,"DRY",3,28,0.569444444444444,"Seg2",31,25.4934,-80.33878,3,"Vert","Fish","Gulf Toadfish","Opsanus beta",0,0,0,0,28.4,7.2,100.7,"mesohaline",17.07,8.01,NA,77,56,18.5,12.7,3.4,0.686486486486486,0.183783783783784,0.1,11.1,0,1.5,64,9,691,3,0,"DRY","31","2016",2016-03-28,3,"food"
"Standard","C-2016-3-28-32",4075,2016-03-28,88,2016,2016,"DRY",3,28,0.547222222222222,"Seg2",32,25.4903,-80.34033,3,"Vert","Fish","Gulf Toadfish","Opsanus beta",0,0,0,0,28.7,7.84,111.4,"mesohaline",17.2,8.05,NA,75,13,34,23,0.5,0.676470588235294,0.0147058823529412,0,23,0,0,28.5,11.5,877,0,1,"DRY","32","2016",2016-03-28,1,"food"
"Standard","C-2016-3-28-33",4075,2016-03-28,88,2016,2016,"DRY",3,28,0.514583333333333,"Seg2",33,25.48689,-80.33994,3,"Vert","Fish","Gulf Toadfish","Opsanus beta",0,0,0,0,28.3,12.55,178.1,"polyhaline",18.55,8.31,NA,76,9,64,38.2,5.9,0.596875,0.0921875,16.1,22.1,0,0,42.5,16,1871,1,0,"DRY","33","2016",2016-03-28,1,"food"
"Standard","C-2016-3-28-34",4075,2016-03-28,88,2016,2016,"DRY",3,28,0.486111111111111,"Seg2",34,25.48536,-80.33968,3,"Vert","Fish","Gulf Toadfish","Opsanus beta",0,0,0,0,28.2,7.18,102.3,"mesohaline",17.99,8.08,NA,57,35,84.5,40.6,22.6,0.480473372781065,0.267455621301775,35.5,5.1,0,0,24.5,13,1583,1,1,"DRY","34","2016",2016-03-28,2,"food"
"Standard","C-2016-3-29-24",4076,2016-03-29,89,2016,2016,"DRY",3,29,0.561805555555556,"Seg2",24,25.51205,-80.33524,3,"Vert","Fish","Gulf Toadfish","Opsanus beta",0,0,0,0,29.2,6.47,87.4,"mesohaline",8.06,7.85,NA,63,43,67.5,30.5,24.5,0.451851851851852,0.362962962962963,1,29.5,0,0,46,13,1676,0,4,"DRY","24","2016",2016-03-29,4,"food"
"Standard","C-2016-3-29-25",4076,2016-03-29,89,2016,2016,"DRY",3,29,0.542361111111111,"Seg2",25,25.50932,-80.33557,3,"Vert","Fish","Gulf Toadfish","Opsanus beta",0,0,0,0,29.5,7.12,97,"mesohaline",10.56,7.99,NA,61,69,41,18.6,13,0.453658536585366,0.317073170731707,0.1,18.5,0,0,35.5,13,1219,0,0,"DRY","25","2016",2016-03-29,0,"no food"
"Standard","C-2016-3-29-26",4076,2016-03-29,89,2016,2016,"DRY",3,29,0.509027777777778,"Seg2",26,25.50584,-80.33371,3,"Vert","Fish","Gulf Toadfish","Opsanus beta",0,0,0,0,29.9,7.29,105.3,"mesohaline",15.89,8.2,NA,83,27,24,11.2,7.8,0.466666666666667,0.325,0.2,11,0,0,45.5,11,1385,2,1,"DRY","26","2016",2016-03-29,3,"food"
"Standard","C-2016-3-29-27",4076,2016-03-29,89,2016,2016,"DRY",3,29,0.479166666666667,"Seg2",27,25.50422,-80.3326,3,"Vert","Fish","Gulf Toadfish","Opsanus beta",0,0,0,0,28.6,4.94,69.4,"mesohaline",15.19,8.07,NA,30,75,51,34,7.9,0.666666666666667,0.154901960784314,5,29,0,0,49,12.5,1181,1,0,"DRY","27","2016",2016-03-29,1,"food"
"Standard","C-2016-4-5-14",4083,2016-04-05,96,2016,2016,"DRY",4,5,0.566666666666667,"Seg1",14,25.55186,-80.31005,3,"Vert","Fish","Gulf Toadfish","Opsanus beta",0,0,0,0,27.2,12.07,166.3,"mesohaline",16.97,8.37,NA,60,35,85.5,0.4,78.2,0.00467836257309942,0.914619883040936,0.2,0.2,0,0,43,12.5,1685.3,0,1,"DRY","14","2016",2016-04-05,1,"food"
"Standard","C-2016-4-5-15",4083,2016-04-05,96,2016,2016,"DRY",4,5,0.540277777777778,"Seg1",15,25.5451,-80.31237,3,"Vert","Fish","Gulf Toadfish","Opsanus beta",1,1,0.333333333333333,0,25.3,8.95,118.5,"mesohaline",16.39,8.09,NA,67,48,47,11.2,12.4,0.238297872340426,0.263829787234043,10.2,1,0,0,53.5,19,1469.7,1,1,"DRY","15","2016",2016-04-05,2,"food"
"Standard","C-2016-4-5-16",4083,2016-04-05,96,2016,2016,"DRY",4,5,0.51875,"Seg1",16,25.54033,-80.31281,3,"Vert","Fish","Gulf Toadfish","Opsanus beta",0,0,0,0,26.1,11.45,157.2,"polyhaline",18.57,8.35,NA,64,43,78.9,25,25.5,0.316856780735108,0.32319391634981,25,0,0,0,67,19,1733,1,0,"DRY","16","2016",2016-04-05,1,"food"
"Standard","C-2016-4-5-17",4083,2016-04-05,96,2016,2016,"DRY",4,5,0.496527777777778,"Seg1",17,25.53743,-80.31335,3,"Vert","Fish","Gulf Toadfish","Opsanus beta",0,0,0,0,25.9,10.5,143.1,"polyhaline",18.74,8.31,NA,75,19,72,19,20.8,0.263888888888889,0.288888888888889,18.8,0.2,0,0,48,21.5,1577,0,0,"DRY","17","2016",2016-04-05,0,"no food"
"Standard","C-2016-4-5-18",4083,2016-04-05,96,2016,2016,"DRY",4,5,0.461111111111111,"Seg2",18,25.53192,-80.32874,3,"Vert","Fish","Gulf Toadfish","Opsanus beta",0,0,0,0,26.1,6.88,91.9,"mesohaline",13.54,7.96,NA,63,0,92.5,13.9,72.5,0.15027027027027,0.783783783783784,0,13.9,0,0,6.5,12.5,NA,0,0,"DRY","18","2016",2016-04-05,0,"no food"
"Standard","C-2016-4-5-19",4083,2016-04-05,96,2016,2016,"DRY",4,5,0.436805555555556,"Seg2",19,25.52545,-80.33105,3,"Vert","Fish","Gulf Toadfish","Opsanus beta",1,1,0.333333333333333,0,26,5.8,77.8,"mesohaline",15.42,7.96,NA,80,25,59,18.5,17.2,0.313559322033898,0.291525423728814,0,18.5,0,0,13.5,12.5,661,1,0,"DRY","19","2016",2016-04-05,1,"food"
"Standard","C-2016-4-5-20",4083,2016-04-05,96,2016,2016,"DRY",4,5,0.409027777777778,"Seg2",20,25.51832,-80.331,3,"Vert","Fish","Gulf Toadfish","Opsanus beta",1,1,0.333333333333333,0,24.6,7.16,91.9,"mesohaline",12.71,7.97,NA,96,27,52,31.7,8.6,0.609615384615385,0.165384615384615,0.1,31.6,0,0,30,18,515.3,1,0,"DRY","20","2016",2016-04-05,1,"food"
"Standard","C-2016-4-5-21",4083,2016-04-05,96,2016,2016,"DRY",4,5,0.385416666666667,"Seg2",21,25.5166,-80.33368,3,"Vert","Fish","Gulf Toadfish","Opsanus beta",0,0,0,0,25.9,6.4,84,"mesohaline",13.2,7.87,NA,85,33,14.2,7.4,2.2,0.52112676056338,0.154929577464789,0,7.4,0,0,56.5,12,428.9,0,0,"DRY","21","2016",2016-04-05,0,"no food"
"Standard","C-2016-4-5-22",4083,2016-04-05,96,2016,2016,"DRY",4,5,0.364583333333333,"Seg2",22,25.51556,-80.33413,3,"Vert","Fish","Gulf Toadfish","Opsanus beta",0,0,0,0,25.7,5.25,69.2,"mesohaline",13.21,7.89,NA,92,33,66.5,33.2,18.2,0.499248120300752,0.273684210526316,0.2,33,0,0,27,17,182.18,2,1,"DRY","22","2016",2016-04-05,3,"food"
"Standard","C-2016-4-5-23",4083,2016-04-05,96,2016,2016,"DRY",4,5,0.338194444444444,"Seg2",23,25.51447,-80.33471,3,"Vert","Fish","Gulf Toadfish","Opsanus beta",0,0,0,0,25.8,4.68,61.6,"mesohaline",11.92,7.54,NA,80,18,68,39.6,12.7,0.582352941176471,0.186764705882353,1,38.5,0,0.1,31,18,64.57,1,1,"DRY","23","2016",2016-04-05,2,"food"
"Standard","C-2016-4-7-10",4085,2016-04-07,98,2016,2016,"DRY",4,7,0.486111111111111,"Seg1",10,25.56948,-80.3025,3,"Vert","Fish","Gulf Toadfish","Opsanus beta",0,0,0,0,23.3,5.14,68.2,"polyhaline",22.2,8.03,NA,89,40,90.5,15.4,53,0.170165745856354,0.585635359116022,15.1,0.3,0,0,46,24,1073.5,1,1,"DRY","10","2016",2016-04-07,2,"food"
"Standard","C-2016-4-7-11",4085,2016-04-07,98,2016,2016,"DRY",4,7,0.466666666666667,"Seg1",11,25.56847,-80.30326,3,"Vert","Fish","Gulf Toadfish","Opsanus beta",1,1,0.333333333333333,0,23.9,7.05,95.3,"polyhaline",22.86,8.25,NA,83,52,80,17.6,37.6,0.22,0.47,17.5,0.1,0,0,53.5,19,1537.4,0,2,"DRY","11","2016",2016-04-07,2,"food"
"Standard","C-2016-4-7-12",4085,2016-04-07,98,2016,2016,"DRY",4,7,0.415277777777778,"Seg1",12,25.56172,-80.30744,3,"Vert","Fish","Gulf Toadfish","Opsanus beta",0,0,0,0,22.9,4.46,58.3,"polyhaline",21.48,7.87,NA,128,7,40.5,20,16.9,0.493827160493827,0.417283950617284,0,20,0,0,20,18.5,587.2,1,1,"DRY","12","2016",2016-04-07,2,"food"
"Standard","C-2016-4-7-13",4085,2016-04-07,98,2016,2016,"DRY",4,7,0.392361111111111,"Seg1",13,25.55808,-80.30749,3,"Vert","Fish","Gulf Toadfish","Opsanus beta",1,1,0.333333333333333,0,22.5,4.4,56.9,"polyhaline",20.49,7.67,NA,117,4,87,2.5,79,0.028735632183908,0.908045977011494,2.5,0,0,0,40,15.5,385.3,1,0,"DRY","13","2016",2016-04-07,1,"food"
"Standard","C-2016-4-7-7",4085,2016-04-07,98,2016,2016,"DRY",4,7,0.586111111111111,"Seg1",7,25.5942,-80.30762,3,"Vert","Fish","Gulf Toadfish","Opsanus beta",0,0,0,0,26.1,11.91,169.2,"polyhaline",24.55,8.49,NA,38,57,64.5,18.2,20.8,0.282170542635659,0.322480620155039,11.6,6.6,0,0,37.5,17.5,2282,0,0,"DRY","7","2016",2016-04-07,0,"no food"
"Standard","C-2016-4-7-8",4085,2016-04-07,98,2016,2016,"DRY",4,7,0.540972222222222,"Seg1",8,25.57955,-80.30489,3,"Vert","Fish","Gulf Toadfish","Opsanus beta",0,0,0,0,24.8,9.32,128.5,"polyhaline",23.45,8.27,NA,49,0,66,8.7,33.8,0.131818181818182,0.512121212121212,8.7,0,0,0,17.5,14.5,NA,0,0,"DRY","8","2016",2016-04-07,0,"no food"
"Standard","C-2016-4-7-9",4085,2016-04-07,98,2016,2016,"DRY",4,7,0.513194444444444,"Seg1",9,25.5741,-80.30344,3,"Vert","Fish","Gulf Toadfish","Opsanus beta",0,0,0,0,24.5,7.8,106.4,"polyhaline",22.95,8.21,NA,60,24,45,6.5,15.7,0.144444444444444,0.348888888888889,3.5,3,0,0,24.5,8.5,1785.3,0,1,"DRY","9","2016",2016-04-07,1,"food"
"Standard","C-2016-4-8-1",4086,2016-04-08,99,2016,2016,"DRY",4,8,0.504166666666667,"Seg1",1,25.62921,-80.28876,3,"Vert","Fish","Gulf Toadfish","Opsanus beta",1,1,0.333333333333333,0,25.5,7.85,110.7,"polyhaline",25.18,8.3,NA,95,94,70.5,59.5,1.5,0.843971631205674,0.0212765957446809,57.5,2,0,0,73.5,30,2103,5,2,"DRY","1","2016",2016-04-08,7,"food"
"Standard","C-2016-4-8-2",4086,2016-04-08,99,2016,2016,"DRY",4,8,0.475,"Seg1",2,25.62386,-80.29919,3,"Vert","Fish","Gulf Toadfish","Opsanus beta",0,0,0,0,25.3,8.04,112.3,"polyhaline",25.54,8.46,NA,120,10,61,19.1,28.3,0.313114754098361,0.463934426229508,0,19.1,0,0,54,21,1007,2,0,"DRY","2","2016",2016-04-08,2,"food"
"Standard","C-2016-4-8-3",4086,2016-04-08,99,2016,2016,"DRY",4,8,0.452083333333333,"Seg1",3,25.6175,-80.30157,3,"Vert","Fish","Gulf Toadfish","Opsanus beta",0,0,0,0,25.1,7.98,111.1,"polyhaline",25.43,8.42,NA,102,63,77,40.7,23.9,0.528571428571429,0.31038961038961,12.2,28.5,0,0,53,16.5,2125,1,1,"DRY","3","2016",2016-04-08,2,"food"
"Standard","C-2016-4-8-4",4086,2016-04-08,99,2016,2016,"DRY",4,8,0.434722222222222,"Seg1",4,25.61575,-80.3027,3,"Vert","Fish","Gulf Toadfish","Opsanus beta",0,0,0,0,24.6,6.96,96.2,"polyhaline",25.29,8.38,NA,96,5,73.5,16.1,42.5,0.219047619047619,0.578231292517007,0,16.1,0,0,6.5,13.5,1361,0,1,"DRY","4","2016",2016-04-08,1,"food"
"Standard","C-2016-4-8-5",4086,2016-04-08,99,2016,2016,"DRY",4,8,0.411805555555556,"Seg1",5,25.61378,-80.30602,3,"Vert","Fish","Gulf Toadfish","Opsanus beta",1,1,0.333333333333333,0,24.7,6.7,92.7,"polyhaline",25.01,8.39,NA,95,21,75,19.6,40.7,0.261333333333333,0.542666666666667,0,19.6,0,0,16.5,19.5,1259,2,0,"DRY","5","2016",2016-04-08,2,"food"
"Standard","C-2016-4-8-6",4086,2016-04-08,99,2016,2016,"DRY",4,8,0.363194444444444,"Seg1",6,25.60924,-80.30731,3,"Vert","Fish","Gulf Toadfish","Opsanus beta",0,0,0,0,24.7,3.56,48.7,"polyhaline",23.64,8.23,NA,68,27,70,32.1,24.3,0.458571428571429,0.347142857142857,0.1,32,0,0,43.5,15.5,747,1,4,"DRY","6","2016",2016-04-08,5,"food"
"Standard","C-2016-9-1-40",4232,2016-09-01,245,2016,2017,"WET",9,1,0.602083333333333,"Seg2",40,25.45868,-80.3372,3,"Vert","Fish","Gulf Toadfish","Opsanus beta",0,0,0,0,30.1,8.2,117.4,"mesohaline",14.17,7.92,NA,75,65,58,36.1,11.1,0.622413793103448,0.191379310344828,36,0.1,0,0,57,16.5,717.5,0,0,"WET","40","2016",2016-09-01,0,"no food"
"Standard","C-2016-9-1-41",4232,2016-09-01,245,2016,2017,"WET",9,1,0.579166666666667,"Seg2",41,25.45549,-80.33611,3,"Vert","Fish","Gulf Toadfish","Opsanus beta",0,0,0,0,30.4,5.74,81.5,"mesohaline",13.73,7.66,NA,90,65,30.5,21.1,1.4,0.691803278688525,0.0459016393442623,11.1,10,0,0,73,13,1166.9,0,0,"WET","41","2016",2016-09-01,0,"no food"
"Standard","C-2016-9-1-42",4232,2016-09-01,245,2016,2017,"WET",9,1,0.546527777777778,"Seg2",42,25.45065,-80.33061,3,"Vert","Fish","Gulf Toadfish","Opsanus beta",0,0,0,0,29.5,6.78,97.4,"mesohaline",13.46,7.75,NA,75,30,61.5,4.3,48.1,0.0699186991869919,0.782113821138211,4.3,0,0,0,77,16,1542.4,0,0,"WET","42","2016",2016-09-01,0,"no food"
"Standard","C-2016-9-1-43",4232,2016-09-01,245,2016,2017,"WET",9,1,0.515277777777778,"Seg2",43,25.44483,-80.33089,3,"Vert","Fish","Gulf Toadfish","Opsanus beta",0,0,0,0,29,7.08,98.6,"mesohaline",13.49,7.9,NA,105,70,80.5,55.5,18,0.68944099378882,0.22360248447205,55.5,0,0,0,83,16.5,465.6,1,0,"WET","43","2016",2016-09-01,1,"food"
"Standard","C-2016-9-1-44",4232,2016-09-01,245,2016,2017,"WET",9,1,0.484722222222222,"Seg2",44,25.44313,-80.3305,3,"Vert","Fish","Gulf Toadfish","Opsanus beta",0,0,0,0,28.8,6.99,97.6,"mesohaline",12.6,7.86,NA,85,85,47,26.6,11.4,0.565957446808511,0.242553191489362,10.4,16.2,0,0,80.5,10,462,4,0,"WET","44","2016",2016-09-01,4,"food"
"Standard","C-2016-9-1-45",4232,2016-09-01,245,2016,2017,"WET",9,1,0.452083333333333,"Seg2",45,25.4377,-80.32386,3,"Vert","Fish","Gulf Toadfish","Opsanus beta",0,0,0,0,28.5,4.9,69.4,"mesohaline",12.27,7.78,NA,110,85,88.5,52.6,22.2,0.594350282485876,0.250847457627119,52.5,0.1,0,0,91.5,22,1605.8,0,0,"WET","45","2016",2016-09-01,0,"no food"
"Standard","C-2016-9-1-46",4232,2016-09-01,245,2016,2017,"WET",9,1,0.426388888888889,"Seg2",46,25.43749,-80.32137,3,"Vert","Fish","Gulf Toadfish","Opsanus beta",0,0,0,0,28.5,6.55,89.5,"mesohaline",11.42,7.71,NA,90,13,72,36,28.7,0.5,0.398611111111111,25.5,10.5,0,0,13.5,17,1134.2,1,0,"WET","46","2016",2016-09-01,1,"food"
"Standard","C-2016-9-1-47",4232,2016-09-01,245,2016,2017,"WET",9,1,0.384722222222222,"Seg2",47,25.43685,-80.31973,3,"Vert","Fish","Gulf Toadfish","Opsanus beta",0,0,0,0,28,3.51,47.2,"mesohaline",11.06,7.19,NA,110,55,95,67,22,0.705263157894737,0.231578947368421,67,0,0,0,58,22,535.4,0,0,"WET","47","2016",2016-09-01,0,"no food"
"Standard","C-2016-9-14-24",4245,2016-09-14,258,2016,2017,"WET",9,14,0.588194444444444,"Seg2",24,25.51212,-80.33514,3,"Vert","Fish","Gulf Toadfish","Opsanus beta",0,0,0,0,31.7,6.23,87.6,"mesohaline",8.36,7.57,NA,55,35,41,24.2,4.2,0.590243902439024,0.102439024390244,10.2,14,0,0,42.5,10,1916.7,1,0,"WET","24","2016",2016-09-14,1,"food"
"Standard","C-2016-9-14-25",4245,2016-09-14,258,2016,2017,"WET",9,14,0.563194444444444,"Seg2",25,25.50942,-80.33559,3,"Vert","Fish","Gulf Toadfish","Opsanus beta",0,0,0,0,30.6,4.93,69.1,"mesohaline",8.37,7.52,NA,55,45,32,16.5,6.5,0.515625,0.203125,1,15.5,0,0,47.5,10,2031,2,1,"WET","25","2016",2016-09-14,3,"food"
"Standard","C-2016-9-14-26",4245,2016-09-14,258,2016,2017,"WET",9,14,0.538194444444444,"Seg2",26,25.50584,-80.33371,3,"Vert","Fish","Gulf Toadfish","Opsanus beta",0,0,0,0,31.5,4.83,70.3,"mesohaline",11.69,7.65,NA,60,45,39.5,32.3,0.9,0.817721518987342,0.0227848101265823,3.2,29.1,0,0,41,11.5,1789.5,1,1,"WET","26","2016",2016-09-14,2,"food"
"Standard","C-2016-9-14-27",4245,2016-09-14,258,2016,2017,"WET",9,14,0.500694444444444,"Seg2",27,25.50412,-80.33259,3,"Vert","Fish","Gulf Toadfish","Opsanus beta",0,0,0,0,30.5,4.17,58.6,"mesohaline",11.26,7.64,NA,65,50,84.5,69,5.4,0.816568047337278,0.063905325443787,35.5,33.5,0,0,59.5,14.5,557.7,0,0,"WET","27","2016",2016-09-14,0,"no food"
"Standard","C-2016-9-14-28",4245,2016-09-14,258,2016,2017,"WET",9,14,0.475694444444444,"Seg2",28,25.50515,-80.3367,3,"Vert","Fish","Gulf Toadfish","Opsanus beta",0,0,0,0,29.9,3.96,53.9,"mesohaline",9.29,7.58,NA,85,30,42,30.3,1.4,0.721428571428571,0.0333333333333333,1.3,29,0,0,38,14.5,1187.2,4,1,"WET","28","2016",2016-09-14,5,"food"
"Standard","C-2016-9-14-29",4245,2016-09-14,258,2016,2017,"WET",9,14,0.454166666666667,"Seg2",29,25.5046,-80.33762,3,"Vert","Fish","Gulf Toadfish","Opsanus beta",0,0,0,0,29.2,4.45,60.1,"mesohaline",8.88,7.66,NA,80,40,42,30.6,3.8,0.728571428571429,0.0904761904761905,4.1,26.5,0,0,42,13.5,970.1,6,0,"WET","29","2016",2016-09-14,6,"food"
"Standard","C-2016-9-14-30",4245,2016-09-14,258,2016,2017,"WET",9,14,0.427777777777778,"Seg2",30,25.49736,-80.33935,3,"Vert","Fish","Gulf Toadfish","Opsanus beta",0,0,0,0,29.6,3.43,48.3,"mesohaline",12.25,7.57,NA,100,40,61,45,3.3,0.737704918032787,0.0540983606557377,20.5,24.5,0,0,43.5,14.5,584.9,4,0,"WET","30","2016",2016-09-14,4,"food"
"Standard","C-2016-9-14-31",4245,2016-09-14,258,2016,2017,"WET",9,14,0.401388888888889,"Seg2",31,25.4933,-80.33867,3,"Vert","Fish","Gulf Toadfish","Opsanus beta",0,0,0,0,29.4,2.74,38.6,"mesohaline",10.95,7.5,NA,95,60,46,16,17.7,0.347826086956522,0.384782608695652,0.5,15.5,0,0,52,13,831.3,0,0,"WET","31","2016",2016-09-14,0,"no food"
"Standard","C-2016-9-14-32",4245,2016-09-14,258,2016,2017,"WET",9,14,0.377083333333333,"Seg2",32,25.4903,-80.3403,3,"Vert","Fish","Gulf Toadfish","Opsanus beta",0,0,0,0,29.6,2.62,35.9,"mesohaline",11.27,7.5,NA,100,25,37.5,23.5,0.8,0.626666666666667,0.0213333333333333,0,23.5,0,0,41,18.5,787.1,5,0,"WET","32","2016",2016-09-14,5,"food"
"Standard","C-2016-9-14-33",4245,2016-09-14,258,2016,2017,"WET",9,14,0.349305555555556,"Seg2",33,25.4869,-80.34,3,"Vert","Fish","Gulf Toadfish","Opsanus beta",0,0,0,0,29.1,1.56,21.5,"mesohaline",12.11,7.18,NA,105,35,60,48.1,5,0.801666666666667,0.0833333333333333,31.1,17,0,0,45.5,14,495.4,3,1,"WET","33","2016",2016-09-14,4,"food"
"Standard","C-2016-9-15-14",4246,2016-09-15,259,2016,2017,"WET",9,15,0.505555555555556,"Seg1",14,25.55183,-80.31007,3,"Vert","Fish","Gulf Toadfish","Opsanus beta",0,0,0,0,31.5,4.01,58.5,"mesohaline",12.3,7.67,NA,70,45,92.5,1,85.5,0.0108108108108108,0.924324324324324,0,1,0,0,22,15.5,1422.5,1,0,"WET","14","2016",2016-09-15,1,"food"
"Standard","C-2016-9-15-15",4246,2016-09-15,259,2016,2017,"WET",9,15,0.486111111111111,"Seg1",15,25.54512,-80.3124,3,"Vert","Fish","Gulf Toadfish","Opsanus beta",0,0,0,0,30.4,4.1,58.4,"mesohaline",11.37,7.59,NA,80,45,91.5,10,76,0.109289617486339,0.830601092896175,10,0,0,0,16,20.5,1205.3,0,0,"WET","15","2016",2016-09-15,0,"no food"
"Standard","C-2016-9-15-16",4246,2016-09-15,259,2016,2017,"WET",9,15,0.463194444444444,"Seg1",16,25.54042,-80.31277,3,"Vert","Fish","Gulf Toadfish","Opsanus beta",0,0,0,0,31.3,4.93,71,"mesohaline",11.85,7.71,NA,60,5,83.5,46.5,26.9,0.55688622754491,0.322155688622755,46.5,0,0,0,25.5,18,1409.8,0,0,"WET","16","2016",2016-09-15,0,"no food"
"Standard","C-2016-9-15-17",4246,2016-09-15,259,2016,2017,"WET",9,15,0.440277777777778,"Seg1",17,25.53758,-80.31334,3,"Vert","Fish","Gulf Toadfish","Opsanus beta",0,0,0,0,31,4.17,59.5,"mesohaline",11.66,7.66,NA,80,10,85.5,40.5,36.5,0.473684210526316,0.426900584795322,38.5,2,0,0,14,18.5,761.7,0,0,"WET","17","2016",2016-09-15,0,"no food"
"Standard","C-2016-9-15-18",4246,2016-09-15,259,2016,2017,"WET",9,15,0.566666666666667,"Seg2",18,25.53214,-80.32866,3,"Vert","Fish","Gulf Toadfish","Opsanus beta",0,0,0,0,32.1,9.61,137.2,"oligohaline",4.78,7.92,NA,55,5,44.5,12.5,26.4,0.280898876404494,0.593258426966292,0,12.5,0,0,6.5,10.5,1807.5,0,0,"WET","18","2016",2016-09-15,0,"no food"
"Standard","C-2016-9-15-19",4246,2016-09-15,259,2016,2017,"WET",9,15,0.598611111111111,"Seg2",19,25.52552,-80.33101,3,"Vert","Fish","Gulf Toadfish","Opsanus beta",0,0,0,0,31.7,6.55,92,"mesohaline",6.11,7.66,NA,55,20,52,21.5,24,0.413461538461538,0.461538461538462,0,21.5,0,0,15.5,15,1625.4,2,0,"WET","19","2016",2016-09-15,2,"food"
"Standard","C-2016-9-15-20",4246,2016-09-15,259,2016,2017,"WET",9,15,0.348611111111111,"Seg2",20,25.51839,-80.3309,3,"Vert","Fish","Gulf Toadfish","Opsanus beta",0,0,0,0,28.8,4.43,58.9,"mesohaline",5.69,7.33,NA,100,20,34,24.3,2.7,0.714705882352941,0.0794117647058824,0.2,24.1,0,0,32,17,470,3,0,"WET","20","2016",2016-09-15,3,"food"
"Standard","C-2016-9-15-21",4246,2016-09-15,259,2016,2017,"WET",9,15,0.372916666666667,"Seg2",21,25.5166,-80.33368,3,"Vert","Fish","Gulf Toadfish","Opsanus beta",0,0,0,0,29,4.79,63.7,"mesohaline",7.15,7.49,NA,80,35,90,39.8,38.7,0.442222222222222,0.43,0.3,39.5,0,0,43,16,864.7,6,1,"WET","21","2016",2016-09-15,7,"food"
"Standard","C-2016-9-15-22",4246,2016-09-15,259,2016,2017,"WET",9,15,0.392361111111111,"Seg2",22,25.51557,-80.33409,3,"Vert","Fish","Gulf Toadfish","Opsanus beta",0,0,0,0,30.4,3.92,55,"mesohaline",8.87,7.48,NA,100,20,37,17.4,11.5,0.47027027027027,0.310810810810811,0.4,17,0,0,30.5,16,744.8,4,0,"WET","22","2016",2016-09-15,4,"food"
"Standard","C-2016-9-15-23",4246,2016-09-15,259,2016,2017,"WET",9,15,0.409027777777778,"Seg2",23,25.51437,-80.33474,3,"Vert","Fish","Gulf Toadfish","Opsanus beta",0,0,0,0,30.2,3.43,49.1,"mesohaline",9.66,7.48,NA,95,45,55,21.4,21.6,0.389090909090909,0.392727272727273,0.9,20.5,0,0,30,15.5,1070,3,0,"WET","23","2016",2016-09-15,3,"food"
"Standard","C-2016-9-16-10",4247,2016-09-16,260,2016,2017,"WET",9,16,0.447222222222222,"Seg1",10,25.56946,-80.30258,3,"Vert","Fish","Gulf Toadfish","Opsanus beta",0,0,0,0,31.2,3.31,48.1,"mesohaline",13.26,7.64,NA,90,25,92.5,22.1,56.7,0.238918918918919,0.612972972972973,19.5,2.6,0,0,39,14.5,809.4,2,0,"WET","10","2016",2016-09-16,2,"food"
"Standard","C-2016-9-16-11",4247,2016-09-16,260,2016,2017,"WET",9,16,0.427083333333333,"Seg1",11,25.56836,-80.30344,3,"Vert","Fish","Gulf Toadfish","Opsanus beta",0,0,0,0,31,2.56,36,"mesohaline",13.21,7.6,NA,75,45,60.5,45.5,6.6,0.752066115702479,0.109090909090909,38.5,7,0,0,41.5,14.5,770.6,1,0,"WET","11","2016",2016-09-16,1,"food"
"Standard","C-2016-9-16-12",4247,2016-09-16,260,2016,2017,"WET",9,16,0.353472222222222,"Seg1",12,25.56168,-80.30756,3,"Vert","Fish","Gulf Toadfish","Opsanus beta",0,0,0,0,29.3,0.82,11.3,"mesohaline",12.35,7.3,NA,95,5,58,46,6.3,0.793103448275862,0.108620689655172,0,46,0,0,14.5,18,11.39,3,1,"WET","12","2016",2016-09-16,4,"food"
"Standard","C-2016-9-16-13",4247,2016-09-16,260,2016,2017,"WET",9,16,0.377083333333333,"Seg1",13,25.55797,-80.3075,3,"Vert","Fish","Gulf Toadfish","Opsanus beta",0,0,0,0,30.4,1.54,22,"mesohaline",12.6,7.52,NA,80,30,94,16.7,69,0.177659574468085,0.734042553191489,14.1,2.6,0,0,20.5,15.5,586.5,1,0,"WET","13","2016",2016-09-16,1,"food"
"Standard","C-2016-9-16-7",4247,2016-09-16,260,2016,2017,"WET",9,16,0.550694444444444,"Seg1",7,25.59433,-80.30779,3,"Vert","Fish","Gulf Toadfish","Opsanus beta",0,0,0,0,32.1,5.17,77.1,"mesohaline",15.35,7.75,NA,65,30,75,58,8.1,0.773333333333333,0.108,34,24,0,0,61,12,1628.5,0,0,"WET","7","2016",2016-09-16,0,"no food"
"Standard","C-2016-9-16-8",4247,2016-09-16,260,2016,2017,"WET",9,16,0.49375,"Seg1",8,25.57967,-80.30509,3,"Vert","Fish","Gulf Toadfish","Opsanus beta",0,0,0,0,31.9,7.17,105.6,"mesohaline",15.02,7.92,NA,45,1,76.5,5,61.9,0.065359477124183,0.809150326797386,1.5,3.5,0,0,1.8,7.5,1763,0,0,"WET","8","2016",2016-09-16,0,"no food"
"Standard","C-2016-9-16-9",4247,2016-09-16,260,2016,2017,"WET",9,16,0.470833333333333,"Seg1",9,25.57393,-80.30348,3,"Vert","Fish","Gulf Toadfish","Opsanus beta",0,0,0,0,31.4,3.28,46,"mesohaline",13.48,7.59,NA,70,30,39.5,19.5,7.2,0.493670886075949,0.182278481012658,15.5,4,0,0,15,10,1099.2,0,0,"WET","9","2016",2016-09-16,0,"no food"
"Standard","C-2016-9-17-1",4248,2016-09-17,261,2016,2017,"WET",9,17,0.4875,"Seg1",1,25.62929,-80.28863,3,"Vert","Fish","Gulf Toadfish","Opsanus beta",0,0,0,0,31.8,4.14,62.1,"mesohaline",17.37,7.78,NA,100,65,48.5,42,0.8,0.865979381443299,0.0164948453608247,35.5,6.5,0,0,47.5,28,NA,0,0,"WET","1","2016",2016-09-17,0,"no food"
"Standard","C-2016-9-17-2",4248,2016-09-17,261,2016,2017,"WET",9,17,0.459027777777778,"Seg1",2,25.62389,-80.29929,3,"Vert","Fish","Gulf Toadfish","Opsanus beta",0,0,0,0,31.5,1.79,25.5,"mesohaline",15.83,7.61,NA,110,40,33,24.7,0,0.748484848484849,0,0.6,23.6,0,0.5,24.5,18,NA,0,0,"WET","2","2016",2016-09-17,0,"no food"
"Standard","C-2016-9-17-3",4248,2016-09-17,261,2016,2017,"WET",9,17,0.4375,"Seg1",3,25.61752,-80.30158,3,"Vert","Fish","Gulf Toadfish","Opsanus beta",0,0,0,0,32.4,2.87,45.1,"mesohaline",16.6,7.73,NA,110,55,76.5,23.5,44.5,0.30718954248366,0.581699346405229,3.5,20,0,0,29.5,16,NA,1,0,"WET","3","2016",2016-09-17,1,"food"
"Standard","C-2016-9-17-4",4248,2016-09-17,261,2016,2017,"WET",9,17,0.419444444444444,"Seg1",4,25.61579,-80.30282,3,"Vert","Fish","Gulf Toadfish","Opsanus beta",0,0,0,0,31.9,3.52,52.2,"mesohaline",16.64,7.77,NA,80,1,58,52.6,0.3,0.906896551724138,0.00517241379310345,29.5,23,0,0.1,17.5,31.5,NA,0,0,"WET","4","2016",2016-09-17,0,"no food"
"Standard","C-2016-9-17-5",4248,2016-09-17,261,2016,2017,"WET",9,17,0.397222222222222,"Seg1",5,25.61375,-80.3061,3,"Vert","Fish","Gulf Toadfish","Opsanus beta",0,0,0,0,31.8,2.06,30.6,"mesohaline",16.37,7.66,NA,90,20,52.5,45.2,0.8,0.860952380952381,0.0152380952380952,3,41.6,0,0.6,19,21,NA,0,0,"WET","5","2016",2016-09-17,0,"no food"
"Standard","C-2016-9-17-6",4248,2016-09-17,261,2016,2017,"WET",9,17,0.354861111111111,"Seg1",6,25.60923,-80.30733,3,"Vert","Fish","Gulf Toadfish","Opsanus beta",0,0,0,0,31.5,0.66,9.7,"mesohaline",15.23,7.63,NA,70,40,84.5,78.7,1,0.931360946745562,0.0118343195266272,0,78.5,0,0.2,48,26,NA,0,0,"WET","6","2016",2016-09-17,0,"no food"
"Standard","C-2016-9-2-34",4233,2016-09-02,246,2016,2017,"WET",9,2,0.545833333333333,"Seg2",34,25.4854,-80.33969,3,"Vert","Fish","Gulf Toadfish","Opsanus beta",0,0,0,0,29.4,10.28,147.4,"mesohaline",14.17,7.98,NA,90,40,81.5,50.5,19.5,0.619631901840491,0.239263803680982,47.5,3,0,0,50.5,11.5,1519,0,0,"WET","34","2016",2016-09-02,0,"no food"
"Standard","C-2016-9-2-35",4233,2016-09-02,246,2016,2017,"WET",9,2,0.520833333333333,"Seg2",35,25.48045,-80.34012,3,"Vert","Fish","Gulf Toadfish","Opsanus beta",0,0,0,0,29.3,8.22,115.8,"mesohaline",13.68,7.83,NA,85,5,41,33.6,1.8,0.819512195121951,0.0439024390243902,8.6,25,0,0,44.5,6,1382.9,0,0,"WET","35","2016",2016-09-02,0,"no food"
"Standard","C-2016-9-2-36",4233,2016-09-02,246,2016,2017,"WET",9,2,0.502083333333333,"Seg2",36,25.47968,-80.34027,3,"Vert","Fish","Gulf Toadfish","Opsanus beta",0,0,0,0,29,7.41,102.7,"mesohaline",13.73,7.81,NA,90,40,33.5,25,2.3,0.746268656716418,0.0686567164179104,1,24,0,0,54.5,6,1493.2,1,0,"WET","36","2016",2016-09-02,1,"food"
"Standard","C-2016-9-2-37",4233,2016-09-02,246,2016,2017,"WET",9,2,0.477777777777778,"Seg2",37,25.477,-80.3403,3,"Vert","Fish","Gulf Toadfish","Opsanus beta",0,0,0,0,28.8,5.17,70.4,"mesohaline",13.51,7.63,NA,90,30,42,24.1,6.8,0.573809523809524,0.161904761904762,0.6,23.5,0,0,47.5,14,726,2,0,"WET","37","2016",2016-09-02,2,"food"
"Standard","C-2016-9-2-38",4233,2016-09-02,246,2016,2017,"WET",9,2,0.424305555555556,"Seg2",38,25.46902,-80.33997,3,"Vert","Fish","Gulf Toadfish","Opsanus beta",0,0,0,0,28.8,4.29,58.4,"mesohaline",13.46,7.6,NA,75,28,45,24.5,4.3,0.544444444444444,0.0955555555555555,3,21.5,0,0,72.6,11.5,469.9,3,0,"WET","38","2016",2016-09-02,3,"food"
"Standard","C-2016-9-2-39",4233,2016-09-02,246,2016,2017,"WET",9,2,0.394444444444444,"Seg2",39,25.46554,-80.33739,3,"Vert","Fish","Gulf Toadfish","Opsanus beta",0,0,0,0,29.5,1.29,18.2,"mesohaline",16.31,7.48,NA,84,46,31.5,20.1,2.7,0.638095238095238,0.0857142857142857,15,5.1,0,0,61,13.5,277,1,0,"WET","39","2016",2016-09-02,1,"food"
"Standard","C-2017-10-10-12",4636,2017-10-10,283,2017,2018,"WET",10,10,0.597222222222222,"Seg1",12,25.56169,-80.30749,3,"Vert","Fish","Gulf Toadfish","Opsanus beta",1,1,0.333333333333333,0,29.1,8.1,114,"mesohaline",14.21,8.06,NA,136,14,78.5,8,34.5,0.101910828025478,0.439490445859873,0,8,0,0,17.5,NA,370,1,0,"WET","12","2017",2017-10-10,1,"food"
"Standard","C-2017-10-10-13",4636,2017-10-10,283,2017,2018,"WET",10,10,0.563194444444444,"Seg1",13,25.55812,-80.30755,3,"Vert","Fish","Gulf Toadfish","Opsanus beta",1,1,0.333333333333333,0,28.8,7,98,"mesohaline",14.53,7.93,NA,117,25,68.5,4.5,40.5,0.0656934306569343,0.591240875912409,0,4.5,0,0,26,NA,330,0,2,"WET","13","2017",2017-10-10,2,"food"
"Standard","C-2017-10-10-14",4636,2017-10-10,283,2017,2018,"WET",10,10,0.511111111111111,"Seg1",14,25.55189,-80.31004,3,"Vert","Fish","Gulf Toadfish","Opsanus beta",1,1,0.333333333333333,0,28.6,7.8,109,"mesohaline",14.23,7.95,NA,93,40,52,0.7,30,0.0134615384615385,0.576923076923077,0.2,0.5,0,0,32.5,NA,500,0,1,"WET","14","2017",2017-10-10,1,"food"
"Standard","C-2017-10-10-15",4636,2017-10-10,283,2017,2018,"WET",10,10,0.484027777777778,"Seg1",15,25.54502,-80.31229,3,"Vert","Fish","Gulf Toadfish","Opsanus beta",0,0,0,0,28.1,5.8,81,"mesohaline",13.26,7.87,NA,95,43,70,16.1,18.6,0.23,0.265714285714286,0,16.1,0,0,58.2,NA,225,0,0,"WET","15","2017",2017-10-10,0,"no food"
"Standard","C-2017-10-10-16",4636,2017-10-10,283,2017,2018,"WET",10,10,0.459027777777778,"Seg1",16,25.54041,-80.31281,3,"Vert","Fish","Gulf Toadfish","Opsanus beta",0,0,0,0,28.3,7.9,107,"mesohaline",9.58,7.97,NA,64,35,63.5,40.5,7,0.637795275590551,0.110236220472441,0.5,40,0,0,70.5,NA,750,0,1,"WET","16","2017",2017-10-10,1,"food"
"Standard","C-2017-10-10-17",4636,2017-10-10,283,2017,2018,"WET",10,10,0.427777777777778,"Seg1",17,25.53751,-80.31332,3,"Vert","Fish","Gulf Toadfish","Opsanus beta",0,0,0,0,28.1,5.9,80,"mesohaline",8.37,7.94,NA,73,25,37.5,24.9,2.9,0.664,0.0773333333333333,0,24.9,0,0,15.5,NA,101,1,0,"WET","17","2017",2017-10-10,1,"food"
"Standard","C-2017-10-11-1",4637,2017-10-11,284,2017,2018,"WET",10,11,0.684722222222222,"Seg1",1,25.62913,-80.28877,3,"Vert","Fish","Gulf Toadfish","Opsanus beta",0,0,0,0,29,6.3,89,"mesohaline",15.18,8.04,NA,111,59,29.5,13.5,0.3,0.457627118644068,0.0101694915254237,9.4,4.1,0,0,28,NA,95.55,3,7,"WET","1","2017",2017-10-11,10,"food"
"Standard","C-2017-10-11-10",4637,2017-10-11,284,2017,2018,"WET",10,11,0.465972222222222,"Seg1",10,25.56929,-80.30257,3,"Vert","Fish","Gulf Toadfish","Opsanus beta",0,0,0,0,27.4,7.2,96,"mesohaline",11.29,8.01,NA,58,47,71,45,8.5,0.633802816901408,0.119718309859155,45,0,0,0,15,NA,295.9,0,0,"WET","10","2017",2017-10-11,0,"no food"
"Standard","C-2017-10-11-11",4637,2017-10-11,284,2017,2018,"WET",10,11,0.418055555555556,"Seg1",11,25.56847,-80.30323,3,"Vert","Fish","Gulf Toadfish","Opsanus beta",1,2,0.666666666666667,1,26.6,3.1,41,"mesohaline",11.31,7.92,NA,48,50,68.5,55,3.9,0.802919708029197,0.0569343065693431,54,1,0,0,14,NA,1091.9,2,1,"WET","11","2017",2017-10-11,3,"food"
"Standard","C-2017-10-11-2",4637,2017-10-11,284,2017,2018,"WET",10,11,0.640972222222222,"Seg1",2,25.62387,-80.29916,3,"Vert","Fish","Gulf Toadfish","Opsanus beta",0,0,0,0,29.6,8.7,127,"polyhaline",18.05,8.25,NA,110,42,63.5,23.6,6.9,0.371653543307087,0.108661417322835,0,23.6,0,0,26.5,NA,448.1,0,0,"WET","2","2017",2017-10-11,0,"no food"
"Standard","C-2017-10-11-3",4637,2017-10-11,284,2017,2018,"WET",10,11,0.613194444444444,"Seg1",3,25.61749,-80.30148,3,"Vert","Fish","Gulf Toadfish","Opsanus beta",0,0,0,0,28.7,8.7,124,"polyhaline",18.27,8.21,NA,93,82,73,52.5,1.1,0.719178082191781,0.0150684931506849,0,52.5,0,0,23.5,NA,906.2,0,1,"WET","3","2017",2017-10-11,1,"food"
"Standard","C-2017-10-11-7",4637,2017-10-11,284,2017,2018,"WET",10,11,0.56875,"Seg1",7,25.59448,-80.30782,3,"Vert","Fish","Gulf Toadfish","Opsanus beta",0,0,0,0,28.5,10.1,133,"mesohaline",5.03,8.33,NA,97,33,46.5,31.5,3.6,0.67741935483871,0.0774193548387097,21.5,10,0,0,37,NA,706.5,0,2,"WET","7","2017",2017-10-11,2,"food"
"Standard","C-2017-10-11-8",4637,2017-10-11,284,2017,2018,"WET",10,11,0.513888888888889,"Seg1",8,25.57961,-80.30497,3,"Vert","Fish","Gulf Toadfish","Opsanus beta",0,0,0,0,28.1,7.9,117,"mesohaline",10.03,8.08,NA,53,1,41.5,15.1,14.2,0.363855421686747,0.342168674698795,13,2.1,0,0,2,NA,1157,3,0,"WET","8","2017",2017-10-11,3,"food"
"Standard","C-2017-10-11-9",4637,2017-10-11,284,2017,2018,"WET",10,11,0.488888888888889,"Seg1",9,25.57386,-80.3034,3,"Vert","Fish","Gulf Toadfish","Opsanus beta",1,1,0.333333333333333,0,27.9,8.2,112,"mesohaline",10.76,8.09,NA,65,13,43.5,26,5.7,0.597701149425287,0.131034482758621,24.5,1.5,0,0,7.5,NA,1031.2,0,0,"WET","9","2017",2017-10-11,0,"no food"
"Standard","C-2017-10-13-4",4639,2017-10-13,286,2017,2018,"WET",10,13,0.7125,"Seg1",4,25.61585,-80.30274,3,"Vert","Fish","Gulf Toadfish","Opsanus beta",0,0,0,0,29.5,9.5,134,"mesohaline",11.78,8.04,NA,145,34,90.5,81.5,3.1,0.900552486187845,0.0342541436464088,6,75.5,0,0,4,NA,374,1,2,"WET","4","2017",2017-10-13,3,"food"
"Standard","C-2017-10-13-5",4639,2017-10-13,286,2017,2018,"WET",10,13,0.672222222222222,"Seg1",5,25.61368,-80.30609,3,"Vert","Fish","Gulf Toadfish","Opsanus beta",0,0,0,0,30.4,7.7,104,"oligohaline",2.18,7.76,NA,112,23,35,14,2.5,0.4,0.0714285714285714,0,14,0,0,13.5,NA,483,0,1,"WET","5","2017",2017-10-13,1,"food"
"Standard","C-2017-10-13-6",4639,2017-10-13,286,2017,2018,"WET",10,13,0.569444444444444,"Seg1",6,25.6093,-80.3074,3,"Vert","Fish","Gulf Toadfish","Opsanus beta",0,0,0,0,28.7,6.8,88,"oligohaline",0.5,7.85,NA,75,33,27,1,2.5,0.037037037037037,0.0925925925925926,0,1,0,0,40.5,NA,1506,0,0,"WET","6","2017",2017-10-13,0,"no food"
"Standard","C-2017-10-2-43",4628,2017-10-02,275,2017,2018,"WET",10,2,0.506944444444444,"Seg2",43,25.44467,-80.33096,3,"Vert","Fish","Gulf Toadfish","Opsanus beta",1,2,0.666666666666667,0,28.7,5,72,"polyhaline",20.11,7.86,NA,93,67,83,33,41,0.397590361445783,0.493975903614458,32.5,0.5,0,0,102.5,NA,91.09,0,0,"WET","43","2017",2017-10-02,0,"no food"
"Standard","C-2017-10-2-44",4628,2017-10-02,275,2017,2018,"WET",10,2,0.45625,"Seg2",44,25.44306,-80.33046,3,"Vert","Fish","Gulf Toadfish","Opsanus beta",1,18,6,5,28.7,3.9,56,"polyhaline",21.3,7.83,NA,80,105,53,10.5,31.5,0.19811320754717,0.594339622641509,0,10.5,0,0,71,NA,1626,5,0,"WET","44","2017",2017-10-02,5,"food"
"Standard","C-2017-10-2-45",4628,2017-10-02,275,2017,2018,"WET",10,2,0.420833333333333,"Seg2",45,25.43773,-80.32415,3,"Vert","Fish","Gulf Toadfish","Opsanus beta",1,2,0.666666666666667,1,28.6,4.4,65,"polyhaline",23.7,7.87,NA,114,56,85,43.1,27.2,0.507058823529412,0.32,43,0.1,0,0,40,NA,772,0,0,"WET","45","2017",2017-10-02,0,"no food"
"Standard","C-2017-10-2-46",4628,2017-10-02,275,2017,2018,"WET",10,2,0.394444444444444,"Seg2",46,25.43748,-80.32184,3,"Vert","Fish","Gulf Toadfish","Opsanus beta",1,1,0.333333333333333,0,28.5,4.9,72,"polyhaline",23.63,7.88,NA,107,20,60,41.5,11.5,0.691666666666667,0.191666666666667,25,16.5,0,0,1.7,NA,774.4,0,0,"WET","46","2017",2017-10-02,0,"no food"
"Standard","C-2017-10-2-47",4628,2017-10-02,275,2017,2018,"WET",10,2,0.35,"Seg2",47,25.43688,-80.31954,3,"Vert","Fish","Gulf Toadfish","Opsanus beta",1,2,0.666666666666667,0,28.4,4.2,62,"polyhaline",23.59,7.79,NA,165,44,94.5,56,0,0.592592592592593,0,56,0,0,0,40.5,NA,171,1,0,"WET","47","2017",2017-10-02,1,"food"
"Standard","C-2017-10-6-38",4632,2017-10-06,279,2017,2018,"WET",10,6,0.542361111111111,"Seg2",38,25.46924,-80.3401,3,"Vert","Fish","Gulf Toadfish","Opsanus beta",0,0,0,0,27.1,5.9,76,"oligohaline",4.38,7.86,NA,120,60,28,22.1,1,0.789285714285714,0.0357142857142857,0.1,22,0,0,54.5,NA,930,1,2,"WET","38","2017",2017-10-06,3,"food"
"Standard","C-2017-10-6-39",4632,2017-10-06,279,2017,2018,"WET",10,6,0.517361111111111,"Seg2",39,25.46571,-80.33754,3,"Vert","Fish","Gulf Toadfish","Opsanus beta",0,0,0,0,27.1,5.9,76,"mesohaline",5.26,7.87,NA,140,55,23,8.6,4.1,0.373913043478261,0.178260869565217,0,8.6,0,0,56,NA,515,3,2,"WET","39","2017",2017-10-06,5,"food"
"Standard","C-2017-10-6-40",4632,2017-10-06,279,2017,2018,"WET",10,6,0.44375,"Seg2",40,25.45874,-80.33715,3,"Vert","Fish","Gulf Toadfish","Opsanus beta",1,1,0.333333333333333,0,26.6,5.9,78,"mesohaline",9.67,8.03,NA,132,88,86,19.6,28.2,0.227906976744186,0.327906976744186,16.1,3.5,0,0,48.5,NA,580,1,0,"WET","40","2017",2017-10-06,1,"food"
"Standard","C-2017-10-6-41",4632,2017-10-06,279,2017,2018,"WET",10,6,0.414583333333333,"Seg2",41,25.45532,-80.33613,3,"Vert","Fish","Gulf Toadfish","Opsanus beta",1,3,1,1,26.5,5.8,77,"mesohaline",10.56,8.01,NA,123,82,72,20.6,44.7,0.286111111111111,0.620833333333333,7.6,13,0,0,53.5,NA,156,1,0,"WET","41","2017",2017-10-06,1,"food"
"Standard","C-2017-10-6-42",4632,2017-10-06,279,2017,2018,"WET",10,6,0.381944444444444,"Seg2",42,25.45036,-80.33055,3,"Vert","Fish","Gulf Toadfish","Opsanus beta",0,0,0,0,26.5,4.9,66,"mesohaline",12.91,7.84,NA,103,62,47.5,1,38.4,0.0210526315789474,0.808421052631579,1,0,0,0,14,NA,180,0,5,"WET","42","2017",2017-10-06,5,"food"
"Standard","C-2017-10-7-30",4633,2017-10-07,280,2017,2018,"WET",10,7,0.597916666666667,"Seg2",30,25.49728,-80.33931,3,"Vert","Fish","Gulf Toadfish","Opsanus beta",1,1,0.333333333333333,0,28.9,5.5,76,"mesohaline",8.38,7.92,NA,114,33,68,16.1,4.6,0.236764705882353,0.0676470588235294,2,14.1,0,0,20.5,NA,612,0,0,"WET","30","2017",2017-10-07,0,"no food"
"Standard","C-2017-10-7-31",4633,2017-10-07,280,2017,2018,"WET",10,7,0.552083333333333,"Seg2",31,25.4933,-80.33863,3,"Vert","Fish","Gulf Toadfish","Opsanus beta",0,0,0,0,28.7,6,80,"mesohaline",6.29,7.97,NA,123,52,30,15.5,0,0.516666666666667,0,0.5,15,0,0,47,NA,987,0,0,"WET","31","2017",2017-10-07,0,"no food"
"Standard","C-2017-10-7-32",4633,2017-10-07,280,2017,2018,"WET",10,7,0.522222222222222,"Seg2",32,25.49033,-80.3403,3,"Vert","Fish","Gulf Toadfish","Opsanus beta",0,0,0,0,28.3,5.9,79,"mesohaline",7.41,7.97,NA,144,25,62,48,1.1,0.774193548387097,0.017741935483871,0,48,0,0,19.5,NA,646,0,1,"WET","32","2017",2017-10-07,1,"food"
"Standard","C-2017-10-7-33",4633,2017-10-07,280,2017,2018,"WET",10,7,0.484027777777778,"Seg2",33,25.48694,-80.33996,3,"Vert","Fish","Gulf Toadfish","Opsanus beta",1,1,0.333333333333333,0,28,5.8,76,"mesohaline",8.19,7.96,NA,147,53,83,42.2,13.1,0.508433734939759,0.157831325301205,16.1,26.1,0,0,43.5,NA,1029,0,2,"WET","33","2017",2017-10-07,2,"food"
"Standard","C-2017-10-7-34",4633,2017-10-07,280,2017,2018,"WET",10,7,0.459722222222222,"Seg2",34,25.48522,-80.33969,3,"Vert","Fish","Gulf Toadfish","Opsanus beta",0,0,0,0,27.6,5.9,78,"mesohaline",8.86,7.95,NA,138,33,91,47.5,6.3,0.521978021978022,0.0692307692307692,31.5,16,0,0,40.5,NA,860,0,0,"WET","34","2017",2017-10-07,0,"no food"
"Standard","C-2017-10-7-35",4633,2017-10-07,280,2017,2018,"WET",10,7,0.432638888888889,"Seg2",35,25.48028,-80.34026,3,"Vert","Fish","Gulf Toadfish","Opsanus beta",0,0,0,0,27.3,4.2,56,"mesohaline",7.7,7.77,NA,116,41,41,8,0.1,0.195121951219512,0.0024390243902439,0,8,0,0,37.5,NA,481,0,0,"WET","35","2017",2017-10-07,0,"no food"
"Standard","C-2017-10-7-36",4633,2017-10-07,280,2017,2018,"WET",10,7,0.409027777777778,"Seg2",36,25.47966,-80.34027,3,"Vert","Fish","Gulf Toadfish","Opsanus beta",0,0,0,0,27.1,4.2,55,"mesohaline",7.62,7.76,NA,98,55,18,12,0,0.666666666666667,0,0,12,0,0,48.5,NA,265,0,0,"WET","36","2017",2017-10-07,0,"no food"
"Standard","C-2017-10-7-37",4633,2017-10-07,280,2017,2018,"WET",10,7,0.377083333333333,"Seg2",37,25.47711,-80.34027,3,"Vert","Fish","Gulf Toadfish","Opsanus beta",0,0,0,0,27,3.5,46,"mesohaline",8.01,7.76,NA,90,35,10,5.1,0.3,0.51,0.03,0,5,0,0.1,36,NA,161,0,0,"WET","37","2017",2017-10-07,0,"no food"
"Standard","C-2017-10-8-18",4634,2017-10-08,281,2017,2018,"WET",10,8,0.659722222222222,"Seg2",18,25.53189,-80.32871,3,"Vert","Fish","Gulf Toadfish","Opsanus beta",0,0,0,0,30,7,92,"oligohaline",1.06,7.8,NA,76,1,59.5,30.5,20,0.512605042016807,0.336134453781513,0,30.5,0,0,5,NA,854.6,0,1,"WET","18","2017",2017-10-08,1,"food"
"Standard","C-2017-10-8-19",4634,2017-10-08,281,2017,2018,"WET",10,8,0.633333333333333,"Seg2",19,25.52559,-80.33115,3,"Vert","Fish","Gulf Toadfish","Opsanus beta",0,0,0,0,29.9,5.6,74,"oligohaline",2.1,7.79,NA,93,10,25,11,5.6,0.44,0.224,0,11,0,0,19.5,NA,1148,0,1,"WET","19","2017",2017-10-08,1,"food"
"Standard","C-2017-10-8-20",4634,2017-10-08,281,2017,2018,"WET",10,8,0.611111111111111,"Seg2",20,25.51839,-80.33097,3,"Vert","Fish","Gulf Toadfish","Opsanus beta",0,0,0,0,29.8,7.1,94,"oligohaline",2.62,7.83,NA,112,31,60,46.5,3,0.775,0.05,0,46.5,0,0,22,NA,937.2,2,1,"WET","20","2017",2017-10-08,3,"food"
"Standard","C-2017-10-8-21",4634,2017-10-08,281,2017,2018,"WET",10,8,0.588194444444444,"Seg2",21,25.51652,-80.33372,3,"Vert","Fish","Gulf Toadfish","Opsanus beta",0,0,0,0,29.9,6,81,"oligohaline",3.63,7.88,NA,103,37,20.5,14.5,1,0.707317073170732,0.0487804878048781,0,14.5,0,0,28.5,NA,1126,0,7,"WET","21","2017",2017-10-08,7,"food"
"Standard","C-2017-10-8-22",4634,2017-10-08,281,2017,2018,"WET",10,8,0.569444444444444,"Seg2",22,25.51565,-80.33399,3,"Vert","Fish","Gulf Toadfish","Opsanus beta",0,0,0,0,29.6,6.1,81,"oligohaline",3.99,7.85,NA,130,33,52,32.7,10.1,0.628846153846154,0.194230769230769,1.2,28,0,3.5,34.5,NA,981,0,2,"WET","22","2017",2017-10-08,2,"food"
"Standard","C-2017-10-8-23",4634,2017-10-08,281,2017,2018,"WET",10,8,0.549305555555556,"Seg2",23,25.51443,-80.33471,3,"Vert","Fish","Gulf Toadfish","Opsanus beta",0,0,0,0,29.3,6.3,83,"oligohaline",4.29,7.84,NA,120,43,53,28.2,13.1,0.532075471698113,0.247169811320755,0.1,26,0,2.1,37,NA,981,0,0,"WET","23","2017",2017-10-08,0,"no food"
"Standard","C-2017-10-8-24",4634,2017-10-08,281,2017,2018,"WET",10,8,0.51875,"Seg2",24,25.51197,-80.33529,3,"Vert","Fish","Gulf Toadfish","Opsanus beta",0,0,0,0,29,7.1,95,"oligohaline",4.16,7.87,NA,105,45,42,20.5,10,0.488095238095238,0.238095238095238,0,20.5,0,0,22,NA,1109,2,1,"WET","24","2017",2017-10-08,3,"food"
"Standard","C-2017-10-8-25",4634,2017-10-08,281,2017,2018,"WET",10,8,0.499305555555556,"Seg2",25,25.50953,-80.33561,3,"Vert","Fish","Gulf Toadfish","Opsanus beta",0,0,0,0,28.8,5.9,79,"oligohaline",4.63,7.85,NA,111,32,34,22.1,6.6,0.65,0.194117647058824,1.1,21,0,0,18.5,NA,1016,0,1,"WET","25","2017",2017-10-08,1,"food"
"Standard","C-2017-10-8-26",4634,2017-10-08,281,2017,2018,"WET",10,8,0.476388888888889,"Seg2",26,25.50575,-80.33369,3,"Vert","Fish","Gulf Toadfish","Opsanus beta",1,1,0.333333333333333,0,28.7,7.2,97,"mesohaline",5.25,7.92,NA,102,63,27.5,21.6,1,0.785454545454546,0.0363636363636364,1.1,20.5,0,0,32.5,NA,924,3,3,"WET","26","2017",2017-10-08,6,"food"
"Standard","C-2017-10-8-27",4634,2017-10-08,281,2017,2018,"WET",10,8,0.45625,"Seg2",27,25.50394,-80.3326,3,"Vert","Fish","Gulf Toadfish","Opsanus beta",1,1,0.333333333333333,0,28.5,5.9,75,"mesohaline",6.3,7.95,NA,95,62,87.5,57,24.6,0.651428571428571,0.281142857142857,41,16,0,0,41,NA,921,1,4,"WET","27","2017",2017-10-08,5,"food"
"Standard","C-2017-10-8-28",4634,2017-10-08,281,2017,2018,"WET",10,8,0.431944444444444,"Seg2",28,25.50504,-80.33661,3,"Vert","Fish","Gulf Toadfish","Opsanus beta",0,0,0,0,28.6,4,54,"mesohaline",9.16,7.84,NA,118,35,47.5,35.7,3.1,0.751578947368421,0.0652631578947368,1.7,34,0,0,42,NA,742,2,2,"WET","28","2017",2017-10-08,4,"food"
"Standard","C-2017-10-8-29",4634,2017-10-08,281,2017,2018,"WET",10,8,0.395833333333333,"Seg2",29,25.50446,-80.33781,3,"Vert","Fish","Gulf Toadfish","Opsanus beta",1,2,0.666666666666667,1,28.1,4,54,"mesohaline",9.8,7.86,NA,84,22,52,33.6,9.5,0.646153846153846,0.182692307692308,18.1,15.5,0,0,25.5,NA,624,0,2,"WET","29","2017",2017-10-08,2,"food"
"Standard","C-2017-3-10-41",4422,2017-03-10,69,2017,2017,"DRY",3,10,0.506944444444444,"Seg2",41,25.45549,-80.3361,3,"Vert","Fish","Gulf Toadfish","Opsanus beta",0,0,0,0,26.6,8.06,115.4,"polyhaline",24.47,8.1,NA,54,83,80.5,17,55.6,0.211180124223602,0.690683229813665,16.5,0.5,0,0,87.5,NA,1820,1,0,"DRY","41","2017",2017-03-10,1,"food"
"Standard","C-2017-3-10-42",4422,2017-03-10,69,2017,2017,"DRY",3,10,0.48125,"Seg2",42,25.45043,-80.3306,3,"Vert","Fish","Gulf Toadfish","Opsanus beta",0,0,0,0,24.9,7.85,107.2,"polyhaline",22.69,8.05,NA,73,107,77.5,6.2,63.5,0.08,0.819354838709677,6.2,0,0,0,103.5,NA,1750,0,0,"DRY","42","2017",2017-03-10,0,"no food"
"Standard","C-2017-3-10-43",4422,2017-03-10,69,2017,2017,"DRY",3,10,0.451388888888889,"Seg2",43,25.4447,-80.3311,3,"Vert","Fish","Gulf Toadfish","Opsanus beta",0,0,0,0,24.5,7.26,98.3,"polyhaline",21.37,8.07,NA,65,95,88,19.3,61.9,0.219318181818182,0.703409090909091,15.7,3.6,0,0,75.5,NA,1500,2,0,"DRY","43","2017",2017-03-10,2,"food"
"Standard","C-2017-3-10-44",4422,2017-03-10,69,2017,2017,"DRY",3,10,0.416666666666667,"Seg2",44,25.44313,-80.3305,3,"Vert","Fish","Gulf Toadfish","Opsanus beta",1,1,0.333333333333333,0,24.1,7.08,95.5,"polyhaline",21.14,8.02,NA,65,63,68.5,46.1,13.9,0.672992700729927,0.202919708029197,5.6,40.5,0,0,86,NA,1750,0,0,"DRY","44","2017",2017-03-10,0,"no food"
"Standard","C-2017-3-10-45",4422,2017-03-10,69,2017,2017,"DRY",3,10,0.385416666666667,"Seg2",45,25.43767,-80.3242,3,"Vert","Fish","Gulf Toadfish","Opsanus beta",1,1,0.333333333333333,0,23.2,7.42,98.5,"polyhaline",19.87,7.98,NA,80,95,94,23.5,65.2,0.25,0.693617021276596,23.5,0,0,0,61.5,NA,1211,0,0,"DRY","45","2017",2017-03-10,0,"no food"
"Standard","C-2017-3-10-46",4422,2017-03-10,69,2017,2017,"DRY",3,10,0.3625,"Seg2",46,25.43742,-80.3217,3,"Vert","Fish","Gulf Toadfish","Opsanus beta",0,0,0,0,22.8,7.08,92.5,"polyhaline",18.78,7.98,NA,74,6,75,11.1,56,0.148,0.746666666666667,2.5,8.6,0,0,4.1,NA,1120,2,0,"DRY","46","2017",2017-03-10,2,"food"
"Standard","C-2017-3-10-47",4422,2017-03-10,69,2017,2017,"DRY",3,10,0.326388888888889,"Seg2",47,25.43708,-80.3194,3,"Vert","Fish","Gulf Toadfish","Opsanus beta",0,0,0,0,23.1,4.76,61.1,"mesohaline",17.49,7.83,NA,90,82,92.5,33.5,49.3,0.362162162162162,0.532972972972973,33.5,0,0,0,18,NA,530,0,0,"DRY","47","2017",2017-03-10,0,"no food"
"Standard","C-2017-3-11-31",4423,2017-03-11,70,2017,2017,"DRY",3,11,0.548611111111111,"Seg2",31,25.49321,-80.3386,3,"Vert","Fish","Gulf Toadfish","Opsanus beta",0,0,0,0,25.7,6.8,96.1,"polyhaline",23.44,7.93,NA,80,19,35.625,14.7,4.6,0.412631578947368,0.129122807017544,0.1,14.6,0,0,48.625,NA,1321.3,2,0,"DRY","31","2017",2017-03-11,2,"food"
"Standard","C-2017-3-11-32",4423,2017-03-11,70,2017,2017,"DRY",3,11,0.524305555555556,"Seg2",32,25.4903,-80.3403,3,"Vert","Fish","Gulf Toadfish","Opsanus beta",0,0,0,0,26.2,7.35,106.3,"polyhaline",23.44,8.08,NA,75,10,47.5,30,7.6,0.631578947368421,0.16,0,30,0,0,19.3,NA,1522,0,0,"DRY","32","2017",2017-03-11,0,"no food"
"Standard","C-2017-3-11-33",4423,2017-03-11,70,2017,2017,"DRY",3,11,0.495138888888889,"Seg2",33,25.4869,-80.34,3,"Vert","Fish","Gulf Toadfish","Opsanus beta",0,0,0,0,26.1,9.33,133.8,"polyhaline",23.05,8.13,NA,79,71,70.5,38.5,14.7,0.546099290780142,0.208510638297872,17.5,21,0,0,52.6,NA,1512,1,0,"DRY","33","2017",2017-03-11,1,"food"
"Standard","C-2017-3-11-34",4423,2017-03-11,70,2017,2017,"DRY",3,11,0.479166666666667,"Seg2",34,25.48522,-80.3397,3,"Vert","Fish","Gulf Toadfish","Opsanus beta",0,0,0,0,25,6.51,89.2,"polyhaline",22.04,7.97,NA,95,15,62,29.9,12.8,0.482258064516129,0.206451612903226,13.9,16,0,0,36.7,NA,1211.3,3,0,"DRY","34","2017",2017-03-11,3,"food"
"Standard","C-2017-3-11-35",4423,2017-03-11,70,2017,2017,"DRY",3,11,0.451388888888889,"Seg2",35,25.48029,-80.3403,3,"Vert","Fish","Gulf Toadfish","Opsanus beta",0,0,0,0,25,6.28,86.1,"polyhaline",21.22,8.07,NA,97,38,49.5,21.5,11.5,0.434343434343434,0.232323232323232,0,21.5,0,0,40.7,NA,1108.7,2,0,"DRY","35","2017",2017-03-11,2,"food"
"Standard","C-2017-3-11-36",4423,2017-03-11,70,2017,2017,"DRY",3,11,0.427083333333333,"Seg2",36,25.47961,-80.3403,3,"Vert","Fish","Gulf Toadfish","Opsanus beta",0,0,0,0,24.6,5.56,75.2,"polyhaline",20.41,8.03,NA,87,52,60.5,22.5,10.3,0.371900826446281,0.170247933884298,0.5,22,0,0,50.9,NA,1181.3,2,0,"DRY","36","2017",2017-03-11,2,"food"
"Standard","C-2017-3-11-37",4423,2017-03-11,70,2017,2017,"DRY",3,11,0.404861111111111,"Seg2",37,25.477,-80.3403,3,"Vert","Fish","Gulf Toadfish","Opsanus beta",0,0,0,0,24.7,5.75,77.7,"polyhaline",21.28,8.07,NA,83,47,55,26.1,10.4,0.474545454545455,0.189090909090909,0.1,26,0,0,35.9,NA,777.3,1,1,"DRY","37","2017",2017-03-11,2,"food"
"Standard","C-2017-3-11-38",4423,2017-03-11,70,2017,2017,"DRY",3,11,0.359722222222222,"Seg2",38,25.46918,-80.3401,3,"Vert","Fish","Gulf Toadfish","Opsanus beta",0,0,0,0,24.9,7.42,100.4,"polyhaline",21.3,8.13,NA,90,72,58.5,18.1,12.8,0.309401709401709,0.218803418803419,0,18.1,0,0,60.7,NA,885.6,1,0,"DRY","38","2017",2017-03-11,1,"food"
"Standard","C-2017-3-11-39",4423,2017-03-11,70,2017,2017,"DRY",3,11,0.335416666666667,"Seg2",39,25.46573,-80.3376,3,"Vert","Fish","Gulf Toadfish","Opsanus beta",0,0,0,0,23.2,6.66,87.2,"polyhaline",20.81,8.13,NA,75,63,41,10.3,17.7,0.251219512195122,0.431707317073171,0.1,10.2,0,0,71.8,NA,351,1,0,"DRY","39","2017",2017-03-11,1,"food"
"Standard","C-2017-3-11-40",4423,2017-03-11,70,2017,2017,"DRY",3,11,0.293055555555556,"Seg2",40,25.45868,-80.3372,3,"Vert","Fish","Gulf Toadfish","Opsanus beta",1,2,0.666666666666667,0,24.1,2.56,34,"polyhaline",19.82,7.95,NA,70,55,89.375,28.125,48.875,0.314685314685315,0.546853146853147,27.5,0.625,0,0,66.25,NA,90.21,0,0,"DRY","40","2017",2017-03-11,0,"no food"
"Standard","C-2017-3-12-19",4424,2017-03-12,71,2017,2017,"DRY",3,12,0.58125,"Seg2",19,25.5256,-80.33118,3,"Vert","Fish","Gulf Toadfish","Opsanus beta",0,0,0,0,24.6,7.4,102.1,"polyhaline",23.7,8.07,NA,65,20,67.5,44.5,14.6,0.659259259259259,0.216296296296296,0,44.5,0,0,13.7,NA,-555,0,0,"DRY","19","2017",2017-03-12,0,"no food"
"Standard","C-2017-3-12-20",4424,2017-03-12,71,2017,2017,"DRY",3,12,0.558333333333333,"Seg2",20,25.51834,-80.33096,3,"Vert","Fish","Gulf Toadfish","Opsanus beta",0,0,0,0,24.7,8.05,109.3,"polyhaline",22.74,8.11,NA,95,20,73,60,4.6,0.821917808219178,0.063013698630137,0,60,0,0,31.1,NA,-499,0,0,"DRY","20","2017",2017-03-12,0,"no food"
"Standard","C-2017-3-12-22",4424,2017-03-12,71,2017,2017,"DRY",3,12,0.517361111111111,"Seg2",22,25.51557,-80.334,3,"Vert","Fish","Gulf Toadfish","Opsanus beta",0,0,0,0,24.2,5.78,77.7,"polyhaline",21.02,7.96,NA,100,10,73,53.5,11.7,0.732876712328767,0.16027397260274,0,53.5,0,0,29.8,NA,-365,2,0,"DRY","22","2017",2017-03-12,2,"food"
"Standard","C-2017-3-12-23",4424,2017-03-12,71,2017,2017,"DRY",3,12,0.496527777777778,"Seg2",23,25.51452,-80.33472,3,"Vert","Fish","Gulf Toadfish","Opsanus beta",0,0,0,0,24.2,5.83,79,"polyhaline",21.5,7.97,NA,90,15,75.5,52.5,14.7,0.695364238410596,0.194701986754967,0,52.5,0,0,30.1,NA,-693,0,1,"DRY","23","2017",2017-03-12,1,"food"
"Standard","C-2017-3-12-24",4424,2017-03-12,71,2017,2017,"DRY",3,12,0.477083333333333,"Seg2",24,25.51208,-80.33517,3,"Vert","Fish","Gulf Toadfish","Opsanus beta",0,0,0,0,24.2,5.81,79.1,"polyhaline",21.1,7.96,NA,100,35,68.5,46.5,12.4,0.678832116788321,0.181021897810219,1.5,45,0,0,36.6,NA,-396,3,0,"DRY","24","2017",2017-03-12,3,"food"
"Standard","C-2017-3-12-25",4424,2017-03-12,71,2017,2017,"DRY",3,12,0.453472222222222,"Seg2",25,25.50952,-80.3356,3,"Vert","Fish","Gulf Toadfish","Opsanus beta",1,1,0.333333333333333,0,24.2,4.89,66,"polyhaline",20.45,7.89,NA,90,30,93,32,50.2,0.344086021505376,0.539784946236559,0,29.5,0,2.5,42.6,NA,-512,0,0,"DRY","25","2017",2017-03-12,0,"no food"
"Standard","C-2017-3-12-26",4424,2017-03-12,71,2017,2017,"DRY",3,12,0.430555555555556,"Seg2",26,25.50558,-80.33364,3,"Vert","Fish","Gulf Toadfish","Opsanus beta",0,0,0,0,24.4,5.36,72.8,"polyhaline",21.73,7.99,NA,85,43,54.5,28,15.7,0.513761467889908,0.288073394495413,0,28,0,0,44.7,NA,-567,0,0,"DRY","26","2017",2017-03-12,0,"no food"
"Standard","C-2017-3-12-27",4424,2017-03-12,71,2017,2017,"DRY",3,12,0.407638888888889,"Seg2",27,25.50401,-80.3326,3,"Vert","Fish","Gulf Toadfish","Opsanus beta",0,0,0,0,24.2,5.78,78.3,"polyhaline",21.68,8.05,NA,75,70,77,46,17,0.597402597402597,0.220779220779221,30,16,0,0,46.3,NA,-325,0,0,"DRY","27","2017",2017-03-12,0,"no food"
"Standard","C-2017-3-12-29",4424,2017-03-12,71,2017,2017,"DRY",3,12,0.3625,"Seg2",29,25.50438,-80.3377,3,"Vert","Fish","Gulf Toadfish","Opsanus beta",0,0,0,0,23.1,4.71,62.2,"polyhaline",20.28,7.9,NA,77,13,53.5,28.6,14.1,0.534579439252337,0.263551401869159,12.1,16.5,0,0,30.4,NA,-286,4,0,"DRY","29","2017",2017-03-12,4,"food"
"Standard","C-2017-3-13-10",4425,2017-03-13,72,2017,2017,"DRY",3,13,0.563888888888889,"Seg1",10,25.56941,-80.3026,3,"Vert","Fish","Gulf Toadfish","Opsanus beta",1,3,1,1,24.8,4.43,64.1,"euhaline",32.44,7.73,NA,88,17,86.5,15.7,53.6,0.18150289017341,0.619653179190751,15,0.7,0,0,14.7,NA,NA,3,1,"DRY","10","2017",2017-03-13,4,"food"
"Standard","C-2017-3-13-11",4425,2017-03-13,72,2017,2017,"DRY",3,13,0.55,"Seg1",11,25.56847,-80.30326,3,"Vert","Fish","Gulf Toadfish","Opsanus beta",0,0,0,0,24.8,4.24,62.2,"euhaline",32.12,7.75,NA,85,15,80,18.5,23.7,0.23125,0.29625,18,0.5,0,0,9.8,NA,NA,1,0,"DRY","11","2017",2017-03-13,1,"food"
"Standard","C-2017-3-13-12",4425,2017-03-13,72,2017,2017,"DRY",3,13,0.497222222222222,"Seg1",12,25.56176,-80.3076,3,"Vert","Fish","Gulf Toadfish","Opsanus beta",0,0,0,0,24.8,4.67,69.5,"euhaline",31.58,7.87,NA,130,30,55,15.7,33,0.285454545454545,0.6,0,15.7,0,0,16,NA,NA,4,0,"DRY","12","2017",2017-03-13,4,"food"
"Standard","C-2017-3-13-13",4425,2017-03-13,72,2017,2017,"DRY",3,13,0.480555555555556,"Seg1",13,25.55806,-80.3075,3,"Vert","Fish","Gulf Toadfish","Opsanus beta",1,1,0.333333333333333,0,24.6,4.81,70,"euhaline",30.6,7.89,NA,100,45,90.5,0.8,86.8,0.00883977900552486,0.959116022099447,0.2,0.6,0,0,15.8,NA,NA,2,0,"DRY","13","2017",2017-03-13,2,"food"
"Standard","C-2017-3-13-14",4425,2017-03-13,72,2017,2017,"DRY",3,13,0.432638888888889,"Seg1",14,25.5518,-80.3101,3,"Vert","Fish","Gulf Toadfish","Opsanus beta",0,0,0,0,24.2,3.14,44.4,"polyhaline",28.98,7.78,NA,98,7,88,0.2,80.8,0.00227272727272727,0.918181818181818,0.1,0.1,0,0,10.5,NA,NA,0,0,"DRY","14","2017",2017-03-13,0,"no food"
"Standard","C-2017-3-13-15",4425,2017-03-13,72,2017,2017,"DRY",3,13,0.406944444444444,"Seg1",15,25.54509,-80.3124,3,"Vert","Fish","Gulf Toadfish","Opsanus beta",0,0,0,0,23.9,3.96,55.2,"polyhaline",27.29,7.93,NA,115,40,81,14.1,56.9,0.174074074074074,0.702469135802469,11.5,2.6,0,0,16.3,NA,NA,2,0,"DRY","15","2017",2017-03-13,2,"food"
"Standard","C-2017-3-13-16",4425,2017-03-13,72,2017,2017,"DRY",3,13,0.383333333333333,"Seg1",16,25.54042,-80.3128,3,"Vert","Fish","Gulf Toadfish","Opsanus beta",0,0,0,0,24,4.29,59.7,"polyhaline",26.074,7.98,NA,75,0,21,7.1,6.3,0.338095238095238,0.3,7.1,0,0,0,13.8,NA,-1783,1,0,"DRY","16","2017",2017-03-13,1,"food"
"Standard","C-2017-3-13-17",4425,2017-03-13,72,2017,2017,"DRY",3,13,0.344444444444444,"Seg1",17,25.53753,-80.3133,3,"Vert","Fish","Gulf Toadfish","Opsanus beta",1,2,0.666666666666667,1,23.8,3.42,45.2,"polyhaline",21.98,7.89,NA,78,37,88,28.6,48.5,0.325,0.551136363636364,28.5,0.1,0,0,16.1,NA,NA,2,0,"DRY","17","2017",2017-03-13,2,"food"
"Standard","C-2017-3-13-9",4425,2017-03-13,72,2017,2017,"DRY",3,13,0.589583333333333,"Seg1",9,25.57401,-80.30332,3,"Vert","Fish","Gulf Toadfish","Opsanus beta",0,0,0,0,26,6.6,99.3,"euhaline",33.48,7.91,NA,70,12,81,6,13.8,0.0740740740740741,0.17037037037037,6,0,0,0,9.1,NA,NA,1,0,"DRY","9","2017",2017-03-13,1,"food"
"Standard","C-2017-3-14-1",4426,2017-03-14,73,2017,2017,"DRY",3,14,0.583333333333333,"Seg1",1,25.62922,-80.2887,3,"Vert","Fish","Gulf Toadfish","Opsanus beta",0,0,0,0,25.8,7.14,105.6,"euhaline",33.2,8.11,NA,80,60,35,21.7,1.5,0.62,0.0428571428571429,4.1,17.6,0,0,79.6,NA,NA,5,0,"DRY","1","2017",2017-03-14,5,"food"
"Standard","C-2017-3-14-2",4426,2017-03-14,73,2017,2017,"DRY",3,14,0.549305555555556,"Seg1",2,25.62386,-80.29919,3,"Vert","Fish","Gulf Toadfish","Opsanus beta",0,0,0,0,25.8,5.76,85.6,"euhaline",32.09,8.11,NA,105,20,26.5,16,0.2,0.60377358490566,0.00754716981132075,0,16,0,0,43.5,NA,NA,10,0,"DRY","2","2017",2017-03-14,10,"food"
"Standard","C-2017-3-14-3",4426,2017-03-14,73,2017,2017,"DRY",3,14,0.515972222222222,"Seg1",3,25.61747,-80.3015,3,"Vert","Fish","Gulf Toadfish","Opsanus beta",0,0,0,0,25.8,6.14,90.4,"euhaline",33.01,8.15,NA,85,65,71,44.2,9.5,0.622535211267606,0.133802816901408,0.2,44,0,0,76.1,NA,NA,2,0,"DRY","3","2017",2017-03-14,2,"food"
"Standard","C-2017-3-14-4",4426,2017-03-14,73,2017,2017,"DRY",3,14,0.494444444444444,"Seg1",4,25.6159,-80.303,3,"Vert","Fish","Gulf Toadfish","Opsanus beta",0,0,0,0,25.2,5.66,79.9,"euhaline",32.62,8.09,NA,80,0,81.5,16.5,50.7,0.202453987730061,0.622085889570552,0,16.5,0,0,0,NA,NA,0,0,"DRY","4","2017",2017-03-14,0,"no food"
"Standard","C-2017-3-14-5",4426,2017-03-14,73,2017,2017,"DRY",3,14,0.473611111111111,"Seg1",5,25.61375,-80.3061,3,"Vert","Fish","Gulf Toadfish","Opsanus beta",0,0,0,0,25.6,5.7,83.7,"euhaline",32.16,8.12,NA,95,19,53,20.1,11.2,0.379245283018868,0.211320754716981,0,20.1,0,0,14.1,NA,NA,5,0,"DRY","5","2017",2017-03-14,5,"food"
"Standard","C-2017-3-14-6",4426,2017-03-14,73,2017,2017,"DRY",3,14,0.433333333333333,"Seg1",6,25.60924,-80.30731,3,"Vert","Fish","Gulf Toadfish","Opsanus beta",0,0,0,0,24.8,3.93,55.3,"euhaline",30.1,8.01,NA,80,40,79,28.5,28.6,0.360759493670886,0.362025316455696,0,28.5,0,0,47,NA,NA,0,0,"DRY","6","2017",2017-03-14,0,"no food"
"Standard","C-2017-3-14-7",4426,2017-03-14,73,2017,2017,"DRY",3,14,0.400694444444444,"Seg1",7,25.5944,-80.30791,3,"Vert","Fish","Gulf Toadfish","Opsanus beta",1,1,0.333333333333333,0,25,2.85,42.8,"euhaline",30.402,7.86,NA,70,35,80.5,35.5,22.5,0.440993788819876,0.279503105590062,12,23.5,0,0,38.4,NA,NA,4,0,"DRY","7","2017",2017-03-14,4,"food"
"Standard","C-2017-3-14-8",4426,2017-03-14,73,2017,2017,"DRY",3,14,0.346527777777778,"Seg1",8,25.57945,-80.30478,3,"Vert","Fish","Gulf Toadfish","Opsanus beta",0,0,0,0,23.6,3.32,45.1,"polyhaline",25.7,7.76,NA,48,0,84.5,9.1,57.1,0.107692307692308,0.675739644970414,6.1,3,0,0,5,NA,NA,0,0,"DRY","8","2017",2017-03-14,0,"no food"
"Standard","C-2018-2-26-41",4775,2018-02-26,57,2018,2018,"DRY",2,26,0.43125,"Seg2",41,25.45535,-80.3361,3,"Vert","Fish","Gulf Toadfish","Opsanus beta",0,0,0,0,25.8,10.2,142,"polyhaline",25.37,7.96,NA,43,73,87.5,42.5,22.8,0.485714285714286,0.260571428571429,41,1.5,0,0,51.5555555555556,17.2,1811,2,2,"DRY","41","2018",2018-02-26,4,"food"
"Standard","C-2018-2-26-42",4775,2018-02-26,57,2018,2018,"DRY",2,26,0.399305555555556,"Seg2",42,25.4505,-80.33054,3,"Vert","Fish","Gulf Toadfish","Opsanus beta",0,0,0,0,24.5,6.8,96,"polyhaline",29.26,7.71,NA,53,27,85,7,73.1,0.0823529411764706,0.86,6.5,0.5,0,0,54.6,13.7,158.4,1,0,"DRY","42","2018",2018-02-26,1,"food"
"Standard","C-2018-2-26-47",4775,2018-02-26,57,2018,2018,"DRY",2,26,0.334027777777778,"Seg2",47,25.43726,-80.3193,3,"Vert","Fish","Gulf Toadfish","Opsanus beta",1,1,0.333333333333333,0,24.1,5,71,"euhaline",32.12,7.35,NA,65,25,84.5,35,15.4,0.414201183431953,0.182248520710059,35,0,0,0,54.3,19.1,240.9,1,1,"DRY","47","2018",2018-02-26,2,"food"
"Standard","C-2018-2-27-38",4776,2018-02-27,58,2018,2018,"DRY",2,27,0.465277777777778,"Seg2",38,25.46915,-80.33999,3,"Vert","Fish","Gulf Toadfish","Opsanus beta",0,0,0,0,28.5,6.6,99,"polyhaline",27.46,8.12,NA,55,61,14.5,8.5,1,0.586206896551724,0.0689655172413793,0,8.5,0,0,25.5,12.3,1656.1,1,1,"DRY","38","2018",2018-02-27,2,"food"
"Standard","C-2018-2-27-39",4776,2018-02-27,58,2018,2018,"DRY",2,27,0.439583333333333,"Seg2",39,25.46579,-80.33752,3,"Vert","Fish","Gulf Toadfish","Opsanus beta",0,0,0,0,27.3,5.5,82,"polyhaline",28.7,8.08,NA,90,55,48,17.7,6.6,0.36875,0.1375,1.1,16.6,0,0,27.1,6,1323.7,0,2,"DRY","39","2018",2018-02-27,2,"food"
"Standard","C-2018-2-27-40",4776,2018-02-27,58,2018,2018,"DRY",2,27,0.407638888888889,"Seg2",40,25.45869,-80.33714,3,"Vert","Fish","Gulf Toadfish","Opsanus beta",1,3,1,1,27.1,5.3,80,"euhaline",32.13,8.04,NA,81,46,96,28.7,24.4,0.298958333333333,0.254166666666667,24.5,4.2,0,0,29,16.8,1390.9,4,1,"DRY","40","2018",2018-02-27,5,"food"
"Standard","C-2018-2-27-43",4776,2018-02-27,58,2018,2018,"DRY",2,27,0.379861111111111,"Seg2",43,25.4447,-80.33097,3,"Vert","Fish","Gulf Toadfish","Opsanus beta",1,1,0.333333333333333,0,25.6,5.2,76,"euhaline",32.65,8,NA,80,80,92,7.5,50.2,0.0815217391304348,0.545652173913044,7.5,0,0,0,27.8,14.7,941.6,0,4,"DRY","43","2018",2018-02-27,4,"food"
"Standard","C-2018-2-27-44",4776,2018-02-27,58,2018,2018,"DRY",2,27,0.355555555555556,"Seg2",44,25.44315,-80.33048,3,"Vert","Fish","Gulf Toadfish","Opsanus beta",1,3,1,1,25.7,4.5,68,"euhaline",33.58,7.95,NA,65,105,88.5,21.6,28.6,0.24406779661017,0.32316384180791,15,6.6,0,0,33.9,24.9,859.4,2,1,"DRY","44","2018",2018-02-27,3,"food"
"Standard","C-2018-2-27-45",4776,2018-02-27,58,2018,2018,"DRY",2,27,0.329166666666667,"Seg2",45,25.43771,-80.3242,3,"Vert","Fish","Gulf Toadfish","Opsanus beta",0,0,0,0,24.2,4,57,"euhaline",32.4,7.9,NA,75,36,92,5.7,79.3,0.0619565217391304,0.86195652173913,3.7,2,0,0,7.6,17.7,536.1,2,2,"DRY","45","2018",2018-02-27,4,"food"
"Standard","C-2018-2-27-46",4776,2018-02-27,58,2018,2018,"DRY",2,27,0.302083333333333,"Seg2",46,25.43755,-80.32163,3,"Vert","Fish","Gulf Toadfish","Opsanus beta",0,0,0,0,24.7,2.7,39,"euhaline",33.36,7.79,NA,45,4,69,9.5,50.6,0.13768115942029,0.733333333333333,9.5,0,0,0,12.1,18.3,238.3,2,4,"DRY","46","2018",2018-02-27,6,"food"
"Standard","C-2018-2-28-28",4777,2018-02-28,59,2018,2018,"DRY",2,28,0.556944444444444,"Seg2",28,25.50506,-80.33664,3,"Vert","Fish","Gulf Toadfish","Opsanus beta",0,0,0,0,26.7,8.6,119,"mesohaline",14.86,8.32,NA,57,33,45,36,6.5,0.8,0.144444444444444,11.5,24.5,0,0,27,19.5,1570,0,1,"DRY","28","2018",2018-02-28,1,"food"
"Standard","C-2018-2-28-29",4777,2018-02-28,59,2018,2018,"DRY",2,28,0.531944444444444,"Seg2",29,25.50437,-80.33773,3,"Vert","Fish","Gulf Toadfish","Opsanus beta",0,0,0,0,26.2,7.7,104,"mesohaline",15.12,8.28,NA,71,21,28.5,17,11.2,0.596491228070175,0.392982456140351,3.5,13.5,0,0,24,18,1552,1,3,"DRY","29","2018",2018-02-28,4,"food"
"Standard","C-2018-2-28-30",4777,2018-02-28,59,2018,2018,"DRY",2,28,0.507638888888889,"Seg2",30,25.49732,-80.3393,3,"Vert","Fish","Gulf Toadfish","Opsanus beta",0,0,0,0,25.8,7.2,96,"mesohaline",15.33,8.28,NA,76,26,47.5,32.5,10.6,0.684210526315789,0.223157894736842,25.5,7,0,0,33,19.4444444444444,1454,1,0,"DRY","30","2018",2018-02-28,1,"food"
"Standard","C-2018-2-28-31",4777,2018-02-28,59,2018,2018,"DRY",2,28,0.472916666666667,"Seg2",31,25.49322,-80.33855,3,"Vert","Fish","Gulf Toadfish","Opsanus beta",0,0,0,0,25.4,6.1,84,"mesohaline",16.24,8.24,NA,80,37,13,4.2,4.1,0.323076923076923,0.315384615384615,0.5,3.7,0,0,41,10.625,250,0,0,"DRY","31","2018",2018-02-28,0,"no food"
"Standard","C-2018-2-28-32",4777,2018-02-28,59,2018,2018,"DRY",2,28,0.449305555555556,"Seg2",32,25.49032,-80.34028,3,"Vert","Fish","Gulf Toadfish","Opsanus beta",0,0,0,0,24.8,5.3,72,"mesohaline",17.55,8.23,NA,96,7,29.5,23.5,2.7,0.796610169491525,0.0915254237288136,0,23.5,0,0,13.5,23,160,3,0,"DRY","32","2018",2018-02-28,3,"food"
"Standard","C-2018-2-28-33",4777,2018-02-28,59,2018,2018,"DRY",2,28,0.420833333333333,"Seg2",33,25.48685,-80.33994,3,"Vert","Fish","Gulf Toadfish","Opsanus beta",0,0,0,0,25.4,6.2,86,"polyhaline",20.16,8.21,NA,95,28,45.5,37,8.8,0.813186813186813,0.193406593406593,6.5,30.5,0,0,28.5,17,1017,0,3,"DRY","33","2018",2018-02-28,3,"food"
"Standard","C-2018-2-28-34",4777,2018-02-28,59,2018,2018,"DRY",2,28,0.401388888888889,"Seg2",34,25.48518,-80.33974,3,"Vert","Fish","Gulf Toadfish","Opsanus beta",0,0,0,0,25.7,5.5,76,"polyhaline",20.07,8.18,NA,106,40,24,14,7.3,0.583333333333333,0.304166666666667,3.5,10.5,0,0,37,10,980,1,2,"DRY","34","2018",2018-02-28,3,"food"
"Standard","C-2018-2-28-35",4777,2018-02-28,59,2018,2018,"DRY",2,28,0.376388888888889,"Seg2",35,25.48027,-80.34025,3,"Vert","Fish","Gulf Toadfish","Opsanus beta",0,0,0,0,24.9,5.6,76,"polyhaline",20.4,8.16,NA,101,40,30,11.6,14.9,0.386666666666667,0.496666666666667,0,11.6,0,0,39,9.5,771,1,2,"DRY","35","2018",2018-02-28,3,"food"
"Standard","C-2018-2-28-36",4777,2018-02-28,59,2018,2018,"DRY",2,28,0.356944444444444,"Seg2",36,25.47957,-80.34018,3,"Vert","Fish","Gulf Toadfish","Opsanus beta",0,0,0,0,24.6,5,68,"polyhaline",20.77,8.13,NA,98,35,32,15.5,14.7,0.484375,0.459375,1.5,14,0,0,45.5,10,499,1,0,"DRY","36","2018",2018-02-28,1,"food"
"Standard","C-2018-2-28-37",4777,2018-02-28,59,2018,2018,"DRY",2,28,0.319444444444444,"Seg2",37,25.47697,-80.34027,3,"Vert","Fish","Gulf Toadfish","Opsanus beta",0,0,0,0,24.8,4,55,"polyhaline",21.77,8.04,NA,76,47,62.5,39,27.5,0.624,0.44,13.5,25.5,0,0,25.5,11,298,2,3,"DRY","37","2018",2018-02-28,5,"food"
"Standard","C-2018-3-1-18",4778,2018-03-01,60,2018,2018,"DRY",3,1,0.53125,"Seg2",18,25.53193,-80.32874,3,"Vert","Fish","Gulf Toadfish","Opsanus beta",1,4,1.33333333333333,0,25.8,9.4,124,"mesohaline",15.67,8.23,NA,57,2,67.5,41.5,17.8,0.614814814814815,0.263703703703704,0,41.5,0,0,2,12.6,1654.5,0,4,"DRY","18","2018",2018-03-01,4,"food"
"Standard","C-2018-3-1-19",4778,2018-03-01,60,2018,2018,"DRY",3,1,0.502777777777778,"Seg2",19,25.52548,-80.33113,3,"Vert","Fish","Gulf Toadfish","Opsanus beta",1,1,0.333333333333333,0,26.1,8.4,112,"mesohaline",13.48,8.29,NA,76,13,72,30.5,22,0.423611111111111,0.305555555555556,0,30.5,0,0,14.1,16,1243.7,1,2,"DRY","19","2018",2018-03-01,3,"food"
"Standard","C-2018-3-1-20",4778,2018-03-01,60,2018,2018,"DRY",3,1,0.479166666666667,"Seg2",20,25.5183,-80.33088,3,"Vert","Fish","Gulf Toadfish","Opsanus beta",0,0,0,0,25.5,8.1,110,"mesohaline",16.56,8.19,NA,103,18,24.5,17.5,1.5,0.714285714285714,0.0612244897959184,0,17.5,0,0,16.1,14.3,1173,0,1,"DRY","20","2018",2018-03-01,1,"food"
"Standard","C-2018-3-1-21",4778,2018-03-01,60,2018,2018,"DRY",3,1,0.454166666666667,"Seg2",21,25.51651,-80.33369,3,"Vert","Fish","Gulf Toadfish","Opsanus beta",0,0,0,0,25.7,7.6,101,"mesohaline",13.05,8.2,NA,91,32,41.5,14,23.9,0.337349397590361,0.575903614457831,0,14,0,0,22.7,17.2,1261.4,2,4,"DRY","21","2018",2018-03-01,6,"food"
"Standard","C-2018-3-1-22",4778,2018-03-01,60,2018,2018,"DRY",3,1,0.427083333333333,"Seg2",22,25.51553,-80.33408,3,"Vert","Fish","Gulf Toadfish","Opsanus beta",0,0,0,0,25.2,7.2,94,"mesohaline",12.98,8.18,NA,102,15,84.5,11,66.7,0.130177514792899,0.789349112426035,0,11,0,0,18.6,20.6,1259,3,3,"DRY","22","2018",2018-03-01,6,"food"
"Standard","C-2018-3-1-23",4778,2018-03-01,60,2018,2018,"DRY",3,1,0.404166666666667,"Seg2",23,25.5143,-80.33463,3,"Vert","Fish","Gulf Toadfish","Opsanus beta",0,0,0,0,24.8,6.9,89,"mesohaline",11.69,8.16,NA,102,66,75.5,23.1,41.3,0.305960264900662,0.547019867549669,1.6,21.5,0,0,20.9,17,679.1,3,6,"DRY","23","2018",2018-03-01,9,"food"
"Standard","C-2018-3-1-24",4778,2018-03-01,60,2018,2018,"DRY",3,1,0.383333333333333,"Seg2",24,25.51192,-80.33518,3,"Vert","Fish","Gulf Toadfish","Opsanus beta",0,0,0,0,24.5,6.7,87,"mesohaline",11.76,8.12,NA,103,50,76.5,27.1,37.1,0.354248366013072,0.484967320261438,0.1,27,0,0,20.9,18.1,622.2,4,1,"DRY","24","2018",2018-03-01,5,"food"
"Standard","C-2018-3-1-25",4778,2018-03-01,60,2018,2018,"DRY",3,1,0.3625,"Seg2",25,25.5095,-80.33556,3,"Vert","Fish","Gulf Toadfish","Opsanus beta",0,0,0,0,24,5.9,75,"mesohaline",11.36,8.11,NA,83,58,59,25,22.9,0.423728813559322,0.388135593220339,1.5,23.5,0,0,34.4,15.5,520.7,2,4,"DRY","25","2018",2018-03-01,6,"food"
"Standard","C-2018-3-1-26",4778,2018-03-01,60,2018,2018,"DRY",3,1,0.335416666666667,"Seg2",26,25.50563,-80.33353,3,"Vert","Fish","Gulf Toadfish","Opsanus beta",0,0,0,0,24.6,6.1,83,"mesohaline",15.49,8.05,NA,84,54,74.5,35.5,12,0.476510067114094,0.161073825503356,16,19.5,0,0,17.9,16.6,487.3,0,3,"DRY","26","2018",2018-03-01,3,"food"
"Standard","C-2018-3-1-27",4778,2018-03-01,60,2018,2018,"DRY",3,1,0.309722222222222,"Seg2",27,25.50392,-80.33267,3,"Vert","Fish","Gulf Toadfish","Opsanus beta",0,0,0,0,24.3,5.3,70,"mesohaline",15.14,7.95,NA,64,52,91.5,28.5,29.1,0.311475409836066,0.318032786885246,13.5,15,0,0,25.2,14.7,183.41,1,2,"DRY","27","2018",2018-03-01,3,"food"
"Standard","C-2018-3-2-10",4779,2018-03-02,61,2018,2018,"DRY",3,2,0.517361111111111,"Seg1",10,25.56933,-80.30253,3,"Vert","Fish","Gulf Toadfish","Opsanus beta",0,0,0,0,25.8,5.3,77,"polyhaline",29.13,8.13,NA,73,29,93,35,30.3,0.376344086021505,0.325806451612903,34,1,0,0,18.2,18.7,1306,0,0,"DRY","10","2018",2018-03-02,0,"no food"
"Standard","C-2018-3-2-11",4779,2018-03-02,61,2018,2018,"DRY",3,2,0.497916666666667,"Seg1",11,25.56837,-80.30336,3,"Vert","Fish","Gulf Toadfish","Opsanus beta",0,0,0,0,25.8,5.3,75,"polyhaline",28.95,8.18,NA,74,61,98.5,21,50.1,0.213197969543147,0.508629441624366,16,5,0,0,10.1,14.8,1212.2,0,0,"DRY","11","2018",2018-03-02,0,"no food"
"Standard","C-2018-3-2-12",4779,2018-03-02,61,2018,2018,"DRY",3,2,0.445833333333333,"Seg1",12,25.56173,-80.30749,3,"Vert","Fish","Gulf Toadfish","Opsanus beta",0,0,0,0,25.3,5.4,78,"polyhaline",28.33,8.15,NA,110,35,77,14.5,49.4,0.188311688311688,0.641558441558442,0,14.5,0,0,13.6,16.1,1030.5,1,8,"DRY","12","2018",2018-03-02,9,"food"
"Standard","C-2018-3-2-13",4779,2018-03-02,61,2018,2018,"DRY",3,2,0.426388888888889,"Seg1",13,25.55794,-80.30753,3,"Vert","Fish","Gulf Toadfish","Opsanus beta",0,0,0,0,25,5.1,72,"polyhaline",27.94,8.16,NA,90,30,98.5,11.6,72.8,0.117766497461929,0.739086294416244,11.6,0,0,0,17.8,16.1,964.7,1,5,"DRY","13","2018",2018-03-02,6,"food"
"Standard","C-2018-3-2-14",4779,2018-03-02,61,2018,2018,"DRY",3,2,0.380555555555556,"Seg1",14,25.55165,-80.3101,3,"Vert","Fish","Gulf Toadfish","Opsanus beta",0,0,0,0,24.7,5.9,84,"polyhaline",26.36,8.08,NA,106,34,98.5,15,76.2,0.152284263959391,0.773604060913706,12,3,0,0,23.7,22.8,754,2,2,"DRY","14","2018",2018-03-02,4,"food"
"Standard","C-2018-3-2-15",4779,2018-03-02,61,2018,2018,"DRY",3,2,0.356944444444444,"Seg1",15,25.54509,-80.31229,3,"Vert","Fish","Gulf Toadfish","Opsanus beta",0,0,0,0,24.8,4.9,69,"polyhaline",25.2,8.02,NA,98,60,99,10.6,72.1,0.107070707070707,0.728282828282828,10.6,0,0,0,19.5,18.8,639.9,2,2,"DRY","15","2018",2018-03-02,4,"food"
"Standard","C-2018-3-2-16",4779,2018-03-02,61,2018,2018,"DRY",3,2,0.330555555555556,"Seg1",16,25.54035,-80.31267,3,"Vert","Fish","Gulf Toadfish","Opsanus beta",0,0,0,0,24.6,5.4,74,"polyhaline",22.6,8.06,NA,91,39,99.5,82,10.6,0.824120603015075,0.106532663316583,70.5,11.5,0,0,16.1,20.9,373.2,2,1,"DRY","16","2018",2018-03-02,3,"food"
"Standard","C-2018-3-2-17",4779,2018-03-02,61,2018,2018,"DRY",3,2,0.299305555555556,"Seg1",17,25.53748,-80.31323,3,"Vert","Fish","Gulf Toadfish","Opsanus beta",0,0,0,0,24.7,5.2,71,"polyhaline",21.29,8,NA,70,51,99,65.5,13.5,0.661616161616162,0.136363636363636,65.5,0,0,0,5.6,18,42.39,0,0,"DRY","17","2018",2018-03-02,0,"no food"
"Standard","C-2018-3-2-9",4779,2018-03-02,61,2018,2018,"DRY",3,2,0.539583333333333,"Seg1",9,25.57387,-80.30335,3,"Vert","Fish","Gulf Toadfish","Opsanus beta",0,0,0,0,26.9,7.8,116,"polyhaline",29.05,8.2,NA,53,30,99.5,16,78.2,0.160804020100503,0.785929648241206,15.5,0.5,0,0,9.9,14.6,704.5,4,4,"DRY","9","2018",2018-03-02,8,"food"
"Standard","C-2018-3-3-1",4780,2018-03-03,62,2018,2018,"DRY",3,3,0.556944444444444,"Seg1",1,25.62915,-80.28872,3,"Vert","Fish","Gulf Toadfish","Opsanus beta",0,0,0,0,26,7.7,113,"euhaline",30.88,8.14,NA,71,74,45.5,26,9.5,0.571428571428571,0.208791208791209,12.5,13.5,0,0,24.2,19.6,1596.6,2,1,"DRY","1","2018",2018-03-03,3,"food"
"Standard","C-2018-3-3-2",4780,2018-03-03,62,2018,2018,"DRY",3,3,0.526388888888889,"Seg1",2,25.62388,-80.29916,3,"Vert","Fish","Gulf Toadfish","Opsanus beta",0,0,0,0,24.5,5.5,78,"polyhaline",29.77,8.16,NA,90,38,24.5,15.3,3.9,0.624489795918367,0.159183673469388,0,15.3,0,0,33.1,17.4,1450.9,0,1,"DRY","2","2018",2018-03-03,1,"food"
"Standard","C-2018-3-3-3",4780,2018-03-03,62,2018,2018,"DRY",3,3,0.496527777777778,"Seg1",3,25.61734,-80.30162,3,"Vert","Fish","Gulf Toadfish","Opsanus beta",0,0,0,0,25.5,7.2,104,"euhaline",30.66,8.25,NA,79,61,48.5,13.6,28.3,0.280412371134021,0.583505154639175,1.6,12,0,0,21.4,9.5,1581.2,1,1,"DRY","3","2018",2018-03-03,2,"food"
"Standard","C-2018-3-3-4",4780,2018-03-03,62,2018,2018,"DRY",3,3,0.473611111111111,"Seg1",4,25.61581,-80.3027,3,"Vert","Fish","Gulf Toadfish","Opsanus beta",0,0,0,0,24.8,7.5,108,"euhaline",30.67,8.21,NA,100,9,96.5,44.7,47.3,0.463212435233161,0.490155440414508,1.7,43,0,0,1,20.4,1400,1,0,"DRY","4","2018",2018-03-03,1,"food"
"Standard","C-2018-3-3-5",4780,2018-03-03,62,2018,2018,"DRY",3,3,0.452777777777778,"Seg1",5,25.6136,-80.30609,3,"Vert","Fish","Gulf Toadfish","Opsanus beta",0,0,0,0,25.1,6.1,90,"euhaline",30.31,8.19,NA,105,25,78.5,71,1.8,0.904458598726115,0.0229299363057325,0,71,0,0,16.2,21.3,943,0,3,"DRY","5","2018",2018-03-03,3,"food"
"Standard","C-2018-3-3-6",4780,2018-03-03,62,2018,2018,"DRY",3,3,0.411111111111111,"Seg1",6,25.60926,-80.30727,3,"Vert","Fish","Gulf Toadfish","Opsanus beta",0,0,0,0,24.2,4.9,69,"polyhaline",29.94,8.15,NA,90,47,19.3,13,5.3,0.673575129533679,0.274611398963731,0,13,0,0,15.4,9.3,1323.2,0,3,"DRY","6","2018",2018-03-03,3,"food"
"Standard","C-2018-3-3-7",4780,2018-03-03,62,2018,2018,"DRY",3,3,0.386805555555556,"Seg1",7,25.59436,-80.30785,3,"Vert","Fish","Gulf Toadfish","Opsanus beta",0,0,0,0,23.4,5.5,77,"polyhaline",29.36,8.15,NA,85,39,91.5,53.1,21.8111111111111,0.580327868852459,0.238372799028537,12.6,40.5,0,0,20.1,19.4,904,10,3,"DRY","7","2018",2018-03-03,13,"food"
"Standard","C-2018-3-3-8",4780,2018-03-03,62,2018,2018,"DRY",3,3,0.364583333333333,"Seg1",8,25.57974,-80.30496,3,"Vert","Fish","Gulf Toadfish","Opsanus beta",0,0,0,0,22.5,5.9,80,"polyhaline",29.39,8.08,NA,68,6,71.5,15.3,35.8,0.213986013986014,0.500699300699301,6.5,8.8,0,0,1.5,8.7,673.7,0,0,"DRY","8","2018",2018-03-03,0,"no food"
"Standard","C-2018-9-10-10",4971,2018-09-10,253,2018,2019,"WET",9,10,0.563194444444444,"Seg1",10,25.5694,-80.30249,3,"Vert","Fish","Gulf Toadfish","Opsanus beta",1,1,0.333333333333333,0,27.9,2.95,41,"mesohaline",14.69,7.69,NA,86,21,51.5,18.3,14.4,0.355339805825243,0.279611650485437,16.6,1.7,0,0,19,27.5,184,1,2,"WET","10","2018",2018-09-10,3,"food"
"Standard","C-2018-9-10-11",4971,2018-09-10,253,2018,2019,"WET",9,10,0.546527777777778,"Seg1",11,25.56835,-80.30338,3,"Vert","Fish","Gulf Toadfish","Opsanus beta",0,0,0,0,28.2,3.09,43,"mesohaline",14.99,7.8,NA,88,17,80.5,52.5,6.1,0.652173913043478,0.0757763975155279,52.5,0,0,0,27.5,28,166,0,0,"WET","11","2018",2018-09-10,0,"no food"
"Standard","C-2018-9-10-12",4971,2018-09-10,253,2018,2019,"WET",9,10,0.49375,"Seg1",12,25.56174,-80.30746,3,"Vert","Fish","Gulf Toadfish","Opsanus beta",0,0,0,0,28.2,3.08,42.8,"mesohaline",13.72,7.72,NA,136,2,72.5,44.5,14.2,0.613793103448276,0.195862068965517,7,37.5,0,0,8.5,27.5,64,0,0,"WET","12","2018",2018-09-10,0,"no food"
"Standard","C-2018-9-10-13",4971,2018-09-10,253,2018,2019,"WET",9,10,0.472222222222222,"Seg1",13,25.558,-80.30745,3,"Vert","Fish","Gulf Toadfish","Opsanus beta",0,0,0,0,28.1,3.55,49.1,"mesohaline",13.63,7.76,NA,152,3,50.5,11.2,17.9,0.221782178217822,0.354455445544554,8.6,2.6,0,0,18.5,22.5,76,1,1,"WET","13","2018",2018-09-10,2,"food"
"Standard","C-2018-9-10-14",4971,2018-09-10,253,2018,2019,"WET",9,10,0.43125,"Seg1",14,25.55175,-80.31001,3,"Vert","Fish","Gulf Toadfish","Opsanus beta",0,0,0,0,27.7,2.47,33.6,"mesohaline",12.72,7.69,NA,126,35,86.5,8.5,63.2,0.0982658959537572,0.730635838150289,0.5,8,0,0,32.5,21,73,0,0,"WET","14","2018",2018-09-10,0,"no food"
"Standard","C-2018-9-10-15",4971,2018-09-10,253,2018,2019,"WET",9,10,0.40625,"Seg1",15,25.5451,-80.31241,3,"Vert","Fish","Gulf Toadfish","Opsanus beta",0,0,0,0,28,3.53,48.8,"mesohaline",13.96,7.69,NA,102,1,55,21.7,3.2,0.394545454545455,0.0581818181818182,20.5,1.2,0,0,30.5,24.5,208,3,0,"WET","15","2018",2018-09-10,3,"food"
"Standard","C-2018-9-10-16",4971,2018-09-10,253,2018,2019,"WET",9,10,0.3875,"Seg1",16,25.54042,-80.31271,3,"Vert","Fish","Gulf Toadfish","Opsanus beta",0,0,0,0,28.2,2.95,41.2,"mesohaline",14.18,7.67,NA,105,1,68,49,8.7,0.720588235294118,0.127941176470588,45.5,3.5,0,0,26.5,27.5,212,3,1,"WET","16","2018",2018-09-10,4,"food"
"Standard","C-2018-9-10-17",4971,2018-09-10,253,2018,2019,"WET",9,10,0.359722222222222,"Seg1",17,25.53753,-80.31321,3,"Vert","Fish","Gulf Toadfish","Opsanus beta",0,0,0,0,28.3,2.84,39.1,"mesohaline",15.27,7.64,NA,115,57,90,63,9,0.7,0.1,55.5,7.5,0,0,25,23,145,0,1,"WET","17","2018",2018-09-10,1,"food"
"Standard","C-2018-9-10-9",4971,2018-09-10,253,2018,2019,"WET",9,10,0.592361111111111,"Seg1",9,25.57399,-80.30336,3,"Vert","Fish","Gulf Toadfish","Opsanus beta",0,0,0,0,28.7,3.98,56,"mesohaline",16.17,7.79,NA,66,10,78,55.7,8.5,0.714102564102564,0.108974358974359,55.5,0.2,0,0,12.5,32,250,1,1,"WET","9","2018",2018-09-10,2,"food"
"Standard","C-2018-9-11-1",4972,2018-09-11,254,2018,2019,"WET",9,11,0.609027777777778,"Seg1",1,25.62915,-80.28863,3,"Vert","Fish","Gulf Toadfish","Opsanus beta",0,0,0,0,29.8,2.28,33.8,"polyhaline",22.7,7.73,NA,94,65,47.5,30.6,3.9,0.644210526315789,0.0821052631578948,4.6,26,0,0,59,23,412,6,2,"WET","1","2018",2018-09-11,8,"food"
"Standard","C-2018-9-11-2",4972,2018-09-11,254,2018,2019,"WET",9,11,0.580555555555556,"Seg1",2,25.62387,-80.29919,3,"Vert","Fish","Gulf Toadfish","Opsanus beta",0,0,0,0,29.3,0.78,11.1,"polyhaline",20.59,7.6,NA,102,45,86.5,0,0,0,0,0,0,0,0,34,30,256,0,0,"WET","2","2018",2018-09-11,0,"no food"
"Standard","C-2018-9-11-3",4972,2018-09-11,254,2018,2019,"WET",9,11,0.552083333333333,"Seg1",3,25.61736,-80.30161,3,"Vert","Fish","Gulf Toadfish","Opsanus beta",0,0,0,0,30,6.02,87.3,"polyhaline",22.93,7.94,NA,87,23,38.5,14.5,1.2,0.376623376623377,0.0311688311688312,0,14.5,0,0,47,14,420,0,0,"WET","3","2018",2018-09-11,0,"no food"
"Standard","C-2018-9-11-4",4972,2018-09-11,254,2018,2019,"WET",9,11,0.531944444444444,"Seg1",4,25.61586,-80.30279,3,"Vert","Fish","Gulf Toadfish","Opsanus beta",0,0,0,0,29.7,4.06,62.5,"polyhaline",22.96,7.88,NA,100,3,60,33.6,21.6,0.56,0.36,0.6,33,0,0,5,20.5,358,0,0,"WET","4","2018",2018-09-11,0,"no food"
"Standard","C-2018-9-11-5",4972,2018-09-11,254,2018,2019,"WET",9,11,0.498611111111111,"Seg1",5,25.61377,-80.30602,3,"Vert","Fish","Gulf Toadfish","Opsanus beta",0,0,0,0,29.7,2.7,40,"polyhaline",21.98,7.77,NA,107,37,100,0,0,0,0,0,0,0,0,10.7142857142857,38,458,0,0,"WET","5","2018",2018-09-11,0,"no food"
"Standard","C-2018-9-11-6",4972,2018-09-11,254,2018,2019,"WET",9,11,0.438194444444444,"Seg1",6,25.60927,-80.3073,3,"Vert","Fish","Gulf Toadfish","Opsanus beta",0,0,0,0,29.5,1.03,15,"polyhaline",21,7.77,NA,92,65,97,0,0,0,0,0,0,0,0,29,34.5,290,0,0,"WET","6","2018",2018-09-11,0,"no food"
"Standard","C-2018-9-11-7",4972,2018-09-11,254,2018,2019,"WET",9,11,0.404166666666667,"Seg1",7,25.5944,-80.30781,3,"Vert","Fish","Gulf Toadfish","Opsanus beta",0,0,0,0,28.2,1.32,18.9,"polyhaline",20.42,7.68,NA,89,71,100,0,0,0,0,0,0,0,0,24.5,33,245,0,0,"WET","7","2018",2018-09-11,0,"no food"
"Standard","C-2018-9-11-8",4972,2018-09-11,254,2018,2019,"WET",9,11,0.357638888888889,"Seg1",8,25.57964,-80.30493,3,"Vert","Fish","Gulf Toadfish","Opsanus beta",0,0,0,0,27.5,2.12,29.2,"mesohaline",15.47,7.78,NA,65,2,62,10.1,42.6,0.162903225806452,0.687096774193548,2.1,8,0,0,0,10.625,132,0,0,"WET","8","2018",2018-09-11,0,"no food"
"Standard","C-2018-9-6-36",4967,2018-09-06,249,2018,2019,"WET",9,6,0.540972222222222,"Seg2",36,25.47976,-80.34008,3,"Vert","Fish","Gulf Toadfish","Opsanus beta",1,5,1.66666666666667,0,30.1,7.29,96,"oligohaline",2.79,7.92,NA,63,43,94.5,19.5,6.4,0.206349206349206,0.0677248677248677,19.5,0,0,0,28.8,26.2,952.2,1,0,"WET","36","2018",2018-09-06,1,"food"
"Standard","C-2018-9-6-38",4967,2018-09-06,249,2018,2019,"WET",9,6,0.491666666666667,"Seg2",38,25.46924,-80.34006,3,"Vert","Fish","Gulf Toadfish","Opsanus beta",0,0,0,0,28.6,5.89,76.8,"oligohaline",1.48,7.89,NA,73,47,16,9.5,0.7,0.59375,0.04375,0,9.5,0,0,40,12.4,77.3,2,0,"WET","38","2018",2018-09-06,2,"food"
"Standard","C-2018-9-6-39",4967,2018-09-06,249,2018,2019,"WET",9,6,0.471527777777778,"Seg2",39,25.46579,-80.33757,3,"Vert","Fish","Gulf Toadfish","Opsanus beta",0,0,0,0,28.1,7.71,102.1,"oligohaline",1.36,7.95,NA,91,61,23,11.6,1.4,0.504347826086956,0.0608695652173913,0,11.6,0,0,34.3,14.3,623.7,0,0,"WET","39","2018",2018-09-06,0,"no food"
"Standard","C-2018-9-6-40",4967,2018-09-06,249,2018,2019,"WET",9,6,0.441666666666667,"Seg2",40,25.45875,-80.33707,3,"Vert","Fish","Gulf Toadfish","Opsanus beta",1,1,0.333333333333333,0,28,8.63,118,"oligohaline",3.96,7.85,NA,88,71,92.5,46.3,7.8,0.500540540540541,0.0843243243243243,41,5.3,0,0,40.1,24.7,724.5,2,0,"WET","40","2018",2018-09-06,2,"food"
"Standard","C-2018-9-6-41",4967,2018-09-06,249,2018,2019,"WET",9,6,0.420833333333333,"Seg2",41,25.45531,-80.33602,3,"Vert","Fish","Gulf Toadfish","Opsanus beta",1,4,1.33333333333333,1,27.8,8.5,110,"oligohaline",4.24,7.82,NA,82,75,93.5,50.5,5.8,0.540106951871658,0.0620320855614973,45.5,5,0,0,52.7,25.7,648.4,0,0,"WET","41","2018",2018-09-06,0,"no food"
"Standard","C-2018-9-6-42",4967,2018-09-06,249,2018,2019,"WET",9,6,0.398611111111111,"Seg2",42,25.45044,-80.33061,3,"Vert","Fish","Gulf Toadfish","Opsanus beta",0,0,0,0,27.7,8.13,108.6,"mesohaline",5.02,7.76,NA,127,60,34.5,5.2,15.8,0.150724637681159,0.457971014492754,5.1,0.1,0,0,39.7,16.8,406,1,0,"WET","42","2018",2018-09-06,1,"food"
"Standard","C-2018-9-6-43",4967,2018-09-06,249,2018,2019,"WET",9,6,0.377777777777778,"Seg2",43,25.44474,-80.33099,3,"Vert","Fish","Gulf Toadfish","Opsanus beta",1,2,0.666666666666667,0,28,7.13,97,"mesohaline",6.63,7.66,NA,97,70,76.5,34.6,7.8,0.452287581699346,0.101960784313725,34,0.6,0,0,43.3,27.7,231.9,2,1,"WET","43","2018",2018-09-06,3,"food"
"Standard","C-2018-9-6-44",4967,2018-09-06,249,2018,2019,"WET",9,6,0.359027777777778,"Seg2",44,25.44311,-80.33044,3,"Vert","Fish","Gulf Toadfish","Opsanus beta",1,1,0.333333333333333,0,27.6,8.33,114,"mesohaline",6.9,7.64,NA,90,22,33.5,12.5,9.5,0.373134328358209,0.283582089552239,7.5,5,0,0,33.5,27.5,425.5,3,0,"WET","44","2018",2018-09-06,3,"food"
"Standard","C-2018-9-6-45",4967,2018-09-06,249,2018,2019,"WET",9,6,0.330555555555556,"Seg2",45,25.43776,-80.32417,3,"Vert","Fish","Gulf Toadfish","Opsanus beta",1,1,0.333333333333333,0,27.9,6.87,94.6,"mesohaline",8.16,7.56,NA,123,9,91,43,15.1,0.472527472527473,0.165934065934066,43,0,0,0,23.2,27.9,90.93,2,0,"WET","45","2018",2018-09-06,2,"food"
"Standard","C-2018-9-6-46",4967,2018-09-06,249,2018,2019,"WET",9,6,0.303472222222222,"Seg2",46,25.43755,-80.32178,3,"Vert","Fish","Gulf Toadfish","Opsanus beta",0,0,0,0,28,5.83,78.1,"mesohaline",8.57,7.25,NA,105,19,48.5,17.5,11.4,0.360824742268041,0.235051546391753,17.5,0,0,0,10.9,20.1,7.42,0,0,"WET","46","2018",2018-09-06,0,"no food"
"Standard","C-2018-9-6-47",4967,2018-09-06,249,2018,2019,"WET",9,6,0.620138888888889,"Seg2",47,25.43708,-80.31928,3,"Vert","Fish","Gulf Toadfish","Opsanus beta",0,0,0,0,31,10.77,158.6,"mesohaline",16.48,7.95,NA,61,60,98.5,33,9.5,0.33502538071066,0.0964467005076142,33,0,0,0,43.9,31.4,1111.5,3,0,"WET","47","2018",2018-09-06,3,"food"
"Standard","C-2018-9-7-26",4968,2018-09-07,250,2018,2019,"WET",9,7,0.543055555555556,"Seg2",26,25.50572,-80.3335,3,"Vert","Fish","Gulf Toadfish","Opsanus beta",0,0,0,0,29.5,6.9,92.1,"oligohaline",2.84,8.05,NA,75,120,88.5,14.8,5.5,0.167231638418079,0.0621468926553672,7.8,7,0,0,29,23.8,867.5,3,0,"WET","26","2018",2018-09-07,3,"food"
"Standard","C-2018-9-7-27",4968,2018-09-07,250,2018,2019,"WET",9,7,0.525,"Seg2",27,25.50398,-80.33262,3,"Vert","Fish","Gulf Toadfish","Opsanus beta",0,0,0,0,29.8,6.9,92.5,"oligohaline",2.61,8.11,NA,52,60,93.5,18.4,1.2,0.196791443850267,0.0128342245989305,15.5,2.9,0,0,32.1,24.8,477.8,3,0,"WET","27","2018",2018-09-07,3,"food"
"Standard","C-2018-9-7-28",4968,2018-09-07,250,2018,2019,"WET",9,7,0.506944444444444,"Seg2",28,25.50493,-80.3366,3,"Vert","Fish","Gulf Toadfish","Opsanus beta",0,0,0,0,29.2,5.55,73.6,"oligohaline",2.74,8.1,NA,93,30,59.5,11.2,3.8,0.188235294117647,0.0638655462184874,2.6,8.6,0,0,21.6,18.7,738.1,3,0,"WET","28","2018",2018-09-07,3,"food"
"Standard","C-2018-9-7-29",4968,2018-09-07,250,2018,2019,"WET",9,7,0.488888888888889,"Seg2",29,25.50437,-80.33757,3,"Vert","Fish","Gulf Toadfish","Opsanus beta",0,0,0,0,28.5,5.38,70.4,"oligohaline",2.89,8.07,NA,73,12,54.5,14.3,2.9,0.262385321100917,0.0532110091743119,9.5,4.8,0,0,21.4,21.4,512.8,0,1,"WET","29","2018",2018-09-07,1,"food"
"Standard","C-2018-9-7-30",4968,2018-09-07,250,2018,2019,"WET",9,7,0.465972222222222,"Seg2",30,25.49733,-80.33943,3,"Vert","Fish","Gulf Toadfish","Opsanus beta",0,0,0,0,28.6,5.76,76.5,"oligohaline",3.76,8.08,NA,57,57,49.5,18.5,2.2,0.373737373737374,0.0444444444444444,5,13.5,0,0,23.3,22.3,579,2,0,"WET","30","2018",2018-09-07,2,"food"
"Standard","C-2018-9-7-31",4968,2018-09-07,250,2018,2019,"WET",9,7,0.438888888888889,"Seg2",31,25.49323,-80.33862,3,"Vert","Fish","Gulf Toadfish","Opsanus beta",0,0,0,0,28.4,4.64,62,"oligohaline",3.34,7.92,NA,92,35,70,13.5,29.2,0.192857142857143,0.417142857142857,1,12.5,0,0,34.1,24.9,396.7,0,0,"WET","31","2018",2018-09-07,0,"no food"
"Standard","C-2018-9-7-32",4968,2018-09-07,250,2018,2019,"WET",9,7,0.419444444444444,"Seg2",32,25.49023,-80.3402,3,"Vert","Fish","Gulf Toadfish","Opsanus beta",0,0,0,0,28,3.83,50,"oligohaline",2.26,7.98,NA,107,1,77,24,3.6,0.311688311688312,0.0467532467532467,0,24,0,0,24.7,21.9,147.29,3,0,"WET","32","2018",2018-09-07,3,"food"
"Standard","C-2018-9-7-33",4968,2018-09-07,250,2018,2019,"WET",9,7,0.393055555555556,"Seg2",33,25.48682,-80.33995,3,"Vert","Fish","Gulf Toadfish","Opsanus beta",0,0,0,0,29.2,4.36,58.6,"oligohaline",4.06,7.9,NA,120,65,69.5,23.3,3.6,0.335251798561151,0.0517985611510791,11.2,12.1,0,0,24.6,23.7,67.79,2,0,"WET","33","2018",2018-09-07,2,"food"
"Standard","C-2018-9-7-34",4968,2018-09-07,250,2018,2019,"WET",9,7,0.374305555555556,"Seg2",34,25.48513,-80.33972,3,"Vert","Fish","Gulf Toadfish","Opsanus beta",1,1,0.333333333333333,0,29,4.77,64,"oligohaline",3.98,7.92,NA,128,20,68.5,27.6,2.5,0.402919708029197,0.0364963503649635,9.5,18.1,0,0,21.6,17.5,54.99,5,1,"WET","34","2018",2018-09-07,6,"food"
"Standard","C-2018-9-7-35",4968,2018-09-07,250,2018,2019,"WET",9,7,0.352083333333333,"Seg2",35,25.48018,-80.34015,3,"Vert","Fish","Gulf Toadfish","Opsanus beta",0,0,0,0,28.3,4.45,58.5,"oligohaline",3.14,7.92,NA,108,49,38.5,17,4.4,0.441558441558442,0.114285714285714,4,13,0,0,32.4,16.5,7.1,4,1,"WET","35","2018",2018-09-07,5,"food"
"Standard","C-2018-9-7-37",4968,2018-09-07,250,2018,2019,"WET",9,7,0.327083333333333,"Seg2",37,25.47705,-80.34027,3,"Vert","Fish","Gulf Toadfish","Opsanus beta",0,0,0,0,28.6,5.08,66.7,"oligohaline",3.58,7.92,NA,103,40,84.5,28.7,8,0.339644970414201,0.0946745562130177,10.2,18.5,0,0,34.9,16,19.64,0,0,"WET","37","2018",2018-09-07,0,"no food"
"Standard","C-2018-9-8-18",4969,2018-09-08,251,2018,2019,"WET",9,8,0.479166666666667,"Seg2",18,25.53195,-80.3286,3,"Vert","Fish","Gulf Toadfish","Opsanus beta",0,0,0,0,28,3.96,51.6,"oligohaline",3.26,7.84,NA,83,2,89.5,14.5,28.8,0.162011173184358,0.321787709497207,0,14.5,0,0,2.4,11.6,88.49,0,0,"WET","18","2018",2018-09-08,0,"no food"
"Standard","C-2018-9-8-19",4969,2018-09-08,251,2018,2019,"WET",9,8,0.45625,"Seg2",19,25.5256,-80.33108,3,"Vert","Fish","Gulf Toadfish","Opsanus beta",0,0,0,0,28.7,4.4,58.2,"oligohaline",3.2,7.94,NA,98,15,89,14,27.5,0.157303370786517,0.308988764044944,0,13.5,0,0.5,14,16.8,186.32,3,0,"WET","19","2018",2018-09-08,3,"food"
"Standard","C-2018-9-8-20",4969,2018-09-08,251,2018,2019,"WET",9,8,0.432638888888889,"Seg2",20,25.51828,-80.33093,3,"Vert","Fish","Gulf Toadfish","Opsanus beta",0,0,0,0,29,4.7,63,"mesohaline",5.26,7.78,NA,125,30,84.5,20.5,5.8,0.242603550295858,0.0686390532544379,0,20.5,0,0,20.9,15.5,517.1,0,0,"WET","20","2018",2018-09-08,0,"no food"
"Standard","C-2018-9-8-21",4969,2018-09-08,251,2018,2019,"WET",9,8,0.410416666666667,"Seg2",21,25.51652,-80.3337,3,"Vert","Fish","Gulf Toadfish","Opsanus beta",0,0,0,0,27.8,5.84,76.5,"oligohaline",4.04,7.88,NA,111,30,65.5,10.6,22.2,0.161832061068702,0.338931297709924,0,9,0,1.6,24.4,17.4,657.7,0,0,"WET","21","2018",2018-09-08,0,"no food"
"Standard","C-2018-9-8-22",4969,2018-09-08,251,2018,2019,"WET",9,8,0.389583333333333,"Seg2",22,25.51562,-80.33408,3,"Vert","Fish","Gulf Toadfish","Opsanus beta",0,0,0,0,28.2,5.87,77,"oligohaline",4.15,7.94,NA,116,25,84.5,14.4,14.8,0.170414201183432,0.175147928994083,0,14,0,0.4,21.2,16.8,463.3,2,0,"WET","22","2018",2018-09-08,2,"food"
"Standard","C-2018-9-8-23",4969,2018-09-08,251,2018,2019,"WET",9,8,0.369444444444444,"Seg2",23,25.51435,-80.33478,3,"Vert","Fish","Gulf Toadfish","Opsanus beta",0,0,0,0,28.3,4.4,58,"oligohaline",4.04,7.86,NA,108,23,87.5,18.2,15.5,0.208,0.177142857142857,3.6,14.5,0,0.1,24.6,14.6,342.6,2,0,"WET","23","2018",2018-09-08,2,"food"
"Standard","C-2018-9-8-24",4969,2018-09-08,251,2018,2019,"WET",9,8,0.35,"Seg2",24,25.51193,-80.33527,3,"Vert","Fish","Gulf Toadfish","Opsanus beta",0,0,0,0,27.7,4.47,58.5,"oligohaline",3.11,7.92,NA,105,50,80,13,18,0.1625,0.225,0.5,12.5,0,0,29.1,15.6,111.7,2,1,"WET","24","2018",2018-09-08,3,"food"
"Standard","C-2018-9-8-25",4969,2018-09-08,251,2018,2019,"WET",9,8,0.322916666666667,"Seg2",25,25.50945,-80.33555,3,"Vert","Fish","Gulf Toadfish","Opsanus beta",0,0,0,0,26.7,4.85,61.2,"oligohaline",1.59,8.13,NA,88,19,86.5,16.7,14.6,0.193063583815029,0.16878612716763,2.5,11.5,0,2.7,37.6,16.2,52.35,2,1,"WET","25","2018",2018-09-08,3,"food"
"Standard","C-2019-3-11-10",5153,2019-03-11,70,2019,2019,"DRY",3,11,0.534722222222222,"Seg1",10,25.56931,-80.30254,3,"Vert","Fish","Gulf Toadfish","Opsanus beta",0,0,0,0,26.3,8.5,125,"euhaline",30.98,8.25,0.03,95,20,77,18,47.3,0.233766233766234,0.614285714285714,16.5,1.5,0,0,26,28.5,1010,0,3,"DRY","10","2019",2019-03-11,3,"food"
"Standard","C-2019-3-11-11",5153,2019-03-11,70,2019,2019,"DRY",3,11,0.51875,"Seg1",11,25.56835,-80.30334,3,"Vert","Fish","Gulf Toadfish","Opsanus beta",0,0,0,0,25.9,7.4,108,"euhaline",30.97,8.15,0.02,75,20,83.5,55.2,22.1,0.661077844311377,0.264670658682635,52,3.2,0,0,27.5,22,837,3,1,"DRY","11","2019",2019-03-11,4,"food"
"Standard","C-2019-3-11-6",5153,2019-03-11,70,2019,2019,"DRY",3,11,0.640972222222222,"Seg1",6,25.6092,-80.30725,3,"Vert","Fish","Gulf Toadfish","Opsanus beta",0,0,0,0,27.7,6.9,100,"polyhaline",24.45,8.14,0.01,66,29,39.5,28,10.7,0.708860759493671,0.270886075949367,0,28,0,0,39.5,13,980,5,6,"DRY","6","2019",2019-03-11,11,"food"
"Standard","C-2019-3-11-7",5153,2019-03-11,70,2019,2019,"DRY",3,11,0.613194444444444,"Seg1",7,25.59436,-80.30772,3,"Vert","Fish","Gulf Toadfish","Opsanus beta",1,2,0.666666666666667,0,27.3,7.3,109,"polyhaline",29.99,8.01,0.01,75,75,62.5,13.6,44.3,0.2176,0.7088,0,13.6,0,0,103.5,16,1080,0,3,"DRY","7","2019",2019-03-11,3,"food"
"Standard","C-2019-3-11-8",5153,2019-03-11,70,2019,2019,"DRY",3,11,0.574305555555556,"Seg1",8,25.57968,-80.30494,3,"Vert","Fish","Gulf Toadfish","Opsanus beta",0,0,0,0,26.8,7.1,106,"euhaline",30.99,8.09,0,70,0,73,8.4,62.1,0.115068493150685,0.850684931506849,4.3,4.1,0,0,3.5,11,980,1,1,"DRY","8","2019",2019-03-11,2,"food"
"Standard","C-2019-3-11-9",5153,2019-03-11,70,2019,2019,"DRY",3,11,0.554861111111111,"Seg1",9,25.57396,-80.30328,3,"Vert","Fish","Gulf Toadfish","Opsanus beta",0,0,0,0,26.4,8.6,127,"euhaline",31.02,8.37,0,83,10,42.5,19.1,18.4444444444444,0.449411764705882,0.433986928104575,17,2.1,0,0,8.4,10,1070,0,1,"DRY","9","2019",2019-03-11,1,"food"
"Standard","C-2019-3-12-1",5154,2019-03-12,71,2019,2019,"DRY",3,12,0.558333333333333,"Seg1",1,25.62922,-80.2887,3,"Vert","Fish","Gulf Toadfish","Opsanus beta",0,0,0,0,26.9,7.5,112,"euhaline",32.29,8.24,0,95,56,25.5,18.1,2.5,0.709803921568627,0.0980392156862745,2.6,15.5,0,0,49.5,19.5,386.2,1,2,"DRY","1","2019",2019-03-12,3,"food"
"Standard","C-2019-3-12-2",5154,2019-03-12,71,2019,2019,"DRY",3,12,0.527083333333333,"Seg1",2,25.62381,-80.29921,3,"Vert","Fish","Gulf Toadfish","Opsanus beta",0,0,0,0,27.8,7.2,109,"euhaline",30.1,8.28,0.01,95,40,41.5,33.1,0.8,0.797590361445783,0.0192771084337349,0.1,33,0,0,42,30,261.3,3,1,"DRY","2","2019",2019-03-12,4,"food"
"Standard","C-2019-3-12-3",5154,2019-03-12,71,2019,2019,"DRY",3,12,0.501388888888889,"Seg1",3,25.61736,-80.30151,3,"Vert","Fish","Gulf Toadfish","Opsanus beta",0,0,0,0,27.3,7.8,116,"euhaline",31.35,8.37,0.01,62,22,50,19.1,23.9,0.382,0.478,3.1,16,0,0,23,19.5,1565.5,2,0,"DRY","3","2019",2019-03-12,2,"food"
"Standard","C-2019-3-12-4",5154,2019-03-12,71,2019,2019,"DRY",3,12,0.480555555555556,"Seg1",4,25.61577,-80.30272,3,"Vert","Fish","Gulf Toadfish","Opsanus beta",0,0,0,0,26.4,8.1,120,"euhaline",31.93,8.32,0.01,63,1,47.5,23.2,16.7,0.488421052631579,0.351578947368421,1.2,22,0,0,9.5,21.5,1552.2,0,0,"DRY","4","2019",2019-03-12,0,"no food"
"Standard","C-2019-3-12-5",5154,2019-03-12,71,2019,2019,"DRY",3,12,0.451388888888889,"Seg1",5,25.6137,-80.30611,3,"Vert","Fish","Gulf Toadfish","Opsanus beta",0,0,0,0,26.8,7.4,110,"euhaline",30.77,8.39,0,55,20,60.1,1.7,25.4,0.0282861896838602,0.422628951747088,0,1.7,0,0,18.5,9.5,1317.6,0,2,"DRY","5","2019",2019-03-12,2,"food"
"Standard","C-2019-3-3-38",5145,2019-03-03,62,2019,2019,"DRY",3,3,0.541666666666667,"Seg2",38,25.46918,-80.34012,3,"Vert","Fish","Gulf Toadfish","Opsanus beta",0,0,0,0,28,8.1,115,"polyhaline",19.86,8.12,0,55,62,32,27,4.2,0.84375,0.13125,0,27,0,0,54.5,11.5,1480,1,1,"DRY","38","2019",2019-03-03,2,"food"
"Standard","C-2019-3-3-39",5145,2019-03-03,62,2019,2019,"DRY",3,3,0.518055555555556,"Seg2",39,25.46573,-80.33757,3,"Vert","Fish","Gulf Toadfish","Opsanus beta",0,0,0,0,28.8,7.5,114,"polyhaline",28.03,8.21,NA,75,75,34,18.8,12.5,0.552941176470588,0.367647058823529,8.1,10.7,0,0,61.5,10.5,1475,0,1,"DRY","39","2019",2019-03-03,1,"food"
"Standard","C-2019-3-3-40",5145,2019-03-03,62,2019,2019,"DRY",3,3,0.486111111111111,"Seg2",40,25.45868,-80.33715,3,"Vert","Fish","Gulf Toadfish","Opsanus beta",0,0,0,0,27.1,8.2,122,"euhaline",31.07,8.25,0.02,70,55,85.5,45.2,21.4,0.528654970760234,0.250292397660819,43,2.2,0,0,56,24.5,1332,0,0,"DRY","40","2019",2019-03-03,0,"no food"
"Standard","C-2019-3-3-41",5145,2019-03-03,62,2019,2019,"DRY",3,3,0.461111111111111,"Seg2",41,25.45535,-80.33611,3,"Vert","Fish","Gulf Toadfish","Opsanus beta",1,4,1.33333333333333,1,26.9,6.6,99,"euhaline",30.78,8.15,0.03,70,75,80.5,43.3,26.4,0.537888198757764,0.327950310559006,42.5,0.8,0,0,83,21.5,1194,3,1,"DRY","41","2019",2019-03-03,4,"food"
"Standard","C-2019-3-3-42",5145,2019-03-03,62,2019,2019,"DRY",3,3,0.433333333333333,"Seg2",42,25.45043,-80.33055,3,"Vert","Fish","Gulf Toadfish","Opsanus beta",0,0,0,0,26.5,6.5,96,"euhaline",31.71,8.09,0.06,120,50,84.5,3.7,72.7,0.0437869822485207,0.860355029585799,3.6,0.1,0,0,73,28,965,0,1,"DRY","42","2019",2019-03-03,1,"food"
"Standard","C-2019-3-3-43",5145,2019-03-03,62,2019,2019,"DRY",3,3,0.411111111111111,"Seg2",43,25.4447,-80.33109,3,"Vert","Fish","Gulf Toadfish","Opsanus beta",1,2,0.666666666666667,1,25.6,4.7,70,"euhaline",31.84,7.96,0.03,73,70,72.5,30.5,33.8,0.420689655172414,0.466206896551724,30.5,0,0,0,90,17.5,353,0,1,"DRY","43","2019",2019-03-03,1,"food"
"Standard","C-2019-3-3-44",5145,2019-03-03,62,2019,2019,"DRY",3,3,0.392361111111111,"Seg2",44,25.44313,-80.33051,3,"Vert","Fish","Gulf Toadfish","Opsanus beta",1,1,0.333333333333333,0,26.1,6.3,92,"euhaline",32.73,8.17,NA,68,40,39,18.3,12.1,0.469230769230769,0.31025641025641,7.6,8.2,0,2.5,87,20,1039,2,0,"DRY","44","2019",2019-03-03,2,"food"
"Standard","C-2019-3-3-45",5145,2019-03-03,62,2019,2019,"DRY",3,3,0.364583333333333,"Seg2",45,25.43767,-80.32418,3,"Vert","Fish","Gulf Toadfish","Opsanus beta",1,1,0.333333333333333,0,25.8,4.9,72,"euhaline",33.44,8.07,0.05,90,52,86,7,65.3,0.0813953488372093,0.759302325581395,7,0,0,0,90,18,550,0,0,"DRY","45","2019",2019-03-03,0,"no food"
"Standard","C-2019-3-3-46",5145,2019-03-03,62,2019,2019,"DRY",3,3,0.34375,"Seg2",46,25.43742,-80.32169,3,"Vert","Fish","Gulf Toadfish","Opsanus beta",0,0,0,0,25.9,5.4,80,"euhaline",34.11,8.14,0.23,71,4,45.5,16.7,24.5,0.367032967032967,0.538461538461538,13.5,3.2,0,0,9,11,167,0,0,"DRY","46","2019",2019-03-03,0,"no food"
"Standard","C-2019-3-3-47",5145,2019-03-03,62,2019,2019,"DRY",3,3,0.3,"Seg2",47,25.43708,-80.31936,3,"Vert","Fish","Gulf Toadfish","Opsanus beta",1,2,0.666666666666667,1,25.8,5.6,84,"euhaline",34.98,8.11,0.14,110,50,78.5,35.5,20.8,0.452229299363057,0.264968152866242,35.5,0,0,0,40.5,23.8,22.8,0,1,"DRY","47","2019",2019-03-03,1,"food"
"Standard","C-2019-3-4-28",5146,2019-03-04,63,2019,2019,"DRY",3,4,0.504166666666667,"Seg2",28,25.50504,-80.33663,3,"Vert","Fish","Gulf Toadfish","Opsanus beta",0,0,0,0,27.7,7.7,112,"polyhaline",25.28,8.27,0,72,35,59.5,17.1,23.5,0.287394957983193,0.394957983193277,7,10.1,0,0,21.9,14.3,1250.2,0,0,"DRY","28","2019",2019-03-04,0,"no food"
"Standard","C-2019-3-4-29",5146,2019-03-04,63,2019,2019,"DRY",3,4,0.485416666666667,"Seg2",29,25.5043,-80.3376,3,"Vert","Fish","Gulf Toadfish","Opsanus beta",1,1,0.333333333333333,0,26.8,6.3,91,"polyhaline",25.23,8.17,0,78,48,71,18.2,25.5,0.256338028169014,0.359154929577465,10.1,8.1,0,0,27.4,19.3,1089.2,0,0,"DRY","29","2019",2019-03-04,0,"no food"
"Standard","C-2019-3-4-30",5146,2019-03-04,63,2019,2019,"DRY",3,4,0.461111111111111,"Seg2",30,25.49726,-80.33928,3,"Vert","Fish","Gulf Toadfish","Opsanus beta",1,1,0.333333333333333,0,27.6,7.4,100.5,"polyhaline",25.94,8.3,0,72,33,73,34.5,4.5,0.472602739726027,0.0616438356164384,34.5,0,0,0,22.7,19,1469,0,0,"DRY","30","2019",2019-03-04,0,"no food"
"Standard","C-2019-3-4-31",5146,2019-03-04,63,2019,2019,"DRY",3,4,0.438888888888889,"Seg2",31,25.4932,-80.33868,3,"Vert","Fish","Gulf Toadfish","Opsanus beta",0,0,0,0,26.5,5.1,76,"polyhaline",24.71,8.1,0,70,48,69.5,8,7.9,0.115107913669065,0.113669064748201,2,6,0,0,30.8,16.6,1138,1,3,"DRY","31","2019",2019-03-04,4,"food"
"Standard","C-2019-3-4-32",5146,2019-03-04,63,2019,2019,"DRY",3,4,0.41875,"Seg2",32,25.49034,-80.34026,3,"Vert","Fish","Gulf Toadfish","Opsanus beta",0,0,0,0,27.1,5.7,81,"polyhaline",24.84,8.08,0.01,93,1,17,11,1.5,0.647058823529412,0.0882352941176471,0,11,0,0,16.7,18.1,822.5,0,1,"DRY","32","2019",2019-03-04,1,"food"
"Standard","C-2019-3-4-33",5146,2019-03-04,63,2019,2019,"DRY",3,4,0.395138888888889,"Seg2",33,25.48688,-80.33988,3,"Vert","Fish","Gulf Toadfish","Opsanus beta",0,0,0,0,27.8,6,89,"polyhaline",27.96,8.17,0,105,19,67,37.3,3.3,0.556716417910448,0.0492537313432836,35,2.3,0,0,27.5,21.3,939.3,6,1,"DRY","33","2019",2019-03-04,7,"food"
"Standard","C-2019-3-4-34",5146,2019-03-04,63,2019,2019,"DRY",3,4,0.375694444444444,"Seg2",34,25.48513,-80.33963,3,"Vert","Fish","Gulf Toadfish","Opsanus beta",0,0,0,0,27.6,5,74,"polyhaline",28.61,8.15,0,103,23,88,43.1,16,0.489772727272727,0.181818181818182,42.5,0.6,0,0,25.7,21.8,960.1,4,1,"DRY","34","2019",2019-03-04,5,"food"
"Standard","C-2019-3-4-35",5146,2019-03-04,63,2019,2019,"DRY",3,4,0.353472222222222,"Seg2",35,25.48019,-80.34026,3,"Vert","Fish","Gulf Toadfish","Opsanus beta",0,0,0,0,28,4.1,62,"euhaline",30.34,8.06,0,90,35,71,21.5,7,0.302816901408451,0.0985915492957746,0,21.5,0,0,30.5,14.7,588.4,4,2,"DRY","35","2019",2019-03-04,6,"food"
"Standard","C-2019-3-4-36",5146,2019-03-04,63,2019,2019,"DRY",3,4,0.3375,"Seg2",36,25.47957,-80.34017,3,"Vert","Fish","Gulf Toadfish","Opsanus beta",0,0,0,0,27.7,3.3,50,"polyhaline",29.7,8.02,0,80,45,63.5,31.1,11.2,0.489763779527559,0.176377952755906,8,23.1,0,0,37.3,15.6,630.3,1,2,"DRY","36","2019",2019-03-04,3,"food"
"Standard","C-2019-3-4-37",5146,2019-03-04,63,2019,2019,"DRY",3,4,0.31875,"Seg2",37,25.47697,-80.34026,3,"Vert","Fish","Gulf Toadfish","Opsanus beta",1,1,0.333333333333333,0,27.5,4.1,62,"euhaline",30.59,8.08,0.01,69,53,58,35.5,6.3,0.612068965517241,0.108620689655172,1,34.5,0,0,37.2,13.9,470,1,1,"DRY","37","2019",2019-03-04,2,"food"
"Standard","C-2019-3-5-16",5147,2019-03-05,64,2019,2019,"DRY",3,5,0.564583333333333,"Seg1",16,25.54033,-80.31271,3,"Vert","Fish","Gulf Toadfish","Opsanus beta",1,1,0.333333333333333,0,28.4,9.5,142,"polyhaline",26.02,8.46,0,70,60,73.5,46.1,20.6,0.627210884353742,0.280272108843537,45,1.1,0,0,15.5,27,425.6,0,0,"DRY","16","2019",2019-03-05,0,"no food"
"Standard","C-2019-3-5-17",5147,2019-03-05,64,2019,2019,"DRY",3,5,0.543055555555556,"Seg1",17,25.5373,-80.31329,3,"Vert","Fish","Gulf Toadfish","Opsanus beta",1,1,0.333333333333333,0,28.6,7.6,113,"polyhaline",25.82,8.38,0.01,65,10,81.5,35.8,41.5,0.439263803680982,0.50920245398773,35.5,0.3,0,0,17.5,33.5,1421.2,1,1,"DRY","17","2019",2019-03-05,2,"food"
"Standard","C-2019-3-5-18",5147,2019-03-05,64,2019,2019,"DRY",3,5,0.506944444444444,"Seg2",18,25.53186,-80.32861,3,"Vert","Fish","Gulf Toadfish","Opsanus beta",0,0,0,0,27.4,5.8,85,"polyhaline",23.69,8.19,0.02,63,1,75,16.6,51.3,0.221333333333333,0.684,0,16.6,0,0,5.5,17.5,1744,1,1,"DRY","18","2019",2019-03-05,2,"food"
"Standard","C-2019-3-5-19",5147,2019-03-05,64,2019,2019,"DRY",3,5,0.484027777777778,"Seg2",19,25.5256,-80.33108,3,"Vert","Fish","Gulf Toadfish","Opsanus beta",0,0,0,0,27.4,6.6,96,"polyhaline",24.79,8.34,0.05,69,15,61,27.5,23.1,0.450819672131148,0.378688524590164,0,27.5,0,0,11,13.5,1337.2,2,0,"DRY","19","2019",2019-03-05,2,"food"
"Standard","C-2019-3-5-20",5147,2019-03-05,64,2019,2019,"DRY",3,5,0.459722222222222,"Seg2",20,25.51841,-80.3308,3,"Vert","Fish","Gulf Toadfish","Opsanus beta",0,0,0,0,27.3,5.3,78,"polyhaline",26.33,8.28,0.04,95,30,18.5,12.5,1.8,0.675675675675676,0.0972972972972973,0,12.5,0,0,8.5,13,1224.6,1,0,"DRY","20","2019",2019-03-05,1,"food"
"Standard","C-2019-3-5-21",5147,2019-03-05,64,2019,2019,"DRY",3,5,0.436111111111111,"Seg2",21,25.51642,-80.33363,3,"Vert","Fish","Gulf Toadfish","Opsanus beta",0,0,0,0,27.3,5,72,"polyhaline",26.58,8.27,0,94,11,82,9,66.1,0.109756097560976,0.80609756097561,0,9,0,0,24.5,18.5,1243.9,0,0,"DRY","21","2019",2019-03-05,0,"no food"
"Standard","C-2019-3-5-22",5147,2019-03-05,64,2019,2019,"DRY",3,5,0.413194444444444,"Seg2",22,25.51555,-80.33397,3,"Vert","Fish","Gulf Toadfish","Opsanus beta",0,0,0,0,26.8,4.8,70,"polyhaline",26.71,8.23,0,105,25,44,12.6,26.6,0.286363636363636,0.604545454545454,0,12.5,0,0.1,26.5,16.5,592.1,3,0,"DRY","22","2019",2019-03-05,3,"food"
"Standard","C-2019-3-5-23",5147,2019-03-05,64,2019,2019,"DRY",3,5,0.390972222222222,"Seg2",23,25.51429,-80.33466,3,"Vert","Fish","Gulf Toadfish","Opsanus beta",0,0,0,0,26.3,4.8,69,"polyhaline",26.76,8.25,0.01,95,45,45,14,27.2,0.311111111111111,0.604444444444444,0.5,13.5,0,0,16,15,312.1,0,3,"DRY","23","2019",2019-03-05,3,"food"
"Standard","C-2019-3-5-24",5147,2019-03-05,64,2019,2019,"DRY",3,5,0.370833333333333,"Seg2",24,25.51191,-80.33519,3,"Vert","Fish","Gulf Toadfish","Opsanus beta",0,0,0,0,26.6,4.3,63,"polyhaline",26.86,8.13,0.15,85,39,28.5,13.5,9.5,0.473684210526316,0.333333333333333,0,13.5,0,0,46.5,16,653.1,1,3,"DRY","24","2019",2019-03-05,4,"food"
"Standard","C-2019-3-5-25",5147,2019-03-05,64,2019,2019,"DRY",3,5,0.350694444444444,"Seg2",25,25.50958,-80.33546,3,"Vert","Fish","Gulf Toadfish","Opsanus beta",0,0,0,0,26.6,4.9,73,"polyhaline",27.17,8.12,0,75,33,28,12,10.3,0.428571428571429,0.367857142857143,3.4,8.5,0,0.1,24,14,564.2,0,4,"DRY","25","2019",2019-03-05,4,"food"
"Standard","C-2019-3-5-26",5147,2019-03-05,64,2019,2019,"DRY",3,5,0.325694444444444,"Seg2",26,25.50567,-80.3335,3,"Vert","Fish","Gulf Toadfish","Opsanus beta",1,1,0.333333333333333,0,26,5.6,80,"polyhaline",26.68,8.19,0.05,72,70,61.5,21.4,33.4,0.347967479674797,0.543089430894309,14,7.4,0,0,30,22.5,340.9,2,0,"DRY","26","2019",2019-03-05,2,"food"
"Standard","C-2019-3-5-27",5147,2019-03-05,64,2019,2019,"DRY",3,5,0.3,"Seg2",27,25.50406,-80.3325,3,"Vert","Fish","Gulf Toadfish","Opsanus beta",1,3,1,1,26.2,6.8,97,"polyhaline",26.44,8.24,0.08,58,76,82,30.2,43.7,0.368292682926829,0.532926829268293,17.1,13.1,0,0,42,18,109.4,0,0,"DRY","27","2019",2019-03-05,0,"no food"
"Standard","C-2019-3-8-12",5150,2019-03-08,67,2019,2019,"DRY",3,8,0.427777777777778,"Seg1",12,25.56175,-80.30747,3,"Vert","Fish","Gulf Toadfish","Opsanus beta",0,0,0,0,20.4,6.7,89,"euhaline",30.69,8.35,0,125,15,73,36.5,19.7,0.5,0.26986301369863,0,36.5,0,0,11.9,27.6,947.4,0,2,"DRY","12","2019",2019-03-08,2,"food"
"Standard","C-2019-3-8-13",5150,2019-03-08,67,2019,2019,"DRY",3,8,0.405555555555556,"Seg1",13,25.55801,-80.30746,3,"Vert","Fish","Gulf Toadfish","Opsanus beta",0,0,0,0,20.2,6.3,83,"euhaline",30.65,8.32,0,95,20,69.5,29,25.1,0.41726618705036,0.361151079136691,27,2,0,0,16,21.4,204.1,1,1,"DRY","13","2019",2019-03-08,2,"food"
"Standard","C-2019-3-8-14",5150,2019-03-08,67,2019,2019,"DRY",3,8,0.368055555555556,"Seg1",14,25.55174,-80.31015,3,"Vert","Fish","Gulf Toadfish","Opsanus beta",0,0,0,0,20,5.1,66,"polyhaline",29.46,8.18,0,71,9,90.5,1,78.7,0.0110497237569061,0.869613259668508,1,0,0,0,27.2,20.7,155.8,2,0,"DRY","14","2019",2019-03-08,2,"food"
"Standard","C-2019-3-8-15",5150,2019-03-08,67,2019,2019,"DRY",3,8,0.336805555555556,"Seg1",15,25.54516,-80.31244,3,"Vert","Fish","Gulf Toadfish","Opsanus beta",1,1,0.333333333333333,0,20.3,6,78,"polyhaline",27.59,8.43,0.02,93,45,69.5,30.7,21.4,0.441726618705036,0.307913669064748,26.5,4.2,0,0,22.6,15.2,402,1,1,"DRY","15","2019",2019-03-08,2,"food"
"Standard","C-2019-9-11-39",5337,2019-09-11,254,2019,2020,"WET",9,11,0.559722222222222,"Seg2",39,25.46573,-80.33757,3,"Vert","Fish","Gulf Toadfish","Opsanus beta",0,0,0,0,29.3,6.7,101,"polyhaline",27.05,7.92,0.04,95,70,49,36.6,1.9,0.746938775510204,0.0387755102040816,2.5,34.1,0,0,21.8,16.3,859.4,0,0,"WET","39","2019",2019-09-11,0,"no food"
"Standard","C-2019-9-11-40",5337,2019-09-11,254,2019,2020,"WET",9,11,0.525,"Seg2",40,25.45868,-80.33715,3,"Vert","Fish","Gulf Toadfish","Opsanus beta",1,4,1.33333333333333,1,29.5,7.9,121,"euhaline",30.54,8.04,0,90,60,89,36.5,23.2,0.410112359550562,0.260674157303371,34.5,2,0,0,31,39.6,1257.8,2,1,"WET","40","2019",2019-09-11,3,"food"
"Standard","C-2019-9-11-41",5337,2019-09-11,254,2019,2020,"WET",9,11,0.492361111111111,"Seg2",41,25.45535,-80.33611,3,"Vert","Fish","Gulf Toadfish","Opsanus beta",1,1,0.333333333333333,0,28.8,5.9,91,"euhaline",31.04,7.87,0.05,85,90,87,40.6,17.4,0.466666666666667,0.2,38.5,2.1,0,0,37.9,30.8,650.8,0,0,"WET","41","2019",2019-09-11,0,"no food"
"Standard","C-2019-9-11-43",5337,2019-09-11,254,2019,2020,"WET",9,11,0.444444444444444,"Seg2",43,25.4447,-80.33109,3,"Vert","Fish","Gulf Toadfish","Opsanus beta",1,3,1,1,28.6,6.8,104,"euhaline",31.66,7.88,0,98,82,83,37,17.4,0.44578313253012,0.209638554216868,36,1,0,0,29.8,28.3,914.2,3,2,"WET","43","2019",2019-09-11,5,"food"
"Standard","C-2019-9-11-44",5337,2019-09-11,254,2019,2020,"WET",9,11,0.421527777777778,"Seg2",44,25.44313,-80.33051,3,"Vert","Fish","Gulf Toadfish","Opsanus beta",1,4,1.33333333333333,1,28.7,6.2,95,"euhaline",31.66,7.96,0.01,90,57,84,36.5,22.5,0.43452380952381,0.267857142857143,12,24.5,0,0,36.6,24.2,1047.8,1,1,"WET","44","2019",2019-09-11,2,"food"
"Standard","C-2019-9-11-45",5337,2019-09-11,254,2019,2020,"WET",9,11,0.381944444444444,"Seg2",45,25.43767,-80.32418,3,"Vert","Fish","Gulf Toadfish","Opsanus beta",1,2,0.666666666666667,0,28.3,5.4,83,"euhaline",32.78,7.97,0,100,53,83.5,16,36.6,0.191616766467066,0.438323353293413,9,7,0,0,18,22.3,669.3,2,0,"WET","45","2019",2019-09-11,2,"food"
"Standard","C-2019-9-11-46",5337,2019-09-11,254,2019,2020,"WET",9,11,0.359027777777778,"Seg2",46,25.43742,-80.32169,3,"Vert","Fish","Gulf Toadfish","Opsanus beta",0,0,0,0,28.1,5.2,80,"euhaline",32.78,7.92,0,95,8,82,22.9,29.6,0.279268292682927,0.360975609756098,11.3,11.6,0,0,3,18.2,673.4,1,2,"WET","46","2019",2019-09-11,3,"food"
"Standard","C-2019-9-11-47",5337,2019-09-11,254,2019,2020,"WET",9,11,0.315972222222222,"Seg2",47,25.43708,-80.31936,3,"Vert","Fish","Gulf Toadfish","Opsanus beta",1,2,0.666666666666667,1,28.3,5.2,82,"euhaline",32.76,8,0,115,28,81.5,13.5,22,0.165644171779141,0.269938650306748,13.5,0,0,0,24.9,23.3,110.83,0,4,"WET","47","2019",2019-09-11,4,"food"
"Standard","C-2019-9-12-31",5338,2019-09-12,255,2019,2020,"WET",9,12,0.607638888888889,"Seg2",31,25.49321,-80.33861,3,"Vert","Fish","Gulf Toadfish","Opsanus beta",0,0,0,0,29,4.1,59,"polyhaline",21.8,7.76,0.01,75,28,38.5,21.6,16.5,0.561038961038961,0.428571428571429,0.1,21.5,0,0,41,28,1071,0,0,"WET","31","2019",2019-09-12,0,"no food"
"Standard","C-2019-9-12-32",5338,2019-09-12,255,2019,2020,"WET",9,12,0.576388888888889,"Seg2",32,25.4903,-80.34027,3,"Vert","Fish","Gulf Toadfish","Opsanus beta",0,0,0,0,28.7,5.9,85,"polyhaline",21.95,8.03,0.03,95,5,32.5,24.5,5.3,0.753846153846154,0.163076923076923,0,24.5,0,0,18.5,29,1254,0,1,"WET","32","2019",2019-09-12,1,"food"
"Standard","C-2019-9-12-33",5338,2019-09-12,255,2019,2020,"WET",9,12,0.547916666666667,"Seg2",33,25.4869,-80.33999,3,"Vert","Fish","Gulf Toadfish","Opsanus beta",1,1,0.333333333333333,0,28.6,7.3,105,"polyhaline",22.38,8.15,0,118,57,54,46.6,1.5,0.862962962962963,0.0277777777777778,29.6,17,0,0,53.5,30.5,1040,0,1,"WET","33","2019",2019-09-12,1,"food"
"Standard","C-2019-9-12-34",5338,2019-09-12,255,2019,2020,"WET",9,12,0.525,"Seg2",34,25.48522,-80.33969,3,"Vert","Fish","Gulf Toadfish","Opsanus beta",1,2,0.666666666666667,0,28.1,4.8,71,"polyhaline",22.29,7.92,0,103,48,69.5,39.6,14.2,0.569784172661871,0.20431654676259,33,6.6,0,0,23.5,29,754,0,0,"WET","34","2019",2019-09-12,0,"no food"
"Standard","C-2019-9-12-35",5338,2019-09-12,255,2019,2020,"WET",9,12,0.497222222222222,"Seg2",35,25.48054,-80.34019,3,"Vert","Fish","Gulf Toadfish","Opsanus beta",0,0,0,0,28.2,5,72,"polyhaline",22.12,7.98,0,100,45,41.5,38.5,0.5,0.927710843373494,0.0120481927710843,0,38.5,0,0,38,25.5,855,0,0,"WET","35","2019",2019-09-12,0,"no food"
"Standard","C-2019-9-12-36",5338,2019-09-12,255,2019,2020,"WET",9,12,0.472222222222222,"Seg2",36,25.47961,-80.34028,3,"Vert","Fish","Gulf Toadfish","Opsanus beta",0,0,0,0,28.1,6,87,"polyhaline",22.13,8.05,0,115,30,53.5,33,10.1,0.616822429906542,0.188785046728972,9.5,23.5,0,0,46.5,22.5,819,2,0,"WET","36","2019",2019-09-12,2,"food"
"Standard","C-2019-9-12-37",5338,2019-09-12,255,2019,2020,"WET",9,12,0.448611111111111,"Seg2",37,25.47707,-80.34021,3,"Vert","Fish","Gulf Toadfish","Opsanus beta",0,0,0,0,27,5.3,77,"polyhaline",22.16,8.03,0.04,110,63,37,26,5.3,0.702702702702703,0.143243243243243,8,18,0,0,46,20.5,970,0,1,"WET","37","2019",2019-09-12,1,"food"
"Standard","C-2019-9-12-38",5338,2019-09-12,255,2019,2020,"WET",9,12,0.382638888888889,"Seg2",38,25.46918,-80.34012,3,"Vert","Fish","Gulf Toadfish","Opsanus beta",0,0,0,0,27.5,4.5,67,"polyhaline",23.39,7.99,NA,115,58,60,53,1.1,0.883333333333333,0.0183333333333333,0,53,0,0,65,18.5,341,2,0,"WET","38","2019",2019-09-12,2,"food"
"Standard","C-2019-9-12-42",5338,2019-09-12,255,2019,2020,"WET",9,12,0.33125,"Seg2",42,25.45043,-80.33055,3,"Vert","Fish","Gulf Toadfish","Opsanus beta",0,0,0,0,27.2,4.4,66,"polyhaline",29.17,7.92,0,105,68,57.5,12.1,41.3,0.210434782608696,0.718260869565218,12.1,0,0,0,57,20.5,4,0,0,"WET","42","2019",2019-09-12,0,"no food"
"Standard","C-2019-9-13-24",5339,2019-09-13,256,2019,2020,"WET",9,13,0.546527777777778,"Seg2",24,25.51198,-80.33527,3,"Vert","Fish","Gulf Toadfish","Opsanus beta",0,0,0,0,29.1,6.4,93,"polyhaline",19.2,7.99,0,115,40,52,39.1,0,0.751923076923077,0,23.1,16,0,0,38,27,791,1,1,"WET","24","2019",2019-09-13,2,"food"
"Standard","C-2019-9-13-25",5339,2019-09-13,256,2019,2020,"WET",9,13,0.505555555555556,"Seg2",25,25.50952,-80.33555,3,"Vert","Fish","Gulf Toadfish","Opsanus beta",0,0,0,0,28.5,5.7,82,"polyhaline",18.97,7.89,0.02,100,47,17.5,15.6,0.1,0.891428571428571,0.00571428571428571,0.5,15.1,0,0,43.5,22.2222222222222,689,1,0,"WET","25","2019",2019-09-13,1,"food"
"Standard","C-2019-9-13-26",5339,2019-09-13,256,2019,2020,"WET",9,13,0.479166666666667,"Seg2",26,25.50571,-80.3336,3,"Vert","Fish","Gulf Toadfish","Opsanus beta",0,0,0,0,28.3,6,86,"polyhaline",19.76,7.96,0.01,120,95,67.5,53.1111111111111,0.1,0.786831275720165,0.00148148148148148,22,31.1111111111111,0,0,57,30.5,925,1,1,"WET","26","2019",2019-09-13,2,"food"
"Standard","C-2019-9-13-27",5339,2019-09-13,256,2019,2020,"WET",9,13,0.429861111111111,"Seg2",27,25.5039,-80.33261,3,"Vert","Fish","Gulf Toadfish","Opsanus beta",1,3,1,1,27.9,6,88,"polyhaline",19.72,7.95,0,110,50,80.5,38.6,25.9,0.479503105590062,0.321739130434783,24.5,14.1,0,0,58.5,32,919,0,0,"WET","27","2019",2019-09-13,0,"no food"
"Standard","C-2019-9-13-28",5339,2019-09-13,256,2019,2020,"WET",9,13,0.402083333333333,"Seg2",28,25.50515,-80.33667,3,"Vert","Fish","Gulf Toadfish","Opsanus beta",1,1,0.333333333333333,0,27.8,4.4,62,"polyhaline",19.77,7.83,0.02,130,30,40.5,35.2,0.5,0.869135802469136,0.0123456790123457,9.7,25.5,0,0,29,25.5,471,0,0,"WET","28","2019",2019-09-13,0,"no food"
"Standard","C-2019-9-13-29",5339,2019-09-13,256,2019,2020,"WET",9,13,0.380555555555556,"Seg2",29,25.50438,-80.33772,3,"Vert","Fish","Gulf Toadfish","Opsanus beta",0,0,0,0,27.6,4.3,62,"polyhaline",19.49,7.82,0.04,115,32,66,53.9,0.4,0.816666666666667,0.00606060606060606,42.6,11.3,0,0,33,31,420,0,0,"WET","29","2019",2019-09-13,0,"no food"
"Standard","C-2019-9-13-30",5339,2019-09-13,256,2019,2020,"WET",9,13,0.354861111111111,"Seg2",30,25.49727,-80.33937,3,"Vert","Fish","Gulf Toadfish","Opsanus beta",0,0,0,0,27.3,4.1,59,"polyhaline",19.22,7.79,0,110,20,58,51.5,0.1,0.887931034482759,0.00172413793103448,33.5,18,0,0,35.5,28.5,107,1,6,"WET","30","2019",2019-09-13,7,"food"
"Standard","C-2019-9-16-1",5342,2019-09-16,259,2019,2020,"WET",9,16,0.393055555555556,"Seg1",1,25.62911,-80.28868,3,"Vert","Fish","Gulf Toadfish","Opsanus beta",0,0,0,0,29.4,3.7,56,"polyhaline",27.35,7.85,0.03,100,60,53.5,29.7,18.8,0.555140186915888,0.351401869158878,0.7,29,0,0,51.5,28,468,1,1,"WET","1","2019",2019-09-16,2,"food"
"Standard","C-2019-9-16-2",5342,2019-09-16,259,2019,2020,"WET",9,16,0.421527777777778,"Seg1",2,25.62385,-80.2993,3,"Vert","Fish","Gulf Toadfish","Opsanus beta",0,0,0,0,29.9,3.2,50,"polyhaline",27.34,7.84,0,107,47,46.5,24.5,14.1,0.526881720430108,0.303225806451613,0,24.5,0,0,52,18.5,211,0,0,"WET","2","2019",2019-09-16,0,"no food"
"Standard","C-2019-9-16-3",5342,2019-09-16,259,2019,2020,"WET",9,16,0.463888888888889,"Seg1",3,25.61747,-80.3015,3,"Vert","Fish","Gulf Toadfish","Opsanus beta",0,0,0,0,29.9,6.4,99,"polyhaline",28.42,8.13,0,110,68,80.5,5.4,70.5,0.0670807453416149,0.875776397515528,0,5.4,0,0,16,13.5,1137,0,1,"WET","3","2019",2019-09-16,1,"food"
"Standard","C-2019-9-16-4",5342,2019-09-16,259,2019,2020,"WET",9,16,0.4875,"Seg1",4,25.61587,-80.30276,3,"Vert","Fish","Gulf Toadfish","Opsanus beta",0,0,0,0,29.9,4.9,75,"polyhaline",28.37,8.04,0.01,140,40,20,14.1,1.5,0.705,0.075,1.1,13,0,0,23.5,23,809,0,0,"WET","4","2019",2019-09-16,0,"no food"
"Standard","C-2019-9-16-5",5342,2019-09-16,259,2019,2020,"WET",9,16,0.511111111111111,"Seg1",5,25.61371,-80.3062,3,"Vert","Fish","Gulf Toadfish","Opsanus beta",0,0,0,0,30,5,78,"polyhaline",28.24,8.06,0,95,20,32.5,1.2,25.3,0.0369230769230769,0.778461538461539,0.6,0.6,0,0,17,8,1109,0,1,"WET","5","2019",2019-09-16,1,"food"
"Standard","C-2019-9-17-15",5343,2019-09-17,260,2019,2020,"WET",9,17,0.618055555555556,"Seg1",15,25.54509,-80.3124,3,"Vert","Fish","Gulf Toadfish","Opsanus beta",1,2,0.666666666666667,1,30.6,4.7,73,"polyhaline",26.61,7.83,0,105,65,71.5,27.5,38,0.384615384615385,0.531468531468532,27,0.5,0,0,25,24.5,902,1,0,"WET","15","2019",2019-09-17,1,"food"
"Standard","C-2019-9-17-16",5343,2019-09-17,260,2019,2020,"WET",9,17,0.595138888888889,"Seg1",16,25.54042,-80.3128,3,"Vert","Fish","Gulf Toadfish","Opsanus beta",0,0,0,0,30.3,4.4,68,"polyhaline",25.65,7.73,0.01,93,12,53,28.7,11.4,0.541509433962264,0.215094339622642,21.1,7.6,0,0,20,21.5,587,1,1,"WET","16","2019",2019-09-17,2,"food"
"Standard","C-2019-9-17-17",5343,2019-09-17,260,2019,2020,"WET",9,17,0.570833333333333,"Seg1",17,25.53753,-80.3133,3,"Vert","Fish","Gulf Toadfish","Opsanus beta",0,0,0,0,30.4,5.6,86,"polyhaline",25.93,7.93,0,133,42,71.5,29,37.2,0.405594405594406,0.52027972027972,28.5,0.5,0,0,19,28.5,474,1,0,"WET","17","2019",2019-09-17,1,"food"
"Standard","C-2019-9-17-18",5343,2019-09-17,260,2019,2020,"WET",9,17,0.533333333333333,"Seg2",18,25.53197,-80.32884,3,"Vert","Fish","Gulf Toadfish","Opsanus beta",0,0,0,0,31,5,78,"polyhaline",25.71,7.91,0,100,5,37.5,23.5,6.2,0.626666666666667,0.165333333333333,0,23.5,0,0,3,14.5,1094,0,2,"WET","18","2019",2019-09-17,2,"food"
"Standard","C-2019-9-17-19",5343,2019-09-17,260,2019,2020,"WET",9,17,0.510416666666667,"Seg2",19,25.52554,-80.33121,3,"Vert","Fish","Gulf Toadfish","Opsanus beta",0,0,0,0,30.3,2.9,44,"polyhaline",24.41,7.71,0,100,13,22,11.1,6.1,0.504545454545455,0.277272727272727,0,11.1,0,0,19,15,744,0,2,"WET","19","2019",2019-09-17,2,"food"
"Standard","C-2019-9-17-20",5343,2019-09-17,260,2019,2020,"WET",9,17,0.4875,"Seg2",20,25.51839,-80.33088,3,"Vert","Fish","Gulf Toadfish","Opsanus beta",0,0,0,0,29.9,3.6,55,"polyhaline",24.52,7.78,0,120,15,23.5,18,0.2,0.765957446808511,0.00851063829787234,0,18,0,0,24.5,19.5,810,0,1,"WET","20","2019",2019-09-17,1,"food"
"Standard","C-2019-9-17-21",5343,2019-09-17,260,2019,2020,"WET",9,17,0.456944444444444,"Seg2",21,25.51652,-80.33363,3,"Vert","Fish","Gulf Toadfish","Opsanus beta",0,0,0,0,30.8,3.5,55,"polyhaline",26.02,7.84,0,91,28,20.5,10,1.5,0.48780487804878,0.0731707317073171,0,10,0,0,30.5,16,1142,0,0,"WET","21","2019",2019-09-17,0,"no food"
"Standard","C-2019-9-17-22",5343,2019-09-17,260,2019,2020,"WET",9,17,0.430555555555556,"Seg2",22,25.51557,-80.33404,3,"Vert","Fish","Gulf Toadfish","Opsanus beta",0,0,0,0,30.8,3.1,48,"polyhaline",26.85,7.84,0.03,96,26,17,10.5,0.5,0.617647058823529,0.0294117647058824,0,10.5,0,0,15,16,890,1,1,"WET","22","2019",2019-09-17,2,"food"
"Standard","C-2019-9-17-23",5343,2019-09-17,260,2019,2020,"WET",9,17,0.40625,"Seg2",23,25.51438,-80.33472,3,"Vert","Fish","Gulf Toadfish","Opsanus beta",0,0,0,0,30.5,3.1,48,"polyhaline",26.35,7.81,0,83,17,19.5,13.5,0.7,0.692307692307692,0.0358974358974359,0,13.5,0,0,27.5,15.5,848,0,2,"WET","23","2019",2019-09-17,2,"food"
"Standard","C-2019-9-18-10",5344,2019-09-18,261,2019,2020,"WET",9,18,0.552083333333333,"Seg1",10,25.56941,-80.3026,3,"Vert","Fish","Gulf Toadfish","Opsanus beta",0,0,0,0,30.2,5.5,83,"polyhaline",27.32,8.04,0.02,120,47,65.5,45.6,8.9,0.69618320610687,0.13587786259542,42.5,3.1,0,0,13.6,31.6,610,0,6,"WET","10","2019",2019-09-18,6,"food"
"Standard","C-2019-9-18-11",5344,2019-09-18,261,2019,2020,"WET",9,18,0.53125,"Seg1",11,25.56847,-80.3034,3,"Vert","Fish","Gulf Toadfish","Opsanus beta",1,1,0.333333333333333,0,29.9,5.4,82,"polyhaline",26.81,7.96,0,113,48,43.5,24.4,14,0.560919540229885,0.32183908045977,8.8,15.6,0,0,42,16.5,824,2,5,"WET","11","2019",2019-09-18,7,"food"
"Standard","C-2019-9-18-12",5344,2019-09-18,261,2019,2020,"WET",9,18,0.479861111111111,"Seg1",12,25.56176,-80.3076,3,"Vert","Fish","Gulf Toadfish","Opsanus beta",0,0,0,0,28.4,2.7,41,"polyhaline",24.64,7.43,0.02,120,15,27,12,13,0.444444444444444,0.481481481481481,0,12,0,0,14.5,17.5,520,1,4,"WET","12","2019",2019-09-18,5,"food"
"Standard","C-2019-9-18-13",5344,2019-09-18,261,2019,2020,"WET",9,18,0.459027777777778,"Seg1",13,25.55806,-80.3075,3,"Vert","Fish","Gulf Toadfish","Opsanus beta",0,0,0,0,28.3,2.2,32,"polyhaline",24.49,7.43,0.01,110,45,34,8.7,21.9,0.255882352941176,0.644117647058823,0.6,8.1,0,0,15.5,16,502,2,21,"WET","13","2019",2019-09-18,23,"food"
"Standard","C-2019-9-18-14",5344,2019-09-18,261,2019,2020,"WET",9,18,0.416666666666667,"Seg1",14,25.5518,-80.3101,3,"Vert","Fish","Gulf Toadfish","Opsanus beta",0,0,0,0,28.5,1.7,25,"polyhaline",24.63,7.52,0.02,90,50,58.5,4.7,50.7,0.0803418803418803,0.866666666666667,3.1,1.6,0,0,30,17.7777777777778,384,0,11,"WET","14","2019",2019-09-18,11,"food"
"Standard","C-2019-9-18-6",5344,2019-09-18,261,2019,2020,"WET",9,18,0.650694444444444,"Seg1",6,25.6093,-80.3074,3,"Vert","Fish","Gulf Toadfish","Opsanus beta",0,0,0,0,31.1,4,62,"polyhaline",26.37,7.77,0,90,36,51.5,1.1,0.1,0.0213592233009709,0.00194174757281553,0.1,1,0,0,25.7,20.8571428571429,718,0,7,"WET","6","2019",2019-09-18,7,"food"
"Standard","C-2019-9-18-7",5344,2019-09-18,261,2019,2020,"WET",9,18,0.631944444444444,"Seg1",7,25.59438,-80.3079,3,"Vert","Fish","Gulf Toadfish","Opsanus beta",0,0,0,0,30.3,3.6,56,"polyhaline",27.92,7.75,0.06,95,40,8.5,0.6,4.9,0.0705882352941176,0.576470588235294,0,0.6,0,0,27,16.3,486,1,7,"WET","7","2019",2019-09-18,8,"food"
"Standard","C-2019-9-18-8",5344,2019-09-18,261,2019,2020,"WET",9,18,0.59375,"Seg1",8,25.57966,-80.305,3,"Vert","Fish","Gulf Toadfish","Opsanus beta",0,0,0,0,30.7,5.9,92,"polyhaline",28.16,8.08,0.03,90,0,45,14.1,19.7,0.313333333333333,0.437777777777778,10,4.1,0,0,2.5,11.8,932,0,0,"WET","8","2019",2019-09-18,0,"no food"
"Standard","C-2019-9-18-9",5344,2019-09-18,261,2019,2020,"WET",9,18,0.574305555555556,"Seg1",9,25.57395,-80.3034,3,"Vert","Fish","Gulf Toadfish","Opsanus beta",0,0,0,0,30.4,6,93,"polyhaline",27.76,8.09,0.02,110,15,55.5,36.2,5.9,0.652252252252252,0.106306306306306,34.5,1.7,0,0,8.6,20.3,582,4,12,"WET","9","2019",2019-09-18,16,"food"
"Standard","C-2020-3-10-38",5518,2020-03-10,70,2020,2020,"DRY",3,10,0.600694444444444,"Seg2",38,25.4693,-80.34002,3,"Vert","Fish","Gulf Toadfish","Opsanus beta",0,0,0,0,22,6.9,85,"mesohaline",12.77,8.11,NA,85,50,17.5,6.8,7.1,0.388571428571429,0.405714285714286,0,6.8,0,0,28.8,5.1,819.8,0,0,"DRY","38","2020",2020-03-10,0,"no food"
"Standard","C-2020-3-10-39",5518,2020-03-10,70,2020,2020,"DRY",3,10,0.577083333333333,"Seg2",39,25.46573,-80.33757,3,"Vert","Fish","Gulf Toadfish","Opsanus beta",0,0,0,0,21.4,6.9,85,"mesohaline",14.87,8.18,NA,103,53,41.5,11.6,22.5,0.279518072289157,0.542168674698795,0,11.6,0,0,23.4,9.4,93.6,1,0,"DRY","39","2020",2020-03-10,1,"food"
"Standard","C-2020-3-10-40",5518,2020-03-10,70,2020,2020,"DRY",3,10,0.546527777777778,"Seg2",40,25.45866,-80.33711,3,"Vert","Fish","Gulf Toadfish","Opsanus beta",1,2,0.666666666666667,0,21,7.4,95,"polyhaline",22.83,8.15,NA,114,46,83,31.6,34.1,0.380722891566265,0.410843373493976,30,1.6,0,0,31.7,27.6,665.7,1,2,"DRY","40","2020",2020-03-10,3,"food"
"Standard","C-2020-3-10-41",5518,2020-03-10,70,2020,2020,"DRY",3,10,0.526388888888889,"Seg2",41,25.45539,-80.33608,3,"Vert","Fish","Gulf Toadfish","Opsanus beta",0,0,0,0,20.7,7.2,94,"polyhaline",24.35,8.14,NA,110,70,55,19.4,18.9,0.352727272727273,0.343636363636364,18,1.4,0,0,30,19.2,167.2,2,0,"DRY","41","2020",2020-03-10,2,"food"
"Standard","C-2020-3-10-42",5518,2020-03-10,70,2020,2020,"DRY",3,10,0.503472222222222,"Seg2",42,25.45043,-80.33055,3,"Vert","Fish","Gulf Toadfish","Opsanus beta",0,0,0,0,20.1,7.1,92,"polyhaline",25.36,8.15,NA,125,65,30.5,7.5,15.5,0.245901639344262,0.508196721311475,7.5,0,0,0,19.6,12,273.8,0,1,"DRY","42","2020",2020-03-10,1,"food"
"Standard","C-2020-3-10-43",5518,2020-03-10,70,2020,2020,"DRY",3,10,0.481944444444444,"Seg2",43,25.44472,-80.33102,3,"Vert","Fish","Gulf Toadfish","Opsanus beta",1,1,0.333333333333333,0,20.3,6.1,81,"polyhaline",28.66,7.89,NA,100,50,82,25.5,41.8,0.310975609756098,0.509756097560976,25.5,0,0,0,16.6,17.4,712.2,1,0,"DRY","43","2020",2020-03-10,1,"food"
"Standard","C-2020-3-10-44",5518,2020-03-10,70,2020,2020,"DRY",3,10,0.459722222222222,"Seg2",44,25.4431,-80.33043,3,"Vert","Fish","Gulf Toadfish","Opsanus beta",1,1,0.333333333333333,0,19.9,7.1,92,"polyhaline",28.61,8.04,NA,80,75,58,25.6,16.4,0.441379310344828,0.282758620689655,7.1,18.5,0,0,34.7,13.5,1123.8,0,1,"DRY","44","2020",2020-03-10,1,"food"
"Standard","C-2020-3-10-45",5518,2020-03-10,70,2020,2020,"DRY",3,10,0.4375,"Seg2",45,25.43779,-80.3242,3,"Vert","Fish","Gulf Toadfish","Opsanus beta",0,0,0,0,19.6,6.5,85,"polyhaline",29.01,8.04,NA,109,15,81,8.6,62.8,0.106172839506173,0.775308641975309,8.1,0.5,0,0,7,12.6,911.6,1,0,"DRY","45","2020",2020-03-10,1,"food"
"Standard","C-2020-3-10-46",5518,2020-03-10,70,2020,2020,"DRY",3,10,0.419444444444444,"Seg2",46,25.43742,-80.32169,3,"Vert","Fish","Gulf Toadfish","Opsanus beta",0,0,0,0,19.6,6.3,82,"polyhaline",29.06,8.04,NA,79,18,86,8.5,67.2111111111111,0.0988372093023256,0.781524547803618,8,0.5,0,0,1.55555555555556,11.6,917.4,2,2,"DRY","46","2020",2020-03-10,4,"food"
"Standard","C-2020-3-10-47",5518,2020-03-10,70,2020,2020,"DRY",3,10,0.385416666666667,"Seg2",47,25.43687,-80.31969,3,"Vert","Fish","Gulf Toadfish","Opsanus beta",0,0,0,0,19.3,5.8,75,"euhaline",30.47,7.95,NA,105,50,78.5,34.5,25.9,0.439490445859873,0.329936305732484,34.5,0,0,0,28.7,20.6,826,2,0,"DRY","47","2020",2020-03-10,2,"food"
"Standard","C-2020-3-11-29",5519,2020-03-11,71,2020,2020,"DRY",3,11,0.609027777777778,"Seg2",29,25.50432,-80.33778,3,"Vert","Fish","Gulf Toadfish","Opsanus beta",1,1,0.333333333333333,0,22.1,7.5,98,"polyhaline",19.7,8.19,NA,90,31,21.5,9.9,6.5,0.46046511627907,0.302325581395349,9.1,0.8,0,0,32.5,15.5,549.8,0,0,"DRY","29","2020",2020-03-11,0,"no food"
"Standard","C-2020-3-11-30",5519,2020-03-11,71,2020,2020,"DRY",3,11,0.577777777777778,"Seg2",30,25.49728,-80.33928,3,"Vert","Fish","Gulf Toadfish","Opsanus beta",0,0,0,0,22.9,8,106,"polyhaline",21.24,8.28,NA,95,28,44.5,27,10.2,0.606741573033708,0.229213483146067,18.5,8.5,0,0,33,20,593.6,0,0,"DRY","30","2020",2020-03-11,0,"no food"
"Standard","C-2020-3-11-31",5519,2020-03-11,71,2020,2020,"DRY",3,11,0.554166666666667,"Seg2",31,25.49321,-80.33861,3,"Vert","Fish","Gulf Toadfish","Opsanus beta",0,0,0,0,21.1,8.3,109,"polyhaline",22.2,8.2,NA,103,80,42.5,25,10.1,0.588235294117647,0.237647058823529,10,15,0,0,37,23,464,1,0,"DRY","31","2020",2020-03-11,1,"food"
"Standard","C-2020-3-11-32",5519,2020-03-11,71,2020,2020,"DRY",3,11,0.529166666666667,"Seg2",32,25.49033,-80.34017,3,"Vert","Fish","Gulf Toadfish","Opsanus beta",0,0,0,0,22.1,8.4,109,"polyhaline",22.54,8.3,NA,115,16,44.5,17.5,21.8,0.393258426966292,0.489887640449438,0,17.5,0,0,25,22,574.9,2,1,"DRY","32","2020",2020-03-11,3,"food"
"Standard","C-2020-3-11-33",5519,2020-03-11,71,2020,2020,"DRY",3,11,0.502083333333333,"Seg2",33,25.48691,-80.33994,3,"Vert","Fish","Gulf Toadfish","Opsanus beta",0,0,0,0,21.7,8.9,114,"polyhaline",20.25,8.31,NA,112,33,62,44.6,10.3,0.719354838709677,0.166129032258065,26.5,18.1,0,0,32.5,24,439.2,0,0,"DRY","33","2020",2020-03-11,0,"no food"
"Standard","C-2020-3-11-34",5519,2020-03-11,71,2020,2020,"DRY",3,11,0.484027777777778,"Seg2",34,25.48518,-80.33961,3,"Vert","Fish","Gulf Toadfish","Opsanus beta",0,0,0,0,21.5,8.5,107,"polyhaline",18.25,8.25,NA,115,20,85.5,21.5,49.2,0.251461988304094,0.575438596491228,17.5,4,0,0,4.2,16.3,714.1,1,3,"DRY","34","2020",2020-03-11,4,"food"
"Standard","C-2020-3-11-35",5519,2020-03-11,71,2020,2020,"DRY",3,11,0.463888888888889,"Seg2",35,25.48021,-80.34023,3,"Vert","Fish","Gulf Toadfish","Opsanus beta",0,0,0,0,21.6,7.8,98,"mesohaline",16.82,8.2,NA,100,35,49.5,21.5,17.5,0.434343434343434,0.353535353535354,0,21.5,0,0,21.8,14.6,620.3,1,1,"DRY","35","2020",2020-03-11,2,"food"
"Standard","C-2020-3-11-36",5519,2020-03-11,71,2020,2020,"DRY",3,11,0.448611111111111,"Seg2",36,25.47955,-80.34019,3,"Vert","Fish","Gulf Toadfish","Opsanus beta",0,0,0,0,21.2,7.7,95,"mesohaline",16.32,8.15,NA,88,40,38.5,22,10.9,0.571428571428571,0.283116883116883,0,22,0,0,22.7,15,882.7,0,1,"DRY","36","2020",2020-03-11,1,"food"
"Standard","C-2020-3-11-37",5519,2020-03-11,71,2020,2020,"DRY",3,11,0.425,"Seg2",37,25.47703,-80.3402,3,"Vert","Fish","Gulf Toadfish","Opsanus beta",0,0,0,0,20.9,7.1,87,"mesohaline",15.7,8.1,NA,70,43,59,25.1,20.7,0.425423728813559,0.350847457627119,11,14.1,0,0,13.5,14.5,794,0,0,"DRY","37","2020",2020-03-11,0,"no food"
"Standard","C-2020-3-12-19",5520,2020-03-12,72,2020,2020,"DRY",3,12,0.679166666666667,"Seg2",19,25.52547,-80.33111,3,"Vert","Fish","Gulf Toadfish","Opsanus beta",0,0,0,0,25.3,8.9,126,"polyhaline",26.6,8.33,NA,65,15,60.5,16.5,34.4,0.272727272727273,0.568595041322314,0,16.5,0,0,17,15.5,202.3,0,1,"DRY","19","2020",2020-03-12,1,"food"
"Standard","C-2020-3-12-20",5520,2020-03-12,72,2020,2020,"DRY",3,12,0.657638888888889,"Seg2",20,25.51835,-80.33095,3,"Vert","Fish","Gulf Toadfish","Opsanus beta",0,0,0,0,25.1,8.6,120,"polyhaline",25.31,8.33,NA,90,15,15,9.5,0.8,0.633333333333333,0.0533333333333333,0,9.5,0,0,21,12.5,286.6,0,1,"DRY","20","2020",2020-03-12,1,"food"
"Standard","C-2020-3-12-21",5520,2020-03-12,72,2020,2020,"DRY",3,12,0.638194444444444,"Seg2",21,25.51644,-80.33362,3,"Vert","Fish","Gulf Toadfish","Opsanus beta",0,0,0,0,25.4,11,154,"polyhaline",24.97,8.49,NA,85,15,29.5,15.5,10.1,0.525423728813559,0.342372881355932,0,15.5,0,0,23,19,675.1,0,0,"DRY","21","2020",2020-03-12,0,"no food"
"Standard","C-2020-3-12-22",5520,2020-03-12,72,2020,2020,"DRY",3,12,0.620833333333333,"Seg2",22,25.5155,-80.33407,3,"Vert","Fish","Gulf Toadfish","Opsanus beta",0,0,0,0,25.4,13.5,188,"polyhaline",24.81,8.56,NA,99,14,28,16.5,8.2,0.589285714285714,0.292857142857143,0,16.5,0,0,23.5,20.5,846.4,1,0,"DRY","22","2020",2020-03-12,1,"food"
"Standard","C-2020-3-12-23",5520,2020-03-12,72,2020,2020,"DRY",3,12,0.601388888888889,"Seg2",23,25.51432,-80.33471,3,"Vert","Fish","Gulf Toadfish","Opsanus beta",0,0,0,0,25,12.8,177,"polyhaline",24.4,8.51,NA,96,30,30.5,15.5,11.7,0.508196721311475,0.383606557377049,1,14.5,0,0,30.5,18,217.3,1,0,"DRY","23","2020",2020-03-12,1,"food"
"Standard","C-2020-3-12-24",5520,2020-03-12,72,2020,2020,"DRY",3,12,0.583333333333333,"Seg2",24,25.51195,-80.3352,3,"Vert","Fish","Gulf Toadfish","Opsanus beta",0,0,0,0,24.5,8,109,"polyhaline",22.68,8.23,NA,100,42,25,12.5,7.8,0.5,0.312,0,12.5,0,0,26,18,722.5,0,1,"DRY","24","2020",2020-03-12,1,"food"
"Standard","C-2020-3-12-25",5520,2020-03-12,72,2020,2020,"DRY",3,12,0.565972222222222,"Seg2",25,25.5095,-80.33553,3,"Vert","Fish","Gulf Toadfish","Opsanus beta",0,0,0,0,24.1,9,120,"polyhaline",22.12,8.3,NA,93,42,78.5,6.6,65.5,0.0840764331210191,0.834394904458599,0,6.6,0,0,37,13.5,800.2,0,0,"DRY","25","2020",2020-03-12,0,"no food"
"Standard","C-2020-3-12-26",5520,2020-03-12,72,2020,2020,"DRY",3,12,0.510416666666667,"Seg2",26,25.50569,-80.33358,3,"Vert","Fish","Gulf Toadfish","Opsanus beta",0,0,0,0,23.1,8.5,112,"polyhaline",21.02,8.23,NA,100,35,31.5,19,8.5,0.603174603174603,0.26984126984127,2.5,16.5,0,0,24,15.5,597.8,1,1,"DRY","26","2020",2020-03-12,2,"food"
"Standard","C-2020-3-12-27",5520,2020-03-12,72,2020,2020,"DRY",3,12,0.492361111111111,"Seg2",27,25.50405,-80.3325,3,"Vert","Fish","Gulf Toadfish","Opsanus beta",0,0,0,0,22.8,7.9,103,"polyhaline",20.42,8.2,NA,80,20,73,50.8,9.1,0.695890410958904,0.124657534246575,39.6,11.2,0,0,39,18,881.2,0,0,"DRY","27","2020",2020-03-12,0,"no food"
"Standard","C-2020-3-12-28",5520,2020-03-12,72,2020,2020,"DRY",3,12,0.468055555555556,"Seg2",28,25.50511,-80.33658,3,"Vert","Fish","Gulf Toadfish","Opsanus beta",1,1,0.333333333333333,0,22.5,7.6,99,"polyhaline",20.21,8.2,NA,93,17,26,18.5,3.3,0.711538461538462,0.126923076923077,9,9.5,0,0,28.5,20,406.1,0,0,"DRY","28","2020",2020-03-12,0,"no food"
"Standard","C-2020-3-13-10",5521,2020-03-13,73,2020,2020,"DRY",3,13,0.642361111111111,"Seg1",10,25.56936,-80.30258,3,"Vert","Fish","Gulf Toadfish","Opsanus beta",0,0,0,0,24.8,7.7,113,"euhaline",31.74,7.9,NA,85,5,77.5,37.5,26.3,0.483870967741935,0.339354838709677,32.1,5.4,0,0,13,23,679.2,0,0,"DRY","10","2020",2020-03-13,0,"no food"
"Standard","C-2020-3-13-11",5521,2020-03-13,73,2020,2020,"DRY",3,13,0.625694444444444,"Seg1",11,25.56838,-80.3034,3,"Vert","Fish","Gulf Toadfish","Opsanus beta",0,0,0,0,25.8,9.5,140,"euhaline",31.77,8.24,NA,75,10,78.5,38.4,32.5,0.489171974522293,0.414012738853503,26.5,11.9,0,0,17.5,19.5,663.4,2,0,"DRY","11","2020",2020-03-13,2,"food"
"Standard","C-2020-3-13-12",5521,2020-03-13,73,2020,2020,"DRY",3,13,0.584722222222222,"Seg1",12,25.56174,-80.30749,3,"Vert","Fish","Gulf Toadfish","Opsanus beta",0,0,0,0,25,6.8,99,"euhaline",31.86,8.03,NA,115,20,17,1.5,13,0.0882352941176471,0.764705882352941,0,1.5,0,0,17.5,3.6,385.5,0,0,"DRY","12","2020",2020-03-13,0,"no food"
"Standard","C-2020-3-13-13",5521,2020-03-13,73,2020,2020,"DRY",3,13,0.566666666666667,"Seg1",13,25.55796,-80.30743,3,"Vert","Fish","Gulf Toadfish","Opsanus beta",0,0,0,0,24.6,6.6,93,"euhaline",31.78,7.93,NA,103,10,68.5,6.3,56.6,0.091970802919708,0.826277372262774,2,4.3,0,0,13.5,17.5,334.9,0,0,"DRY","13","2020",2020-03-13,0,"no food"
"Standard","C-2020-3-13-14",5521,2020-03-13,73,2020,2020,"DRY",3,13,0.531944444444444,"Seg1",14,25.55171,-80.31013,3,"Vert","Fish","Gulf Toadfish","Opsanus beta",0,0,0,0,24,6.1,88,"euhaline",31.73,7.69,NA,93,10,65.5,2.5,58.9,0.0381679389312977,0.899236641221374,2,0.5,0,0,21.5,11.5,150.7,0,1,"DRY","14","2020",2020-03-13,1,"food"
"Standard","C-2020-3-13-15",5521,2020-03-13,73,2020,2020,"DRY",3,13,0.508333333333333,"Seg1",15,25.5451,-80.3124,3,"Vert","Fish","Gulf Toadfish","Opsanus beta",0,0,0,0,24.1,6.7,96,"euhaline",31.32,8.09,NA,90,1,96.5,25.1,68,0.260103626943005,0.704663212435233,25.1,0,0,0,11.5,18.5,853.2,0,0,"DRY","15","2020",2020-03-13,0,"no food"
"Standard","C-2020-3-13-16",5521,2020-03-13,73,2020,2020,"DRY",3,13,0.491666666666667,"Seg1",16,25.54039,-80.31272,3,"Vert","Fish","Gulf Toadfish","Opsanus beta",0,0,0,0,24.3,6.6,93,"polyhaline",29.94,7.89,NA,89,5,66.5,38.2,22.4,0.574436090225564,0.336842105263158,35.1,3.1,0,0,21.5,19.5,246.4,0,0,"DRY","16","2020",2020-03-13,0,"no food"
"Standard","C-2020-3-13-17",5521,2020-03-13,73,2020,2020,"DRY",3,13,0.473611111111111,"Seg1",17,25.53765,-80.31322,3,"Vert","Fish","Gulf Toadfish","Opsanus beta",0,0,0,0,23.9,6.3,88,"polyhaline",29.12,8,NA,85,10,67.5,39.5,20,0.585185185185185,0.296296296296296,35.5,4,0,0,12,20,314.8,0,0,"DRY","17","2020",2020-03-13,0,"no food"
"Standard","C-2020-3-13-18",5521,2020-03-13,73,2020,2020,"DRY",3,13,0.445833333333333,"Seg2",18,25.53183,-80.32876,3,"Vert","Fish","Gulf Toadfish","Opsanus beta",0,0,0,0,23.7,6.6,91,"polyhaline",27.87,8.27,NA,50,1,63.5,26,29.9,0.409448818897638,0.470866141732283,0,26,0,0,4,14.8,298.5,1,0,"DRY","18","2020",2020-03-13,1,"food"
"Standard","C-2020-3-13-9",5521,2020-03-13,73,2020,2020,"DRY",3,13,0.663888888888889,"Seg1",9,25.57401,-80.30327,3,"Vert","Fish","Gulf Toadfish","Opsanus beta",0,0,0,0,26.1,7.9,117,"euhaline",31.68,8.13,NA,70,5,56.5,15.3,32.9,0.270796460176991,0.582300884955752,12.6,2.7,0,0,11.5,10.5,622.2,0,0,"DRY","9","2020",2020-03-13,0,"no food"
"Standard","C-2020-3-19-1",5527,2020-03-19,79,2020,2020,"DRY",3,19,0.361805555555556,"Seg1",1,25.62915,-80.28867,3,"Vert","Fish","Gulf Toadfish","Opsanus beta",0,0,0,0,24,6.5,93,"euhaline",32.69,8.26,NA,85,55,26.1,18.9,1.4,0.724137931034483,0.053639846743295,15.6,3.3,0,0,41,15,227.1,2,0,"DRY","1","2020",2020-03-19,2,"food"
"Standard","C-2020-3-19-2",5527,2020-03-19,79,2020,2020,"DRY",3,19,0.384027777777778,"Seg1",2,25.62394,-80.29916,3,"Vert","Fish","Gulf Toadfish","Opsanus beta",0,0,0,0,23.5,5.2,74,"polyhaline",29.72,8.17,NA,80,35,39.5,28.6,3.2,0.724050632911392,0.0810126582278481,6.5,22,0.1,0,39.5,18.5,201.4,0,0,"DRY","2","2020",2020-03-19,0,"no food"
"Standard","C-2020-3-19-3",5527,2020-03-19,79,2020,2020,"DRY",3,19,0.411805555555556,"Seg1",3,25.61737,-80.30149,3,"Vert","Fish","Gulf Toadfish","Opsanus beta",0,0,0,0,23.9,5.9,84,"polyhaline",29.15,8.18,NA,60,20,29.1,18,5.9,0.618556701030928,0.202749140893471,0,18,0,0,32,19,516,0,1,"DRY","3","2020",2020-03-19,1,"food"
"Standard","C-2020-3-19-4",5527,2020-03-19,79,2020,2020,"DRY",3,19,0.425694444444444,"Seg1",4,25.61574,-80.30283,3,"Vert","Fish","Gulf Toadfish","Opsanus beta",0,0,0,0,23.7,6.7,94,"polyhaline",28.9,8.24,NA,53,1,48.5,14.6,28.1,0.301030927835052,0.579381443298969,3.1,11.5,0,0,19.5,18,361.4,0,2,"DRY","4","2020",2020-03-19,2,"food"
"Standard","C-2020-3-19-5",5527,2020-03-19,79,2020,2020,"DRY",3,19,0.44375,"Seg1",5,25.61373,-80.30607,3,"Vert","Fish","Gulf Toadfish","Opsanus beta",0,0,0,0,24.1,6.3,88,"polyhaline",25.29,8.13,NA,55,25,39.6,1.1,36.5,0.0277777777777778,0.921717171717172,0.2,0.9,0,0,13.5,6,239.4,0,1,"DRY","5","2020",2020-03-19,1,"food"
"Standard","C-2020-3-20-6",5528,2020-03-20,80,2020,2020,"DRY",3,20,0.347222222222222,"Seg1",6,25.60929,-80.3073,3,"Vert","Fish","Gulf Toadfish","Opsanus beta",0,0,0,0,23.7,4.4,59,"polyhaline",25.67,8.21,NA,75,25,24,5.7,14.8,0.2375,0.616666666666667,0,5.7,0,0,25,8,515.6,1,0,"DRY","6","2020",2020-03-20,1,"food"
"Standard","C-2020-3-20-7",5528,2020-03-20,80,2020,2020,"DRY",3,20,0.379166666666667,"Seg1",7,25.59449,-80.30788,3,"Vert","Fish","Gulf Toadfish","Opsanus beta",0,0,0,0,23.4,4.7,66,"euhaline",30.59,8.12,NA,75,30,49.5,0.6,46.5,0.0121212121212121,0.939393939393939,0,0.6,0,0,23.5,6,502.5,0,1,"DRY","7","2020",2020-03-20,1,"food"
"Standard","C-2020-3-20-8",5528,2020-03-20,80,2020,2020,"DRY",3,20,0.420138888888889,"Seg1",8,25.57984,-80.30505,3,"Vert","Fish","Gulf Toadfish","Opsanus beta",0,0,0,0,23.6,6.5,94,"euhaline",33.8,8.37,NA,53,1,82.5,5.5,69.4,0.0666666666666667,0.841212121212121,5,0.5,0,0,1,7.5,442.2,0,0,"DRY","8","2020",2020-03-20,0,"no food"
"Standard","C-2020-9-15-12",5707,2020-09-15,259,2020,2021,"WET",9,15,0.520833333333333,"Seg1",12,25.56171,-80.30753,3,"Vert","Fish","Gulf Toadfish","Opsanus beta",0,0,0,0,29.6,3.67,54.9,"polyhaline",18.11,7.49,NA,100,9,40,13.5,14.2,0.3375,0.355,0,13.5,0,0,17.5,21.5,379.9,1,1,"WET","12","2020",2020-09-15,2,"food"
"Standard","C-2020-9-15-13",5707,2020-09-15,259,2020,2021,"WET",9,15,0.504166666666667,"Seg1",13,25.55802,-80.30745,3,"Vert","Fish","Gulf Toadfish","Opsanus beta",0,0,0,0,29.6,5.2,75.8,"mesohaline",17.75,7.63,NA,100,12,84.5,7,63.9,0.0828402366863905,0.756213017751479,0,7,0,0,19.5,19,482.3,0,0,"WET","13","2020",2020-09-15,0,"no food"
"Standard","C-2020-9-15-14",5707,2020-09-15,259,2020,2021,"WET",9,15,0.475,"Seg1",14,25.55187,-80.31006,3,"Vert","Fish","Gulf Toadfish","Opsanus beta",0,0,0,0,29.4,6.24,90.2,"mesohaline",16.64,7.68,NA,100,20,60.5,12,37.9,0.198347107438017,0.626446280991735,12,0,0,0,28.5,17.5,553.2,1,0,"WET","14","2020",2020-09-15,1,"food"
"Standard","C-2020-9-15-15",5707,2020-09-15,259,2020,2021,"WET",9,15,0.456944444444444,"Seg1",15,25.5451,-80.31236,3,"Vert","Fish","Gulf Toadfish","Opsanus beta",0,0,0,0,28.9,5.76,85,"mesohaline",14.68,7.74,NA,106,44,80.5,50.7,16.1,0.629813664596273,0.2,50.5,0.2,0,0,33,30,369.5,0,0,"WET","15","2020",2020-09-15,0,"no food"
"Standard","C-2020-9-15-16",5707,2020-09-15,259,2020,2021,"WET",9,15,0.441666666666667,"Seg1",16,25.54042,-80.31276,3,"Vert","Fish","Gulf Toadfish","Opsanus beta",0,0,0,0,29.3,6.73,98.5,"mesohaline",17.88,7.92,NA,100,4,63,47.1,7.2,0.747619047619048,0.114285714285714,34,13.1,0,0,20.5,27,561.2,0,0,"WET","16","2020",2020-09-15,0,"no food"
"Standard","C-2020-9-15-17",5707,2020-09-15,259,2020,2021,"WET",9,15,0.420833333333333,"Seg1",17,25.53751,-80.31327,3,"Vert","Fish","Gulf Toadfish","Opsanus beta",0,0,0,0,29.2,6.16,90.1,"polyhaline",18.88,7.9,NA,120,6,75.5,45.2,11.5,0.598675496688742,0.152317880794702,39,6.2,0,0,30.5,29.5,184.5,2,0,"WET","17","2020",2020-09-15,2,"food"
"Standard","C-2020-9-15-18",5707,2020-09-15,259,2020,2021,"WET",9,15,0.392361111111111,"Seg2",18,25.53197,-80.32874,3,"Vert","Fish","Gulf Toadfish","Opsanus beta",1,1,0.333333333333333,0,28,6.9,89.7,"oligohaline",3.59,7.74,NA,102,23,39.5,21.1,12.6,0.534177215189873,0.318987341772152,0,21.1,0,0,4.4,16.5,913.1,0,6,"WET","18","2020",2020-09-15,6,"food"
"Standard","C-2020-9-15-19",5707,2020-09-15,259,2020,2021,"WET",9,15,0.372222222222222,"Seg2",19,25.52557,-80.33112,3,"Vert","Fish","Gulf Toadfish","Opsanus beta",0,0,0,0,28.7,7.16,98.9,"mesohaline",7.79,7.79,NA,110,12,60.5,19,23.6,0.31404958677686,0.390082644628099,0,19,0,0,24.5,15.5,640.3,0,3,"WET","19","2020",2020-09-15,3,"food"
"Standard","C-2020-9-15-20",5707,2020-09-15,259,2020,2021,"WET",9,15,0.35,"Seg2",20,25.51837,-80.33095,3,"Vert","Fish","Gulf Toadfish","Opsanus beta",0,0,0,0,29.6,3.92,56,"mesohaline",11.63,7.66,NA,125,20,56,28.5,12.7,0.508928571428571,0.226785714285714,0,28.5,0,0,23.5,15.5,831.6,1,1,"WET","20","2020",2020-09-15,2,"food"
"Standard","C-2020-9-15-21",5707,2020-09-15,259,2020,2021,"WET",9,15,0.333333333333333,"Seg2",21,25.51654,-80.33371,3,"Vert","Fish","Gulf Toadfish","Opsanus beta",0,0,0,0,29.2,2.03,26.4,"mesohaline",8.97,7.49,NA,104,61,60.5,26.5,21.7,0.43801652892562,0.358677685950413,0,26.5,0,0,33.5,16.5,1042.1,0,3,"WET","21","2020",2020-09-15,3,"food"
"Standard","C-2020-9-15-22",5707,2020-09-15,259,2020,2021,"WET",9,15,0.315972222222222,"Seg2",22,25.51557,-80.33407,3,"Vert","Fish","Gulf Toadfish","Opsanus beta",1,1,0.333333333333333,0,29.7,2.17,34.2,"mesohaline",12.39,7.48,NA,110,15,74,34,23.9,0.459459459459459,0.322972972972973,0,34,0,0,21,16.5,546.9,1,0,"WET","22","2020",2020-09-15,1,"food"
"Standard","C-2020-9-16-1",5708,2020-09-16,260,2020,2021,"WET",9,16,0.321527777777778,"Seg1",1,25.62923,-80.28859,3,"Vert","Fish","Gulf Toadfish","Opsanus beta",0,0,0,0,30.2,3.63,56.2,"polyhaline",24.37,7.8,NA,125,45,63,36.8,17.2,0.584126984126984,0.273015873015873,3.8,33,0,0,44,23.8,80.41,0,0,"WET","1","2020",2020-09-16,0,"no food"
"Standard","C-2020-9-16-2",5708,2020-09-16,260,2020,2021,"WET",9,16,0.352083333333333,"Seg1",2,25.62386,-80.29919,3,"Vert","Fish","Gulf Toadfish","Opsanus beta",0,0,0,0,30.8,1.81,35,"polyhaline",23.47,7.61,NA,135,30,50.5,37.5,4.6,0.742574257425743,0.0910891089108911,0,37.5,0,0,42.2,21.5,42.3,0,0,"WET","2","2020",2020-09-16,0,"no food"
"Standard","C-2020-9-16-3",5708,2020-09-16,260,2020,2021,"WET",9,16,0.389583333333333,"Seg1",3,25.61753,-80.30151,3,"Vert","Fish","Gulf Toadfish","Opsanus beta",0,0,0,0,30.8,1.85,29.1,"polyhaline",25.1,7.61,NA,145,35,70,12.2,50.6,0.174285714285714,0.722857142857143,0,12.2,0,0,27.2,13.4,56.96,2,3,"WET","3","2020",2020-09-16,5,"food"
"Standard","C-2020-9-16-4",5708,2020-09-16,260,2020,2021,"WET",9,16,0.416666666666667,"Seg1",4,25.61584,-80.30283,3,"Vert","Fish","Gulf Toadfish","Opsanus beta",0,0,0,0,30.3,4.25,64.5,"polyhaline",24.79,7.95,NA,125,1,70,53.6,9.1,0.765714285714286,0.13,4.1,49.5,0,0,23.5,30.9,56.05,0,0,"WET","4","2020",2020-09-16,0,"no food"
"Standard","C-2020-9-16-5",5708,2020-09-16,260,2020,2021,"WET",9,16,0.442361111111111,"Seg1",5,25.61379,-80.3061,3,"Vert","Fish","Gulf Toadfish","Opsanus beta",0,0,0,0,30.1,0.69,10.9,"polyhaline",23.62,7.41,NA,100,20,56,10.3,26.5,0.183928571428571,0.473214285714286,0.2,10.1,0,0,14.6,11.8,87.32,0,0,"WET","5","2020",2020-09-16,0,"no food"
"Standard","C-2020-9-16-6",5708,2020-09-16,260,2020,2021,"WET",9,16,0.486111111111111,"Seg1",6,25.60926,-80.3073,3,"Vert","Fish","Gulf Toadfish","Opsanus beta",0,0,0,0,31.5,3.52,54,"polyhaline",23.41,7.77,NA,90,37,57,0,45,0,0.789473684210526,0,0,0,0,25.6,13.5,77.59,0,0,"WET","6","2020",2020-09-16,0,"no food"
"Standard","C-2020-9-16-7",5708,2020-09-16,260,2020,2021,"WET",9,16,0.513194444444444,"Seg1",7,25.59436,-80.30786,3,"Vert","Fish","Gulf Toadfish","Opsanus beta",0,0,0,0,29.8,2.25,33.7,"polyhaline",22.67,7.51,NA,82,15,56,20.5,20.9,0.366071428571429,0.373214285714286,0,20.5,0,0,35.6,20.2,142.07,1,0,"WET","7","2020",2020-09-16,1,"food"
"Standard","C-2020-9-16-8",5708,2020-09-16,260,2020,2021,"WET",9,16,0.552777777777778,"Seg1",8,25.57973,-80.30496,3,"Vert","Fish","Gulf Toadfish","Opsanus beta",0,0,0,0,30.3,7.83,116.4,"polyhaline",20.55,7.61,NA,65,8,93.5,20.5,58.6,0.219251336898396,0.626737967914438,20.5,0,0,0,6.8,22.1,918.4,0,0,"WET","8","2020",2020-09-16,0,"no food"
"Standard","C-2020-9-17-10",5709,2020-09-17,261,2020,2021,"WET",9,17,0.355555555555556,"Seg1",10,25.56942,-80.30258,3,"Vert","Fish","Gulf Toadfish","Opsanus beta",0,0,0,0,28.7,2.45,35.2,"polyhaline",19.09,7.49,NA,100,6,81,43.1,22.5,0.532098765432099,0.277777777777778,33.5,9.6,0,0,13,33.5,224,1,0,"WET","10","2020",2020-09-17,1,"food"
"Standard","C-2020-9-17-11",5709,2020-09-17,261,2020,2021,"WET",9,17,0.383333333333333,"Seg1",11,25.56844,-80.30339,3,"Vert","Fish","Gulf Toadfish","Opsanus beta",1,1,0.333333333333333,0,29.1,3.41,48.3,"polyhaline",18.4,7.65,NA,102,10,88,43.2,37.2,0.490909090909091,0.422727272727273,18.5,24.7,0,0,21,27.5,327.5,1,1,"WET","11","2020",2020-09-17,2,"food"
"Standard","C-2020-9-17-9",5709,2020-09-17,261,2020,2021,"WET",9,17,0.314583333333333,"Seg1",9,25.57395,-80.3034,3,"Vert","Fish","Gulf Toadfish","Opsanus beta",0,0,0,0,28.6,2.49,36,"polyhaline",19.31,7.49,NA,80,15,86,69.7,5.9,0.81046511627907,0.0686046511627907,46.2,23.5,0,0,15,25,79.4,1,2,"WET","9","2020",2020-09-17,3,"food"
"Standard","C-2020-9-2-40",5694,2020-09-02,246,2020,2021,"WET",9,2,0.586111111111111,"Seg2",40,25.45868,-80.33717,3,"Vert","Fish","Gulf Toadfish","Opsanus beta",1,1,0.333333333333333,0,31.9,6.24,106.2,"euhaline",35.95,7.93,NA,92,48,88.5,27,52.2,0.305084745762712,0.589830508474576,18,9,0,0,52.4,19.1,749.2,0,1,"WET","40","2020",2020-09-02,1,"food"
"Standard","C-2020-9-2-41",5694,2020-09-02,246,2020,2021,"WET",9,2,0.561805555555556,"Seg2",41,25.45536,-80.33607,3,"Vert","Fish","Gulf Toadfish","Opsanus beta",1,1,0.333333333333333,0,31.9,6.77,115.2,"euhaline",35.32,7.96,NA,87,63,88.5,19.8,62.8,0.223728813559322,0.709604519774011,16.5,3.3,0,0,61.5,28.9,758.2,4,0,"WET","41","2020",2020-09-02,4,"food"
"Standard","C-2020-9-2-42",5694,2020-09-02,246,2020,2021,"WET",9,2,0.536111111111111,"Seg2",42,25.45046,-80.33059,3,"Vert","Fish","Gulf Toadfish","Opsanus beta",0,0,0,0,31.5,5.26,87.4,"euhaline",36.46,7.97,NA,112,68,40,5,28.3,0.125,0.7075,5,0,0,0,45.7,14.3,904.1,0,0,"WET","42","2020",2020-09-02,0,"no food"
"Standard","C-2020-9-2-43",5694,2020-09-02,246,2020,2021,"WET",9,2,0.513888888888889,"Seg2",43,25.4447,-80.331,3,"Vert","Fish","Gulf Toadfish","Opsanus beta",1,1,0.333333333333333,0,31,4.92,81.7,"euhaline",37.07,7.75,NA,90,75,72.5,45.5,6.5,0.627586206896552,0.0896551724137931,45.5,0,0,0,48.8,29.5,917.9,2,1,"WET","43","2020",2020-09-02,3,"food"
"Standard","C-2020-9-2-44",5694,2020-09-02,246,2020,2021,"WET",9,2,0.486111111111111,"Seg2",44,25.44314,-80.33047,3,"Vert","Fish","Gulf Toadfish","Opsanus beta",1,1,0.333333333333333,0,30.7,5.03,86.1,"euhaline",37.01,7.97,NA,96,53,78,59.5,5.9,0.762820512820513,0.0756410256410256,39.5,20,0,0,44.2,28.3,992.9,2,0,"WET","44","2020",2020-09-02,2,"food"
"Standard","C-2020-9-2-45",5694,2020-09-02,246,2020,2021,"WET",9,2,0.45625,"Seg2",45,25.43773,-80.32417,3,"Vert","Fish","Gulf Toadfish","Opsanus beta",0,0,0,0,30.9,4.3,72.5,"euhaline",38.1,7.89,NA,110,60,83,32,37.6,0.385542168674699,0.453012048192771,27.5,4.5,0,0,47.6,28.6,956.2,1,0,"WET","45","2020",2020-09-02,1,"food"
"Standard","C-2020-9-2-46",5694,2020-09-02,246,2020,2021,"WET",9,2,0.425,"Seg2",46,25.43743,-80.32185,3,"Vert","Fish","Gulf Toadfish","Opsanus beta",0,0,0,0,30.8,4.33,68.3,"euhaline",38.41,7.89,NA,80,25,50,12,25.1,0.24,0.502,12,0,0,0,24.7,20,1149.6,1,1,"WET","46","2020",2020-09-02,2,"food"
"Standard","C-2020-9-2-47",5694,2020-09-02,246,2020,2021,"WET",9,2,0.382638888888889,"Seg2",47,25.43706,-80.31936,3,"Vert","Fish","Gulf Toadfish","Opsanus beta",0,0,0,0,30.4,3.67,60.9,"euhaline",37.36,7.92,NA,110,52,81.5,22.1,40.1,0.271165644171779,0.492024539877301,22,0.1,0,0,35.5,23.4,976.9,3,1,"WET","47","2020",2020-09-02,4,"food"
"Standard","C-2020-9-3-34",5695,2020-09-03,247,2020,2021,"WET",9,3,0.538888888888889,"Seg2",34,25.48527,-80.33967,3,"Vert","Fish","Gulf Toadfish","Opsanus beta",0,0,0,0,31.4,10.73,163.7,"polyhaline",23.73,8.08,NA,106,49,59,43.6,4.2,0.738983050847458,0.0711864406779661,20.1,23.5,0,0,22.1,23,260.9,0,0,"WET","34","2020",2020-09-03,0,"no food"
"Standard","C-2020-9-3-35",5695,2020-09-03,247,2020,2021,"WET",9,3,0.513888888888889,"Seg2",35,25.48024,-80.34026,3,"Vert","Fish","Gulf Toadfish","Opsanus beta",0,0,0,0,31.2,7.43,115.5,"polyhaline",20.98,7.88,NA,118,46,57,46.5,2.8,0.815789473684211,0.0491228070175439,1.5,45,0,0,33.2,22.6,411.2,0,0,"WET","35","2020",2020-09-03,0,"no food"
"Standard","C-2020-9-3-36",5695,2020-09-03,247,2020,2021,"WET",9,3,0.492361111111111,"Seg2",36,25.47964,-80.34028,3,"Vert","Fish","Gulf Toadfish","Opsanus beta",0,0,0,0,30.5,6.11,91.3,"polyhaline",21.26,7.86,NA,101,41,44,36,1.6,0.818181818181818,0.0363636363636364,0,36,0,0,34.6,19.9,444,0,0,"WET","36","2020",2020-09-03,0,"no food"
"Standard","C-2020-9-3-37",5695,2020-09-03,247,2020,2021,"WET",9,3,0.470833333333333,"Seg2",37,25.47698,-80.34022,3,"Vert","Fish","Gulf Toadfish","Opsanus beta",0,0,0,0,30.3,6.3,95,"polyhaline",20.32,7.88,NA,91,53,76.5,48.1,17.8,0.628758169934641,0.232679738562091,37.1,11,0,0,37.3,21.3,486.9,1,1,"WET","37","2020",2020-09-03,2,"food"
"Standard","C-2020-9-3-38",5695,2020-09-03,247,2020,2021,"WET",9,3,0.429166666666667,"Seg2",38,25.46921,-80.34003,3,"Vert","Fish","Gulf Toadfish","Opsanus beta",0,0,0,0,30.8,5.11,77.7,"polyhaline",22.82,7.8,NA,88,58,40.5,26,3.6,0.641975308641975,0.0888888888888889,0,26,0,0,33.9,12,697.6,0,2,"WET","38","2020",2020-09-03,2,"food"
"Standard","C-2020-9-3-39",5695,2020-09-03,247,2020,2021,"WET",9,3,0.404861111111111,"Seg2",39,25.46574,-80.33752,3,"Vert","Fish","Gulf Toadfish","Opsanus beta",0,0,0,0,31.2,3.56,55.6,"polyhaline",26.96,7.79,NA,107,60,31,22.5,2.6,0.725806451612903,0.0838709677419355,0,22.5,0,0,42.7,13.2,260.9,0,0,"WET","39","2020",2020-09-03,0,"no food"
"Standard","C-2020-9-4-23",5696,2020-09-04,248,2020,2021,"WET",9,4,0.630555555555556,"Seg2",23,25.5144,-80.33473,3,"Vert","Fish","Gulf Toadfish","Opsanus beta",0,0,0,0,32.2,11.02,169.7,"polyhaline",21.78,8.17,NA,85,55,61.5,38,8.7,0.617886178861789,0.141463414634146,0,38,0,0,23,16,896.4,1,0,"WET","23","2020",2020-09-04,1,"food"
"Standard","C-2020-9-4-24",5696,2020-09-04,248,2020,2021,"WET",9,4,0.611111111111111,"Seg2",24,25.51197,-80.33522,3,"Vert","Fish","Gulf Toadfish","Opsanus beta",0,0,0,0,32.3,8.99,140,"polyhaline",21.7,8.07,NA,91,29,31,21,4.4,0.67741935483871,0.141935483870968,2.5,18.5,0,0,36,16.5,244.3,0,3,"WET","24","2020",2020-09-04,3,"food"
"Standard","C-2020-9-4-25",5696,2020-09-04,248,2020,2021,"WET",9,4,0.59375,"Seg2",25,25.50963,-80.33565,3,"Vert","Fish","Gulf Toadfish","Opsanus beta",0,0,0,0,31.5,6.68,107.3,"polyhaline",18.27,7.85,NA,94,40,41.5,25.5,5.3,0.614457831325301,0.127710843373494,2.5,23,0,0,31.4,16.6,757.2,0,1,"WET","25","2020",2020-09-04,1,"food"
"Standard","C-2020-9-4-26",5696,2020-09-04,248,2020,2021,"WET",9,4,0.575694444444444,"Seg2",26,25.50578,-80.33362,3,"Vert","Fish","Gulf Toadfish","Opsanus beta",0,0,0,0,32.3,10.7,71.4,"polyhaline",22.52,8.06,NA,98,47,68.5,53.2,1.6,0.776642335766423,0.0233576642335766,16.2,37,0,0,35.7,15.9,646.9,0,0,"WET","26","2020",2020-09-04,0,"no food"
"Standard","C-2020-9-4-27",5696,2020-09-04,248,2020,2021,"WET",9,4,0.559722222222222,"Seg2",27,25.50401,-80.33259,3,"Vert","Fish","Gulf Toadfish","Opsanus beta",1,2,0.666666666666667,0,31.6,6.88,106.2,"polyhaline",23.11,7.92,NA,80,95,92.5,49,17.1,0.52972972972973,0.184864864864865,28.5,20.5,0,0,47.2,18.7,663.7,0,0,"WET","27","2020",2020-09-04,0,"no food"
"Standard","C-2020-9-4-28",5696,2020-09-04,248,2020,2021,"WET",9,4,0.534027777777778,"Seg2",28,25.50507,-80.33659,3,"Vert","Fish","Gulf Toadfish","Opsanus beta",0,0,0,0,31.3,5.92,90.9,"polyhaline",23.59,7.91,NA,115,50,58.5,41.6,2.8,0.711111111111111,0.0478632478632479,15.1,26.5,0,0,30.5,19.3,490.6,0,0,"WET","28","2020",2020-09-04,0,"no food"
"Standard","C-2020-9-4-29",5696,2020-09-04,248,2020,2021,"WET",9,4,0.515972222222222,"Seg2",29,25.50438,-80.33768,3,"Vert","Fish","Gulf Toadfish","Opsanus beta",0,0,0,0,31.2,5.5,84.3,"polyhaline",23.53,7.88,NA,110,18,57,34.3,6.6,0.601754385964912,0.115789473684211,26.2,8.1,0,0,23.3,18.5,492.2,0,1,"WET","29","2020",2020-09-04,1,"food"
"Standard","C-2020-9-4-30",5696,2020-09-04,248,2020,2021,"WET",9,4,0.495138888888889,"Seg2",30,25.49732,-80.33935,3,"Vert","Fish","Gulf Toadfish","Opsanus beta",1,5,1.66666666666667,1,31,5.76,90.4,"polyhaline",25.05,7.87,NA,100,23,71.5,51.6,8.1,0.721678321678322,0.113286713286713,49,2.6,0,0,37.8,28.3,418.2,0,2,"WET","30","2020",2020-09-04,2,"food"
"Standard","C-2020-9-4-31",5696,2020-09-04,248,2020,2021,"WET",9,4,0.470833333333333,"Seg2",31,25.49318,-80.33802,3,"Vert","Fish","Gulf Toadfish","Opsanus beta",0,0,0,0,30.9,5.2,78.5,"polyhaline",24.85,7.71,NA,96,34,44,32.5,0,0.738636363636364,0,0,32.5,0,0,30.8,21.2,364.4,0,0,"WET","31","2020",2020-09-04,0,"no food"
"Standard","C-2020-9-4-32",5696,2020-09-04,248,2020,2021,"WET",9,4,0.451388888888889,"Seg2",32,25.49035,-80.34024,3,"Vert","Fish","Gulf Toadfish","Opsanus beta",0,0,0,0,30.2,3.44,53.8,"polyhaline",23.74,7.65,NA,98,35,55.5,43,0.1,0.774774774774775,0.0018018018018018,11.5,31.5,0,0,37.8,21.3,370,1,0,"WET","32","2020",2020-09-04,1,"food"
"Standard","C-2020-9-4-33",5696,2020-09-04,248,2020,2021,"WET",9,4,0.425694444444444,"Seg2",33,25.48694,-80.33994,3,"Vert","Fish","Gulf Toadfish","Opsanus beta",0,0,0,0,29.9,3.04,45.5,"polyhaline",23.26,7.63,NA,84,36,77.5,51.7,9.6,0.667096774193548,0.123870967741935,36,15.7,0,0,35.5,26.5,300.8,0,0,"WET","33","2020",2020-09-04,0,"no food"
"Standard","C-2021-9-18-18",6075,2021-09-18,261,2021,2022,"WET",9,18,0.340972222222222,"Seg2",18,25.53196,-80.32858,3,"Vert","Fish","Gulf Toadfish","Opsanus beta",0,0,0,0,29.9,1.05,15.6,"polyhaline",19.1,7.58,NA,76,1,66,21.8,34.1,0.33030303030303,0.516666666666667,0.3,21.5,0,0,6,15,462,0,0,"WET","18","2021",2021-09-18,0,"no food"
"Standard","C-2021-9-18-19",6075,2021-09-18,261,2021,2022,"WET",9,18,0.3625,"Seg2",19,25.52563,-80.33105,3,"Vert","Fish","Gulf Toadfish","Opsanus beta",0,0,0,0,29.4,2.96,44.2,"polyhaline",20,NA,NA,92,12,35,28.8,1.6,0.822857142857143,0.0457142857142857,1.8,27,0,0,11.5,15,468.8,0,0,"WET","19","2021",2021-09-18,0,"no food"
"Standard","C-2021-9-18-20",6075,2021-09-18,261,2021,2022,"WET",9,18,0.386111111111111,"Seg2",20,25.51844,-80.33086,3,"Vert","Fish","Gulf Toadfish","Opsanus beta",0,0,0,0,29.2,2.64,39.7,"polyhaline",22.66,7.21,NA,105,26,38.5,31,0.7,0.805194805194805,0.0181818181818182,0,31,0,0,18.7,20,828,0,1,"WET","20","2021",2021-09-18,1,"food"
"Standard","C-2021-9-18-21",6075,2021-09-18,261,2021,2022,"WET",9,18,0.404166666666667,"Seg2",21,25.5165,-80.33354,3,"Vert","Fish","Gulf Toadfish","Opsanus beta",0,0,0,0,29.4,2.16,35.3,"polyhaline",23.45,7.74,NA,94,50,75,17,41,0.226666666666667,0.546666666666667,0,17,0,0,23.9,26,850.2,0,10,"WET","21","2021",2021-09-18,10,"food"
"Standard","C-2021-9-18-22",6075,2021-09-18,261,2021,2022,"WET",9,18,0.424305555555556,"Seg2",22,25.51555,-80.33394,3,"Vert","Fish","Gulf Toadfish","Opsanus beta",0,0,0,0,29.6,2.55,38.4,"polyhaline",23.92,7.85,NA,105,17,58,31.5,14.3,0.543103448275862,0.246551724137931,0,31.5,0,0,17.5,30,1017.1,1,5,"WET","22","2021",2021-09-18,6,"food"
"Standard","C-2021-9-18-23",6075,2021-09-18,261,2021,2022,"WET",9,18,0.442361111111111,"Seg2",23,25.5143,-80.33468,3,"Vert","Fish","Gulf Toadfish","Opsanus beta",0,0,0,0,29.5,3.34,51.1,"polyhaline",23.71,7.88,NA,100,73,88.5,22,54.5,0.248587570621469,0.615819209039548,2,20,0,0,27.4,45,78.53,0,4,"WET","23","2021",2021-09-18,4,"food"
"Standard","C-2021-9-18-24",6075,2021-09-18,261,2021,2022,"WET",9,18,0.459027777777778,"Seg2",24,25.51204,-80.33512,3,"Vert","Fish","Gulf Toadfish","Opsanus beta",0,0,0,0,28.6,3.14,45.4,"polyhaline",21.72,7.87,NA,84,30,78.5,11.5,50.6,0.146496815286624,0.644585987261146,0,11.5,0,0,29.5,32,82.44,0,0,"WET","24","2021",2021-09-18,0,"no food"
"Standard","C-2021-9-18-25",6075,2021-09-18,261,2021,2022,"WET",9,18,0.481944444444444,"Seg2",25,25.50945,-80.33553,3,"Vert","Fish","Gulf Toadfish","Opsanus beta",0,0,0,0,28.4,3.76,55,"polyhaline",19.72,7.77,NA,64,15,53,5.1,36.6,0.0962264150943396,0.690566037735849,0,5.1,0,0,31,20,68.46,0,0,"WET","25","2021",2021-09-18,0,"no food"
"Standard","C-2021-9-18-26",6075,2021-09-18,261,2021,2022,"WET",9,18,0.522916666666667,"Seg2",26,25.50567,-80.3335,3,"Vert","Fish","Gulf Toadfish","Opsanus beta",0,0,0,0,30.4,4.6,67,"mesohaline",17.53,7.8,NA,68,58,72,58,3.7,0.805555555555556,0.0513888888888889,44.5,13.5,0,0,27.5,35,66.44,1,9,"WET","26","2021",2021-09-18,10,"food"
"Standard","C-2021-9-19-27",6076,2021-09-19,262,2021,2022,"WET",9,19,0.355555555555556,"Seg2",27,25.5039,-80.33266,3,"Vert","Fish","Gulf Toadfish","Opsanus beta",1,4,1.33333333333333,0,29.1,5.03,72.5,"polyhaline",18.49,7.53,NA,80,65,71.5,26.6,35.5,0.372027972027972,0.496503496503497,17,9.6,0,0,36.3,36,102.12,3,3,"WET","27","2021",2021-09-19,6,"food"
"Standard","C-2021-9-19-28",6076,2021-09-19,262,2021,2022,"WET",9,19,0.378472222222222,"Seg2",28,25.50506,-80.33651,3,"Vert","Fish","Gulf Toadfish","Opsanus beta",0,0,0,0,30,4.04,61,"polyhaline",22.4,7.94,NA,114,10,60.5,43.3,9.5,0.715702479338843,0.15702479338843,24.5,18.8,0,0,30.9,35,691.4,0,1,"WET","28","2021",2021-09-19,1,"food"
"Standard","C-2021-9-19-29",6076,2021-09-19,262,2021,2022,"WET",9,19,0.394444444444444,"Seg2",29,25.50433,-80.33766,3,"Vert","Fish","Gulf Toadfish","Opsanus beta",1,4,1.33333333333333,1,30.9,2.77,42.2,"polyhaline",22.76,7.85,NA,115,15,71,38,23,0.535211267605634,0.323943661971831,27,11,0,0,30.9,45,460.8,0,0,"WET","29","2021",2021-09-19,0,"no food"
"Standard","C-2021-9-19-30",6076,2021-09-19,262,2021,2022,"WET",9,19,0.418055555555556,"Seg2",30,25.49738,-80.33919,3,"Vert","Fish","Gulf Toadfish","Opsanus beta",1,1,0.333333333333333,0,30.2,4.11,61.6,"polyhaline",21.21,7.91,NA,110,35,55,28.7,13.6,0.521818181818182,0.247272727272727,24.1,4.6,0,0,27.7,32,618.7,0,0,"WET","30","2021",2021-09-19,0,"no food"
"Standard","C-2021-9-19-31",6076,2021-09-19,262,2021,2022,"WET",9,19,0.4375,"Seg2",31,25.49314,-80.33856,3,"Vert","Fish","Gulf Toadfish","Opsanus beta",0,0,0,0,31.6,3.06,47.9,"polyhaline",23.9,7.82,NA,102,36,83.5,33.5,41.5,0.401197604790419,0.497005988023952,7.5,26,0,0,33.8,36,648.1,0,0,"WET","31","2021",2021-09-19,0,"no food"
"Standard","C-2021-9-19-32",6076,2021-09-19,262,2021,2022,"WET",9,19,0.458333333333333,"Seg2",32,25.49038,-80.34025,3,"Vert","Fish","Gulf Toadfish","Opsanus beta",0,0,0,0,30.6,4.32,64.9,"polyhaline",21.07,7.92,NA,111,41,62,23.5,27.7,0.379032258064516,0.446774193548387,0,23.5,0,0,23.5,30,376.6,0,1,"WET","32","2021",2021-09-19,1,"food"
"Standard","C-2021-9-19-33",6076,2021-09-19,262,2021,2022,"WET",9,19,0.480555555555556,"Seg2",33,25.48689,-80.33991,3,"Vert","Fish","Gulf Toadfish","Opsanus beta",0,0,0,0,30.8,4.19,63.3,"polyhaline",20.92,7.91,NA,102,45,10.5,3.6,2.3,0.342857142857143,0.219047619047619,2.3,1.3,0,0,24,15,804.2,0,1,"WET","33","2021",2021-09-19,1,"food"
"Standard","C-2021-9-19-34",6076,2021-09-19,262,2021,2022,"WET",9,19,0.500694444444444,"Seg2",34,25.48526,-80.33961,3,"Vert","Fish","Gulf Toadfish","Opsanus beta",0,0,0,0,30.7,4.32,65.7,"polyhaline",21.84,7.9,NA,117,10,67.5,5.9,8.3,0.0874074074074074,0.122962962962963,5.5,0.4,0,0,25.5,10,520.5,0,0,"WET","34","2021",2021-09-19,0,"no food"
"Standard","C-2021-9-19-35",6076,2021-09-19,262,2021,2022,"WET",9,19,0.522222222222222,"Seg2",35,25.48029,-80.3401,3,"Vert","Fish","Gulf Toadfish","Opsanus beta",0,0,0,0,31.2,4.36,66.6,"polyhaline",21.75,7.93,NA,93,36,17.5,0.8,2.8,0.0457142857142857,0.16,0.4,0.4,0,0,26.5,5,437.7,0,2,"WET","35","2021",2021-09-19,2,"food"
"Standard","C-2021-9-19-36",6076,2021-09-19,262,2021,2022,"WET",9,19,0.540277777777778,"Seg2",36,25.47967,-80.34019,3,"Vert","Fish","Gulf Toadfish","Opsanus beta",0,0,0,0,31.4,4.2,63.9,"polyhaline",21.57,7.93,NA,76,44,18.5,1.2,3.3,0.0648648648648649,0.178378378378378,0.1,1.1,0,0,23.5,10,654.4,0,0,"WET","36","2021",2021-09-19,0,"no food"
"Standard","C-2021-9-19-37",6076,2021-09-19,262,2021,2022,"WET",9,19,0.558333333333333,"Seg2",37,25.47699,-80.34019,3,"Vert","Fish","Gulf Toadfish","Opsanus beta",0,0,0,0,31.6,3.03,62.2,"polyhaline",22.53,7.89,NA,76,22,30,3.7,5.1,0.123333333333333,0.17,1.2,2.5,0,0,21.5,15,667.1,0,13,"WET","37","2021",2021-09-19,13,"food"
"Standard","C-2021-9-20-38",6077,2021-09-20,263,2021,2022,"WET",9,20,0.419444444444444,"Seg2",38,25.46928,-80.34003,3,"Vert","Fish","Gulf Toadfish","Opsanus beta",0,0,0,0,28.4,5.31,74.8,"mesohaline",14.53,NA,NA,106,43,37.5,22.2,8.8,0.592,0.234666666666667,0.2,22,0,0,33,15,146.78,0,3,"WET","38","2021",2021-09-20,3,"food"
"Standard","C-2021-9-20-39",6077,2021-09-20,263,2021,2022,"WET",9,20,0.438888888888889,"Seg2",39,25.46568,-80.33747,3,"Vert","Fish","Gulf Toadfish","Opsanus beta",0,0,0,0,29,5.4,77.7,"mesohaline",17.96,NA,NA,124,49,42.5,31.1,5.1,0.731764705882353,0.12,1.6,29.5,0,0,32,65,67.85,0,2,"WET","39","2021",2021-09-20,2,"food"
"Standard","C-2021-9-20-40",6077,2021-09-20,263,2021,2022,"WET",9,20,0.465277777777778,"Seg2",40,25.45874,-80.33708,3,"Vert","Fish","Gulf Toadfish","Opsanus beta",0,0,0,0,28.8,4.83,73.6,"polyhaline",24.28,NA,NA,117,37,53.5,24.1,19.3,0.450467289719626,0.360747663551402,16,8.1,0,0,46,30,166.81,1,2,"WET","40","2021",2021-09-20,3,"food"
"Standard","C-2021-9-20-41",6077,2021-09-20,263,2021,2022,"WET",9,20,0.484027777777778,"Seg2",41,25.45528,-80.3361,3,"Vert","Fish","Gulf Toadfish","Opsanus beta",0,0,0,0,29.3,4.68,70.3,"polyhaline",24.49,NA,NA,108,43,76,27.2,37.3,0.357894736842105,0.490789473684211,26,1.2,0,0,48,25,340.2,1,0,"WET","41","2021",2021-09-20,1,"food"
"Standard","C-2021-9-20-42",6077,2021-09-20,263,2021,2022,"WET",9,20,0.503472222222222,"Seg2",42,25.4505,-80.33057,3,"Vert","Fish","Gulf Toadfish","Opsanus beta",0,0,0,0,29.6,4.7,73.6,"polyhaline",26.11,8.04,NA,130,32,32.5,3.2,22.6,0.0984615384615385,0.695384615384615,2.5,0.7,0,0,36.5,15,211.2,0,0,"WET","42","2021",2021-09-20,0,"no food"
"Standard","C-2021-9-20-43",6077,2021-09-20,263,2021,2022,"WET",9,20,0.524305555555556,"Seg2",43,25.44465,-80.33095,3,"Vert","Fish","Gulf Toadfish","Opsanus beta",0,0,0,0,29.5,4.27,65.3,"polyhaline",25.89,7.99,NA,106,29,63.5,18.5,27.1,0.291338582677165,0.426771653543307,18.5,0,0,0,38.5,30,205.4,0,1,"WET","43","2021",2021-09-20,1,"food"
"Standard","C-2021-9-20-44",6077,2021-09-20,263,2021,2022,"WET",9,20,0.541666666666667,"Seg2",44,25.44321,-80.33039,3,"Vert","Fish","Gulf Toadfish","Opsanus beta",1,1,0.333333333333333,0,29.3,4.4,66.6,"polyhaline",25.79,8.01,NA,90,11,45.5,25.2,8.4,0.553846153846154,0.184615384615385,20,5.2,0,0,44,30,119.67,3,1,"WET","44","2021",2021-09-20,4,"food"
"Standard","C-2021-9-20-45",6077,2021-09-20,263,2021,2022,"WET",9,20,0.561805555555556,"Seg2",45,25.43768,-80.32407,3,"Vert","Fish","Gulf Toadfish","Opsanus beta",0,0,0,0,29.2,4.61,69.6,"polyhaline",25.88,8.05,NA,99,26,41.5,14.8,18.6,0.356626506024096,0.448192771084337,4.7,10.1,0,0,19.3,25,65.85,0,0,"WET","45","2021",2021-09-20,0,"no food"
"Standard","C-2021-9-20-46",6077,2021-09-20,263,2021,2022,"WET",9,20,0.575694444444444,"Seg2",46,25.43752,-80.32163,3,"Vert","Fish","Gulf Toadfish","Opsanus beta",0,0,0,0,29.5,5.28,79.7,"polyhaline",25.88,8.18,NA,70,3,24.5,10,8.2,0.408163265306122,0.33469387755102,10,0,0,0,10,20,105.09,1,0,"WET","46","2021",2021-09-20,1,"food"
"Standard","C-2021-9-20-47",6077,2021-09-20,263,2021,2022,"WET",9,20,0.597222222222222,"Seg2",47,25.43709,-80.31928,3,"Vert","Fish","Gulf Toadfish","Opsanus beta",0,0,0,0,29.8,4.11,63.4,"polyhaline",29.35,NA,NA,122,43,80.5,57.5,13.9,0.714285714285714,0.172670807453416,57.5,0,0,0,34.5,25,56.36,0,0,"WET","47","2021",2021-09-20,0,"no food"
"Standard","C-2021-9-22-10",6079,2021-09-22,265,2021,2022,"WET",9,22,0.5125,"Seg1",10,25.56945,-80.30254,3,"Vert","Fish","Gulf Toadfish","Opsanus beta",1,1,0.333333333333333,0,29,3.95,58.4,"polyhaline",23.01,7.83,NA,108,2,90.5,58,15.6,0.640883977900553,0.172375690607735,50,8,0,0,19.3,40,432.7,1,1,"WET","10","2021",2021-09-22,2,"food"
"Standard","C-2021-9-22-11",6079,2021-09-22,265,2021,2022,"WET",9,22,0.497916666666667,"Seg1",11,25.56838,-80.30342,3,"Vert","Fish","Gulf Toadfish","Opsanus beta",0,0,0,0,28.7,3.51,62.1,"polyhaline",22.81,7.8,NA,98,22,87.5,27,47.6,0.308571428571429,0.544,24.5,2.5,0,0,26.2,35,552.4,2,2,"WET","11","2021",2021-09-22,4,"food"
"Standard","C-2021-9-22-12",6079,2021-09-22,265,2021,2022,"WET",9,22,0.458333333333333,"Seg1",12,25.56168,-80.30757,3,"Vert","Fish","Gulf Toadfish","Opsanus beta",0,0,0,0,27.3,3.59,53.3,"polyhaline",20.3,7.63,NA,109,16,56.5,21.5,21.1,0.380530973451327,0.373451327433628,0,21.5,0,0,9.5,20,222.2,0,0,"WET","12","2021",2021-09-22,0,"no food"
"Standard","C-2021-9-22-13",6079,2021-09-22,265,2021,2022,"WET",9,22,0.441666666666667,"Seg1",13,25.55804,-80.3075,3,"Vert","Fish","Gulf Toadfish","Opsanus beta",0,0,0,0,27.8,3.12,45.3,"polyhaline",20.79,NA,NA,118,9,80.5,12.3,55.2,0.152795031055901,0.685714285714286,7.1,5.2,0,0,14.1,20,235.1,1,0,"WET","13","2021",2021-09-22,1,"food"
"Standard","C-2021-9-22-14",6079,2021-09-22,265,2021,2022,"WET",9,22,0.404861111111111,"Seg1",14,25.55175,-80.31003,3,"Vert","Fish","Gulf Toadfish","Opsanus beta",0,0,0,0,27.8,2.5,36.1,"polyhaline",22.52,NA,NA,108,25,76.5,8,53.2,0.104575163398693,0.695424836601307,2,6,0,0,20.5,20,290.4,1,0,"WET","14","2021",2021-09-22,1,"food"
"Standard","C-2021-9-22-15",6079,2021-09-22,265,2021,2022,"WET",9,22,0.379861111111111,"Seg1",15,25.5451,-80.3124,3,"Vert","Fish","Gulf Toadfish","Opsanus beta",1,1,0.333333333333333,0,28,2.32,33.9,"polyhaline",21.55,NA,NA,100,38,86.5,13.8,63.2,0.159537572254335,0.730635838150289,13.8,0,0,0,28,25,572.3,0,0,"WET","15","2021",2021-09-22,0,"no food"
"Standard","C-2021-9-22-16",6079,2021-09-22,265,2021,2022,"WET",9,22,0.363194444444444,"Seg1",16,25.54049,-80.31273,3,"Vert","Fish","Gulf Toadfish","Opsanus beta",0,0,0,0,27.7,2.55,47.7,"polyhaline",21.2,6,NA,81,17,70,47,6.5,0.671428571428571,0.0928571428571429,23.5,23.5,0,0,21,30,107.96,1,3,"WET","16","2021",2021-09-22,4,"food"
"Standard","C-2021-9-22-17",6079,2021-09-22,265,2021,2022,"WET",9,22,0.341666666666667,"Seg1",17,25.53758,-80.31326,3,"Vert","Fish","Gulf Toadfish","Opsanus beta",0,0,0,0,28.1,3.05,51.8,"polyhaline",22.8,7.27,NA,85,15,82,25,52.7,0.304878048780488,0.642682926829268,19,6,0,0,17.5,40,490.1,0,0,"WET","17","2021",2021-09-22,0,"no food"
"Standard","C-2021-9-22-8",6079,2021-09-22,265,2021,2022,"WET",9,22,0.554166666666667,"Seg1",8,25.57966,-80.30486,3,"Vert","Fish","Gulf Toadfish","Opsanus beta",0,0,0,0,29.8,4.43,68.3,"polyhaline",24.37,8.01,NA,79,0,73.5,21.1,43,0.287074829931973,0.585034013605442,13,8.1,0,0,1.2,21,694.6,0,1,"WET","8","2021",2021-09-22,1,"food"
"Standard","C-2021-9-22-9",6079,2021-09-22,265,2021,2022,"WET",9,22,0.534027777777778,"Seg1",9,25.57398,-80.3034,3,"Vert","Fish","Gulf Toadfish","Opsanus beta",0,0,0,0,29.4,4.05,60.2,"polyhaline",23.62,7.88,NA,90,7,48,23.7,14.6,0.49375,0.304166666666667,15,8.7,0,0,7.6,26,586.6,1,0,"WET","9","2021",2021-09-22,1,"food"
"Standard","C-2021-9-23-1",6080,2021-09-23,266,2021,2022,"WET",9,23,0.3875,"Seg1",1,25.62918,-80.28866,3,"Vert","Fish","Gulf Toadfish","Opsanus beta",0,0,0,0,29,3.42,51.6,"polyhaline",27.76,7.89,NA,108,41,46,30.1,3.7,0.654347826086957,0.0804347826086957,8.6,21.5,0,0,31.9,35,252.9,1,1,"WET","1","2021",2021-09-23,2,"food"
"Standard","C-2021-9-23-2",6080,2021-09-23,266,2021,2022,"WET",9,23,0.416666666666667,"Seg1",2,25.62384,-80.29915,3,"Vert","Fish","Gulf Toadfish","Opsanus beta",0,0,0,0,28.5,1.26,18.7,"polyhaline",26.5,7.58,NA,110,40,25.5,15.2,3.5,0.596078431372549,0.137254901960784,0.1,15.1,0,0,30.5,25,365.6,0,2,"WET","2","2021",2021-09-23,2,"food"
"Standard","C-2021-9-23-3",6080,2021-09-23,266,2021,2022,"WET",9,23,0.445833333333333,"Seg1",3,25.61756,-80.30141,3,"Vert","Fish","Gulf Toadfish","Opsanus beta",0,0,0,0,30.2,3.91,60.7,"polyhaline",28.24,8.04,NA,110,80,58.5,29.1,4.2,0.497435897435897,0.0717948717948718,0.1,29,0,0,25.9,25,299.6,0,3,"WET","3","2021",2021-09-23,3,"food"
"Standard","C-2021-9-23-4",6080,2021-09-23,266,2021,2022,"WET",9,23,0.466666666666667,"Seg1",4,25.61568,-80.30277,3,"Vert","Fish","Gulf Toadfish","Opsanus beta",0,0,0,0,30.2,3.93,61.8,"polyhaline",28.32,8.07,NA,150,5,49,27.2,10.6,0.555102040816327,0.216326530612245,5.7,21.5,0,0,22,32,446.1,1,2,"WET","4","2021",2021-09-23,3,"food"
"Standard","C-2021-9-23-5",6080,2021-09-23,266,2021,2022,"WET",9,23,0.486805555555556,"Seg1",5,25.61369,-80.30607,3,"Vert","Fish","Gulf Toadfish","Opsanus beta",0,0,0,0,30.3,3.41,53.3,"polyhaline",27.39,7.96,NA,119,14,93,1.8,81.3,0.0193548387096774,0.874193548387097,0.7,1.1,0,0,15.9,15,646,0,0,"WET","5","2021",2021-09-23,0,"no food"
"Standard","C-2021-9-23-6",6080,2021-09-23,266,2021,2022,"WET",9,23,0.534722222222222,"Seg1",6,25.60918,-80.30725,3,"Vert","Fish","Gulf Toadfish","Opsanus beta",0,0,0,0,30.7,4.61,71.5,"polyhaline",26.92,7.9,NA,105,28,84,0,28.7,0,0.341666666666667,0,0,0,0,29.5,20,686.3,0,1,"WET","6","2021",2021-09-23,1,"food"
"Standard","C-2021-9-23-7",6080,2021-09-23,266,2021,2022,"WET",9,23,0.565277777777778,"Seg1",7,25.594,-80.30774,3,"Vert","Fish","Gulf Toadfish","Opsanus beta",0,0,0,0,30.3,6.42,98.7,"polyhaline",26.97,8.08,NA,90,17,82,38.6,31.2,0.470731707317073,0.380487804878049,2.6,36,0,0,30.4,25,501.6,0,2,"WET","7","2021",2021-09-23,2,"food"
"Standard","C-2022-2-28-39",6238,2022-02-28,59,2022,2022,"DRY",2,28,0.526388888888889,"Seg2",39,25.46581,-80.33759,3,"Vert","Fish","Gulf Toadfish","Opsanus beta",0,0,0,0,27.3,6.73,96.3,"polyhaline",20.19,8.25,NA,78,22,41.5,2.3,33.6,0.055421686746988,0.809638554216867,0.1,2.2,0,0,26.5,6,163.8,0,0,"DRY","39","2022",2022-02-28,0,"no food"
"Standard","C-2022-2-28-40",6238,2022-02-28,59,2022,2022,"DRY",2,28,0.319444444444444,"Seg2",40,25.45869,-80.3371,3,"Vert","Fish","Gulf Toadfish","Opsanus beta",0,0,0,0,26.3,5.04,72.4,"polyhaline",22.98,8.05,NA,95,45,87,32.7,44.5,0.375862068965517,0.511494252873563,31.5,1.2,0,0,59.5,13,30.9,0,1,"DRY","40","2022",2022-02-28,1,"food"
"Standard","C-2022-2-28-41",6238,2022-02-28,59,2022,2022,"DRY",2,28,0.347916666666667,"Seg2",41,25.45535,-80.33597,3,"Vert","Fish","Gulf Toadfish","Opsanus beta",1,2,0.666666666666667,0,25.6,4.24,59.4,"polyhaline",22.04,7.98,NA,92,69,44,28.2,11.3,0.640909090909091,0.256818181818182,28,0.2,0,0,67,14.5,56.61,0,0,"DRY","41","2022",2022-02-28,0,"no food"
"Standard","C-2022-2-28-42",6238,2022-02-28,59,2022,2022,"DRY",2,28,0.370138888888889,"Seg2",42,25.45034,-80.33017,3,"Vert","Fish","Gulf Toadfish","Opsanus beta",0,0,0,0,25.3,5.61,77.5,"polyhaline",23.25,8.15,NA,143,39,27,2.6,16.2,0.0962962962962963,0.6,2.6,0,0,0,42,8,522.6,0,0,"DRY","42","2022",2022-02-28,0,"no food"
"Standard","C-2022-2-28-43",6238,2022-02-28,59,2022,2022,"DRY",2,28,0.398611111111111,"Seg2",43,25.44475,-80.33088,3,"Vert","Fish","Gulf Toadfish","Opsanus beta",1,1,0.333333333333333,0,26,4.74,67,"polyhaline",25.37,8.01,NA,98,72,70.5,43,14.7,0.609929078014184,0.208510638297872,43,0,0,0,45.5,12.5,296.6,2,0,"DRY","43","2022",2022-02-28,2,"food"
"Standard","C-2022-2-28-44",6238,2022-02-28,59,2022,2022,"DRY",2,28,0.420833333333333,"Seg2",44,25.44311,-80.33041,3,"Vert","Fish","Gulf Toadfish","Opsanus beta",1,1,0.333333333333333,0,25.3,6.19,85.9,"polyhaline",23.74,8.19,NA,68,72,58,23.5,16,0.405172413793103,0.275862068965517,6,17.5,0,0,43.5,19,436,0,1,"DRY","44","2022",2022-02-28,1,"food"
"Standard","C-2022-2-28-45",6238,2022-02-28,59,2022,2022,"DRY",2,28,0.453472222222222,"Seg2",45,25.43777,-80.32413,3,"Vert","Fish","Gulf Toadfish","Opsanus beta",0,0,0,0,24.9,6.45,86.3,"polyhaline",21.32,8.28,NA,98,63,56,11.5,25.3,0.205357142857143,0.451785714285714,11.5,0,0,0,3,12,1261.7,0,0,"DRY","45","2022",2022-02-28,0,"no food"
"Standard","C-2022-2-28-46",6238,2022-02-28,59,2022,2022,"DRY",2,28,0.470833333333333,"Seg2",46,25.43749,-80.3219,3,"Vert","Fish","Gulf Toadfish","Opsanus beta",0,0,0,0,25.1,6.94,94.7,"polyhaline",21.39,8.33,NA,59,4,35.5,8.5,19.2,0.23943661971831,0.540845070422535,8,0.5,0,0,15,11,1834.5,0,1,"DRY","46","2022",2022-02-28,1,"food"
"Standard","C-2022-2-28-47",6238,2022-02-28,59,2022,2022,"DRY",2,28,0.495138888888889,"Seg2",47,25.43702,-80.3194,3,"Vert","Fish","Gulf Toadfish","Opsanus beta",0,0,0,0,26.5,6.17,89.6,"polyhaline",27.64,8.26,NA,95,45,67,41.5,15.3,0.619402985074627,0.228358208955224,41.5,0,0,0,41,20.5,1635.4,0,0,"DRY","47","2022",2022-02-28,0,"no food"
"Standard","C-2022-3-17-1",6255,2022-03-17,76,2022,2022,"DRY",3,17,0.341666666666667,"Seg1",1,25.62914,-80.28862,3,"Vert","Fish","Gulf Toadfish","Opsanus beta",0,0,0,0,25.4,6.51,93.1,"polyhaline",28.37,7.88,NA,98,45,14.5,9.4,2,0.648275862068965,0.137931034482759,1.2,8.2,0,0,38,15.5,133.1,0,2,"DRY","1","2022",2022-03-17,2,"food"
"Standard","C-2022-3-17-2",6255,2022-03-17,76,2022,2022,"DRY",3,17,0.371527777777778,"Seg1",2,25.62376,-80.29918,3,"Vert","Fish","Gulf Toadfish","Opsanus beta",0,0,0,0,26.3,5.42,78.2,"polyhaline",27.55,7.88,NA,108,22,16,10.3,0.4,0.64375,0.025,0.2,10.1,0,0,41,11,286.2,0,0,"DRY","2","2022",2022-03-17,0,"no food"
"Standard","C-2022-3-17-3",6255,2022-03-17,76,2022,2022,"DRY",3,17,0.399305555555556,"Seg1",3,25.61745,-80.30145,3,"Vert","Fish","Gulf Toadfish","Opsanus beta",0,0,0,0,25.8,5.66,81.1,"polyhaline",28.22,7.92,NA,107,8,34.5,28,1.4,0.811594202898551,0.0405797101449275,0,28,0,0,36,14.5,307.5,0,1,"DRY","3","2022",2022-03-17,1,"food"
"Standard","C-2022-3-17-4",6255,2022-03-17,76,2022,2022,"DRY",3,17,0.420138888888889,"Seg1",4,25.61595,-80.3029,3,"Vert","Fish","Gulf Toadfish","Opsanus beta",0,0,0,0,25.6,7.64,80.5,"polyhaline",28.01,8.15,NA,143,7,40,33,0.5,0.825,0.0125,4.5,28.5,0,0,25.5,19.5,704.9,0,2,"DRY","4","2022",2022-03-17,2,"food"
"Standard","C-2022-3-17-5",6255,2022-03-17,76,2022,2022,"DRY",3,17,0.449305555555556,"Seg1",5,25.61366,-80.30605,3,"Vert","Fish","Gulf Toadfish","Opsanus beta",0,0,0,0,26.6,5.45,79.2,"polyhaline",27.37,8.15,NA,97,5,60.5,10.6,43.8,0.175206611570248,0.72396694214876,0,10.6,0,0,13,11,249.3,0,0,"DRY","5","2022",2022-03-17,0,"no food"
"Standard","C-2022-3-17-6",6255,2022-03-17,76,2022,2022,"DRY",3,17,0.495138888888889,"Seg1",6,25.60919,-80.30726,3,"Vert","Fish","Gulf Toadfish","Opsanus beta",0,0,0,0,26.5,5.21,76.2,"polyhaline",27.75,7.88,NA,75,17,42.5,25.6,8.4,0.602352941176471,0.197647058823529,0,25.6,0,0,24.5,13,600.8,0,0,"DRY","6","2022",2022-03-17,0,"no food"
"Standard","C-2022-3-17-7",6255,2022-03-17,76,2022,2022,"DRY",3,17,0.520138888888889,"Seg1",7,25.59428,-80.30765,3,"Vert","Fish","Gulf Toadfish","Opsanus beta",0,0,0,0,26.8,4.45,64.8,"polyhaline",28.48,7.86,NA,83,10.17,46,30.5,9.7,0.66304347826087,0.210869565217391,0,30.5,0,0,22,17,1296.3,0,1,"DRY","7","2022",2022-03-17,1,"food"
"Standard","C-2022-3-18-10",6256,2022-03-18,77,2022,2022,"DRY",3,18,0.405555555555556,"Seg1",10,25.56922,-80.30267,3,"Vert","Fish","Gulf Toadfish","Opsanus beta",0,0,0,0,25.4,3.02,42.2,"polyhaline",25.47,7.73,NA,73,22,94.5,20,53.3,0.211640211640212,0.564021164021164,19.5,0.5,0,0,20,46.5,729.5,0,2,"DRY","10","2022",2022-03-18,2,"food"
"Standard","C-2022-3-18-11",6256,2022-03-18,77,2022,2022,"DRY",3,18,0.383333333333333,"Seg1",11,25.56835,-80.30334,3,"Vert","Fish","Gulf Toadfish","Opsanus beta",0,0,0,0,25.4,2.05,29.1,"polyhaline",25.08,7.48,NA,75,19,77,34.5,25.3,0.448051948051948,0.328571428571429,18,16.5,0,0,20.5,41.5,108.84,0,3,"DRY","11","2022",2022-03-18,3,"food"
"Standard","C-2022-3-18-12",6256,2022-03-18,77,2022,2022,"DRY",3,18,0.558333333333333,"Seg1",12,25.56173,-80.30749,3,"Vert","Fish","Gulf Toadfish","Opsanus beta",0,0,0,0,26.8,4.59,66.1,"polyhaline",24.92,7.85,NA,86,1,25.5,17,4,0.666666666666667,0.156862745098039,0,17,0,0,9.5,14.5,575.1,1,0,"DRY","12","2022",2022-03-18,1,"food"
"Standard","C-2022-3-18-14",6256,2022-03-18,77,2022,2022,"DRY",3,18,0.545833333333333,"Seg1",14,25.55185,-80.31008,3,"Vert","Fish","Gulf Toadfish","Opsanus beta",0,0,0,0,27.5,5.56,80.5,"polyhaline",25.3,7.92,NA,85,29,94.5,22,57.6,0.232804232804233,0.60952380952381,21.5,0,0.5,0,25,49,1263.9,0,0,"DRY","14","2022",2022-03-18,0,"no food"
"Standard","C-2022-3-18-15",6256,2022-03-18,77,2022,2022,"DRY",3,18,0.576388888888889,"Seg1",15,25.54504,-80.31229,3,"Vert","Fish","Gulf Toadfish","Opsanus beta",0,0,0,0,27,4.77,68.3,"polyhaline",25.08,7.86,NA,84,42,86,20,49.1,0.232558139534884,0.57093023255814,20,0,0,0,37,65.5,1379.1,0,0,"DRY","15","2022",2022-03-18,0,"no food"
"Standard","C-2022-3-18-16",6256,2022-03-18,77,2022,2022,"DRY",3,18,0.603472222222222,"Seg1",16,25.54041,-80.31276,3,"Vert","Fish","Gulf Toadfish","Opsanus beta",0,0,0,0,28.1,7.87,114,"polyhaline",24.08,7.97,NA,70,20,69,37.5,20.5,0.543478260869565,0.297101449275362,28.5,9,0,0,14,38,1089.2,1,0,"DRY","16","2022",2022-03-18,1,"food"
"Standard","C-2022-3-18-17",6256,2022-03-18,77,2022,2022,"DRY",3,18,0.628472222222222,"Seg1",17,25.53747,-80.31326,3,"Vert","Fish","Gulf Toadfish","Opsanus beta",0,0,0,0,28.5,7.36,107.2,"polyhaline",23.51,7.96,NA,68,24,76.5,48.1,21.6,0.628758169934641,0.282352941176471,41.6,6.5,0,0,17.5,47,986.2,0,0,"DRY","17","2022",2022-03-18,0,"no food"
"Standard","C-2022-3-18-8",6256,2022-03-18,77,2022,2022,"DRY",3,18,0.454166666666667,"Seg1",8,25.57962,-80.30494,3,"Vert","Fish","Gulf Toadfish","Opsanus beta",0,0,0,0,26.4,5.72,83.2,"polyhaline",26.14,7.92,NA,75,0,82,7.1,66.8,0.0865853658536585,0.814634146341463,6.6,0.5,0,0,9.5,23,115.83,0,0,"DRY","8","2022",2022-03-18,0,"no food"
"Standard","C-2022-3-18-9",6256,2022-03-18,77,2022,2022,"DRY",3,18,0.427777777777778,"Seg1",9,25.57387,-80.30341,3,"Vert","Fish","Gulf Toadfish","Opsanus beta",0,0,0,0,26.1,4.09,58,"polyhaline",25.97,7.92,NA,84,10,70.5,45.1,16.2,0.639716312056738,0.229787234042553,40,5.1,0,0,10.5,30,577.2,1,1,"DRY","9","2022",2022-03-18,2,"food"
"Standard","C-2022-3-2-18",6240,2022-03-02,61,2022,2022,"DRY",3,2,0.319444444444444,"Seg2",18,25.53169,-80.32877,3,"Vert","Fish","Gulf Toadfish","Opsanus beta",0,0,0,0,23.5,4.98,68.1,"polyhaline",25.37,7.81,NA,68,2,31,10.5,11,0.338709677419355,0.354838709677419,0,10.5,0,0,3,12.5,19.79,0,2,"DRY","18","2022",2022-03-02,2,"food"
"Standard","C-2022-3-2-19",6240,2022-03-02,61,2022,2022,"DRY",3,2,0.347222222222222,"Seg2",19,25.52542,-80.33101,3,"Vert","Fish","Gulf Toadfish","Opsanus beta",0,0,0,0,23.9,5.02,68.2,"polyhaline",24.45,7.94,NA,85,7,32,12.5,13.4,0.390625,0.41875,0,12.5,0,0,7.5,10.5,28.06,1,3,"DRY","19","2022",2022-03-02,4,"food"
"Standard","C-2022-3-2-20",6240,2022-03-02,61,2022,2022,"DRY",3,2,0.375,"Seg2",20,25.51831,-80.33086,3,"Vert","Fish","Gulf Toadfish","Opsanus beta",0,0,0,0,23.9,6.03,80.7,"polyhaline",22.52,8.04,NA,112,14,13.5,5,0.4,0.37037037037037,0.0296296296296296,0,5,0,0,12.5,10,75.03,0,2,"DRY","20","2022",2022-03-02,2,"food"
"Standard","C-2022-3-2-21",6240,2022-03-02,61,2022,2022,"DRY",3,2,0.396527777777778,"Seg2",21,25.51651,-80.3335,3,"Vert","Fish","Gulf Toadfish","Opsanus beta",0,0,0,0,24,5.68,76.1,"polyhaline",20.72,8,NA,103,25,10.5,5,1.3,0.476190476190476,0.123809523809524,0,5,0,0,20.5,10,50.34,0,4,"DRY","21","2022",2022-03-02,4,"food"
"Standard","C-2022-3-2-22",6240,2022-03-02,61,2022,2022,"DRY",3,2,0.414583333333333,"Seg2",22,25.51552,-80.33402,3,"Vert","Fish","Gulf Toadfish","Opsanus beta",0,0,0,0,24,5.73,75.8,"polyhaline",20.79,8.03,NA,118,23,10.5,5,1.5,0.476190476190476,0.142857142857143,0,5,0,0,20.5,10,136.04,0,3,"DRY","22","2022",2022-03-02,3,"food"
"Standard","C-2022-3-2-23",6240,2022-03-02,61,2022,2022,"DRY",3,2,0.434027777777778,"Seg2",23,25.51439,-80.33462,3,"Vert","Fish","Gulf Toadfish","Opsanus beta",0,0,0,0,23.6,5.94,77.2,"polyhaline",20.04,8.03,NA,109,23,26.5,6.5,15.1,0.245283018867925,0.569811320754717,1,5.5,0,0,25,11.5,205.9,0,1,"DRY","23","2022",2022-03-02,1,"food"
"Standard","C-2022-3-2-24",6240,2022-03-02,61,2022,2022,"DRY",3,2,0.452777777777778,"Seg2",24,25.51201,-80.3351,3,"Vert","Fish","Gulf Toadfish","Opsanus beta",0,0,0,0,23.5,6.07,79.6,"polyhaline",20.04,8.05,NA,113,34,13,7.3,1.3,0.561538461538462,0.1,2.3,5,0,0,22,10,172.01,0,0,"DRY","24","2022",2022-03-02,0,"no food"
"Standard","C-2022-3-2-25",6240,2022-03-02,61,2022,2022,"DRY",3,2,0.470833333333333,"Seg2",25,25.50951,-80.33542,3,"Vert","Fish","Gulf Toadfish","Opsanus beta",0,0,0,0,23.6,5.97,78.3,"polyhaline",19.66,8.06,NA,94,30,20.5,5.6,5.9,0.273170731707317,0.287804878048781,0.6,5,0,0,27.5,11,202.6,0,1,"DRY","25","2022",2022-03-02,1,"food"
"Standard","C-2022-3-2-26",6240,2022-03-02,61,2022,2022,"DRY",3,2,0.497916666666667,"Seg2",26,25.50563,-80.3335,3,"Vert","Fish","Gulf Toadfish","Opsanus beta",0,0,0,0,23.6,6.01,78.4,"polyhaline",19.8,8.07,NA,95,33,34.5,18.1,13.1,0.52463768115942,0.379710144927536,12.1,6,0,0,31,18,265.1,0,3,"DRY","26","2022",2022-03-02,3,"food"
"Standard","C-2022-3-2-27",6240,2022-03-02,61,2022,2022,"DRY",3,2,0.522222222222222,"Seg2",27,25.50404,-80.3325,3,"Vert","Fish","Gulf Toadfish","Opsanus beta",0,0,0,0,24.1,5.54,73.5,"polyhaline",20.25,8.1,NA,73,21,55,30.5,19.8,0.554545454545455,0.36,21.5,9,0,0,38.5,19.5,421.5,0,2,"DRY","27","2022",2022-03-02,2,"food"
"Standard","C-2022-3-2-28",6240,2022-03-02,61,2022,2022,"DRY",3,2,0.544444444444444,"Seg2",28,25.50512,-80.33649,3,"Vert","Fish","Gulf Toadfish","Opsanus beta",0,0,0,0,24.3,5.34,70.3,"polyhaline",20.33,8.1,NA,88,23,16.5,10.1,1.8,0.612121212121212,0.109090909090909,4.1,6,0,0,26.5,18.5,1378.3,0,2,"DRY","28","2022",2022-03-02,2,"food"
"Standard","C-2022-3-3-29",6241,2022-03-03,62,2022,2022,"DRY",3,3,0.336111111111111,"Seg2",29,25.50438,-80.33767,3,"Vert","Fish","Gulf Toadfish","Opsanus beta",1,2,0.666666666666667,0,22.5,4.29,57.1,"polyhaline",20.52,7.9,NA,80,17,45,28.9,4.5,0.642222222222222,0.1,28.1,0.8,0,0,27,16.5,643.9,0,1,"DRY","29","2022",2022-03-03,1,"food"
"Standard","C-2022-3-3-30",6241,2022-03-03,62,2022,2022,"DRY",3,3,0.366666666666667,"Seg2",30,25.4973,-80.33928,3,"Vert","Fish","Gulf Toadfish","Opsanus beta",0,0,0,0,23.5,4.45,58.6,"polyhaline",21.53,8.07,NA,85,29,31,15.3,9,0.493548387096774,0.290322580645161,11.6,3.7,0,0,23,13,892.7,0,5,"DRY","30","2022",2022-03-03,5,"food"
"Standard","C-2022-3-3-31",6241,2022-03-03,62,2022,2022,"DRY",3,3,0.386805555555556,"Seg2",31,25.49316,-80.33862,3,"Vert","Fish","Gulf Toadfish","Opsanus beta",0,0,0,0,23.4,4.77,63,"polyhaline",22.7,8.09,NA,101,32,75.5,7.1,54,0.0940397350993377,0.71523178807947,0.1,7,0,0,34.5,13,785.2,0,2,"DRY","31","2022",2022-03-03,2,"food"
"Standard","C-2022-3-3-32",6241,2022-03-03,62,2022,2022,"DRY",3,3,0.407638888888889,"Seg2",32,25.49035,-80.34033,3,"Vert","Fish","Gulf Toadfish","Opsanus beta",0,0,0,0,23.9,5.16,69.5,"polyhaline",22.37,8.13,NA,113,9,8,2.8,2.5,0.35,0.3125,0,2.6,0,0.2,2.2,10,529.8,0,0,"DRY","32","2022",2022-03-03,0,"no food"
"Standard","C-2022-3-3-33",6241,2022-03-03,62,2022,2022,"DRY",3,3,0.431944444444444,"Seg2",33,25.48692,-80.33995,3,"Vert","Fish","Gulf Toadfish","Opsanus beta",0,0,0,0,24.1,4.55,60.9,"polyhaline",22.47,8.13,NA,110,59,22,6.9,7.2,0.313636363636364,0.327272727272727,6.8,0.1,0,0,33,8.5,1002.4,0,2,"DRY","33","2022",2022-03-03,2,"food"
"Standard","C-2022-3-3-34",6241,2022-03-03,62,2022,2022,"DRY",3,3,0.454861111111111,"Seg2",34,25.48517,-80.33969,3,"Vert","Fish","Gulf Toadfish","Opsanus beta",0,0,0,0,24.3,4.6,61.9,"polyhaline",22.52,8.19,NA,118,25,64,6.6,43.8,0.103125,0.684375,4.8,1.8,0,0,20,16,1170.7,0,3,"DRY","34","2022",2022-03-03,3,"food"
"Standard","C-2022-3-3-35",6241,2022-03-03,62,2022,2022,"DRY",3,3,0.485416666666667,"Seg2",35,25.48019,-80.34018,3,"Vert","Fish","Gulf Toadfish","Opsanus beta",0,0,0,0,24.4,5.73,77.3,"polyhaline",22.82,8.26,NA,119,24,23,8,9.2,0.347826086956522,0.4,0,8,0,0,6.5,12,351.3,0,0,"DRY","35","2022",2022-03-03,0,"no food"
"Standard","C-2022-3-3-36",6241,2022-03-03,62,2022,2022,"DRY",3,3,0.505555555555556,"Seg2",36,25.47962,-80.34021,3,"Vert","Fish","Gulf Toadfish","Opsanus beta",0,0,0,0,24.3,5.16,70.5,"polyhaline",22.57,8.22,NA,104,42,16,5.4,6.7,0.3375,0.41875,1.5,3.9,0,0,23,11.5,897.1,0,2,"DRY","36","2022",2022-03-03,2,"food"
"Standard","C-2022-3-3-37",6241,2022-03-03,62,2022,2022,"DRY",3,3,0.525694444444444,"Seg2",37,25.47704,-80.3402,3,"Vert","Fish","Gulf Toadfish","Opsanus beta",0,0,0,0,24.3,5.41,72.6,"polyhaline",21.65,8.34,NA,92,30,16,3.9,9.2,0.24375,0.575,0.1,3.8,0,0,7.7,11.5,1486.1,0,0,"DRY","37","2022",2022-03-03,0,"no food"
"Standard","C-2022-3-3-38",6241,2022-03-03,62,2022,2022,"DRY",3,3,0.571527777777778,"Seg2",38,25.46928,-80.34,3,"Vert","Fish","Gulf Toadfish","Opsanus beta",0,0,0,0,25.3,5.88,76,"mesohaline",15.57,8.18,NA,88,45,17,2.1,11.3,0.123529411764706,0.664705882352941,0,2.1,0,0,35,7.5,1753.3,0,2,"DRY","38","2022",2022-03-03,2,"food"
"Standard","C-2022-9-12-1",6434,2022-09-12,255,2022,2023,"WET",9,12,0.339583333333333,"Seg1",1,25.62925,-80.28863,3,"Vert","Fish","Gulf Toadfish","Opsanus beta",0,0,0,0,31.1,1.63,26.2,"euhaline",32.5,7.82,0.02,78,52,65.5,54,5.6,0.824427480916031,0.0854961832061069,3,51,0,0,36.5,28.5,133.1,1,0,"WET","1","2022",2022-09-12,1,"food"
"Standard","C-2022-9-12-10",6434,2022-09-12,255,2022,2023,"WET",9,12,0.610416666666667,"Seg1",10,25.56929,-80.30258,3,"Vert","Fish","Gulf Toadfish","Opsanus beta",0,0,0,0,31.1,2.71,46,"euhaline",30.26,7.65,0,90,33,82,37.6,34.9,0.458536585365854,0.425609756097561,29.1,8.5,0,0,6,14,729.5,0,0,"WET","10","2022",2022-09-12,0,"no food"
"Standard","C-2022-9-12-11",6434,2022-09-12,255,2022,2023,"WET",9,12,0.627083333333333,"Seg1",11,25.56845,-80.30333,3,"Vert","Fish","Gulf Toadfish","Opsanus beta",0,0,0,0,31.8,4.64,65.5,"euhaline",30.16,7.67,0,76,18,85,58.6,20.9,0.689411764705882,0.245882352941176,58.5,0.1,0,0,13.5,13.5,108.84,0,0,"WET","11","2022",2022-09-12,0,"no food"
"Standard","C-2022-9-12-2",6434,2022-09-12,255,2022,2023,"WET",9,12,0.369444444444444,"Seg1",2,25.6238,-80.29917,3,"Vert","Fish","Gulf Toadfish","Opsanus beta",0,0,0,0,31,1.02,16.4,"euhaline",32.05,7.8,0,95,27,40,0,4.3,0,0.1075,0,0,0,0,32,1.7,286.2,0,0,"WET","2","2022",2022-09-12,0,"no food"
"Standard","C-2022-9-12-3",6434,2022-09-12,255,2022,2023,"WET",9,12,0.397916666666667,"Seg1",3,25.61748,-80.30141,3,"Vert","Fish","Gulf Toadfish","Opsanus beta",0,0,0,0,32.6,3.04,50.1,"euhaline",32.32,8.05,0,91,10,89,22,59.9,0.247191011235955,0.673033707865168,0,22,0,0,22,20.5,307.5,0,0,"WET","3","2022",2022-09-12,0,"no food"
"Standard","C-2022-9-12-4",6434,2022-09-12,255,2022,2023,"WET",9,12,0.418055555555556,"Seg1",4,25.61592,-80.30304,3,"Vert","Fish","Gulf Toadfish","Opsanus beta",0,0,0,0,31.9,3.02,47.7,"euhaline",31.45,8.02,0,145,8,48,36.9,3.3,0.76875,0.06875,1.9,35,0,0,13.5,25.5,704.9,0,0,"WET","4","2022",2022-09-12,0,"no food"
"Standard","C-2022-9-12-6",6434,2022-09-12,255,2022,2023,"WET",9,12,0.493055555555556,"Seg1",6,25.60927,-80.3073,3,"Vert","Fish","Gulf Toadfish","Opsanus beta",0,0,0,0,31.7,2.69,42.7,"euhaline",31.18,7.96,0.07,105,50,89,9.8,29.7,0.110112359550562,0.333707865168539,0,9.8,0,0,26,13.5,600.8,0,0,"WET","6","2022",2022-09-12,0,"no food"
"Standard","C-2022-9-12-7",6434,2022-09-12,255,2022,2023,"WET",9,12,0.525,"Seg1",7,25.59441,-80.30782,3,"Vert","Fish","Gulf Toadfish","Opsanus beta",0,0,0,0,32.1,3.35,55.7,"euhaline",31.7,7.91,0,115,4,46,13.7,16.9,0.297826086956522,0.367391304347826,0,13.7,0,0,36,9.5,1296.3,0,0,"WET","7","2022",2022-09-12,0,"no food"
"Standard","C-2022-9-12-8",6434,2022-09-12,255,2022,2023,"WET",9,12,0.566666666666667,"Seg1",8,25.57974,-80.305,3,"Vert","Fish","Gulf Toadfish","Opsanus beta",0,0,0,0,32.4,4.83,83.2,"euhaline",30.91,7.93,0,85,0,80,7.5,66.6,0.09375,0.8325,0,7.5,0,0,1,11,115.83,0,0,"WET","8","2022",2022-09-12,0,"no food"
"Standard","C-2022-9-12-9",6434,2022-09-12,255,2022,2023,"WET",9,12,0.589583333333333,"Seg1",9,25.57388,-80.30337,3,"Vert","Fish","Gulf Toadfish","Opsanus beta",0,0,0,0,32.1,3.56,60,"euhaline",30.51,7.82,0,85,6,18.5,8.4,5.4,0.454054054054054,0.291891891891892,1.2,7.2,0,0,9,12.1,577.2,0,0,"WET","9","2022",2022-09-12,0,"no food"
"Standard","C-2022-9-7-40",6429,2022-09-07,250,2022,2023,"WET",9,7,0.323611111111111,"Seg2",40,25.45877,-80.33705,3,"Vert","Fish","Gulf Toadfish","Opsanus beta",1,1,0.333333333333333,0,32.7,3.19,56.2,"euhaline",36.52,7.88,0.05,112,58,66,18,44.5,0.272727272727273,0.674242424242424,3,15,0,0,64,21.5,30.9,1,0,"WET","40","2022",2022-09-07,1,"food"
"Standard","C-2022-9-7-41",6429,2022-09-07,250,2022,2023,"WET",9,7,0.361805555555556,"Seg2",41,25.45538,-80.33614,3,"Vert","Fish","Gulf Toadfish","Opsanus beta",0,0,0,0,31.1,4.65,75.9,"euhaline",35.45,7.98,0,107,25,69,22.1,40.3,0.320289855072464,0.584057971014493,20,2.1,0,0,75,23.5,56.61,1,0,"WET","41","2022",2022-09-07,1,"food"
"Standard","C-2022-9-7-42",6429,2022-09-07,250,2022,2023,"WET",9,7,0.390277777777778,"Seg2",42,25.45062,-80.33049,3,"Vert","Fish","Gulf Toadfish","Opsanus beta",0,0,0,0,31.9,3.93,66.3,"euhaline",37.16,7.92,0,137,31,59,5.3,48.9,0.0898305084745763,0.828813559322034,4.2,1.1,0,0,32,16.5,522.6,0,0,"WET","42","2022",2022-09-07,0,"no food"
"Standard","C-2022-9-7-43",6429,2022-09-07,250,2022,2023,"WET",9,7,0.420138888888889,"Seg2",43,25.44468,-80.33085,3,"Vert","Fish","Gulf Toadfish","Opsanus beta",1,1,0.333333333333333,0,31.7,3.76,64.4,"euhaline",36.74,7.85,0,96,27,77,32.6,40.8,0.423376623376623,0.52987012987013,31.5,1.1,0,0,55,36.5,296.6,2,0,"WET","43","2022",2022-09-07,2,"food"
"Standard","C-2022-9-7-44",6429,2022-09-07,250,2022,2023,"WET",9,7,0.441666666666667,"Seg2",44,25.44322,-80.33049,3,"Vert","Fish","Gulf Toadfish","Opsanus beta",0,0,0,0,31.3,3.73,62,"euhaline",36.94,7.89,0,75,21,41.5,26.5,8.9,0.63855421686747,0.214457831325301,17,9.5,0,0,33.5,22,436,1,1,"WET","44","2022",2022-09-07,2,"food"
"Standard","C-2022-9-7-45",6429,2022-09-07,250,2022,2023,"WET",9,7,0.479861111111111,"Seg2",45,25.4378,-80.32407,3,"Vert","Fish","Gulf Toadfish","Opsanus beta",0,0,0,0,31,6.62,110,"euhaline",33.82,8.08,0,101,12,76.5,19.1,47.1,0.249673202614379,0.615686274509804,17.5,1.6,0,0,59.5,28,1261.7,0,0,"WET","45","2022",2022-09-07,0,"no food"
"Standard","C-2022-9-7-46",6429,2022-09-07,250,2022,2023,"WET",9,7,0.50625,"Seg2",46,25.4376,-80.32178,3,"Vert","Fish","Gulf Toadfish","Opsanus beta",0,0,0,0,31.8,6.7,113.9,"euhaline",34.37,8.12,0,59,1,37,16.6,15,0.448648648648649,0.405405405405405,15.5,1.1,0,0,18,20,1834.5,1,1,"WET","46","2022",2022-09-07,2,"food"
"Standard","C-2022-9-7-47",6429,2022-09-07,250,2022,2023,"WET",9,7,0.531944444444444,"Seg2",47,25.4371,-80.31922,3,"Vert","Fish","Gulf Toadfish","Opsanus beta",0,0,0,0,32.9,5.49,93.3,"euhaline",37.93,7.9,NA,94,28,93.5,73,12.8,0.780748663101604,0.136898395721925,73,0,0,0,39,34,1635.4,0,0,"WET","47","2022",2022-09-07,0,"no food"
"Standard","C-2022-9-8-29",6430,2022-09-08,251,2022,2023,"WET",9,8,0.326388888888889,"Seg2",29,25.50434,-80.33794,3,"Vert","Fish","Gulf Toadfish","Opsanus beta",1,1,0.333333333333333,0,31.7,0.93,16.6,"euhaline",30.29,7.76,0.02,97,36,47.5,24.7,14.2,0.52,0.298947368421053,20.6,4.1,0,0,39,17.7,643.9,0,0,"WET","29","2022",2022-09-08,0,"no food"
"Standard","C-2022-9-8-30",6430,2022-09-08,251,2022,2023,"WET",9,8,0.355555555555556,"Seg2",30,25.49732,-80.33929,3,"Vert","Fish","Gulf Toadfish","Opsanus beta",0,0,0,0,31.5,1.12,18.8,"euhaline",32.35,7.81,0.02,118,17,42,24.8,6.7,0.59047619047619,0.15952380952381,19,5.8,0,0,27.8,19.8,892.7,0,0,"WET","30","2022",2022-09-08,0,"no food"
"Standard","C-2022-9-8-31",6430,2022-09-08,251,2022,2023,"WET",9,8,0.385416666666667,"Seg2",31,25.49312,-80.33857,3,"Vert","Fish","Gulf Toadfish","Opsanus beta",0,0,0,0,31.5,0.9,15,"euhaline",32.26,7.79,0.05,112,36,35.5,16.6,12.8,0.467605633802817,0.36056338028169,1.1,15.5,0,0,33.6,18,785.2,1,0,"WET","31","2022",2022-09-08,1,"food"
"Standard","C-2022-9-8-32",6430,2022-09-08,251,2022,2023,"WET",9,8,0.411805555555556,"Seg2",32,25.49039,-80.34023,3,"Vert","Fish","Gulf Toadfish","Opsanus beta",0,0,0,0,32,1.96,31.8,"euhaline",32.89,7.87,0,119,34,42,24.5,7.9,0.583333333333333,0.188095238095238,0,24.5,0,0,19.4,24.6,529.8,0,0,"WET","32","2022",2022-09-08,0,"no food"
"Standard","C-2022-9-8-33",6430,2022-09-08,251,2022,2023,"WET",9,8,0.440277777777778,"Seg2",33,25.48701,-80.33994,3,"Vert","Fish","Gulf Toadfish","Opsanus beta",0,0,0,0,31.8,1.5,24.6,"euhaline",33.33,7.82,0,103,43,18.5,10.9,2.8,0.589189189189189,0.151351351351351,1.4,9.5,0,0,31,17.6,1002.4,1,4,"WET","33","2022",2022-09-08,5,"food"
"Standard","C-2022-9-8-34",6430,2022-09-08,251,2022,2023,"WET",9,8,0.461805555555556,"Seg2",34,25.48535,-80.33961,3,"Vert","Fish","Gulf Toadfish","Opsanus beta",0,0,0,0,31.1,1.32,21.8,"euhaline",33.4,7.74,0,96,32,27.5,11.6,9.6,0.421818181818182,0.349090909090909,3.1,8.5,0,0,21.3,13.6,1170.7,0,0,"WET","34","2022",2022-09-08,0,"no food"
"Standard","C-2022-9-8-35",6430,2022-09-08,251,2022,2023,"WET",9,8,0.495138888888889,"Seg2",35,25.48034,-80.34008,3,"Vert","Fish","Gulf Toadfish","Opsanus beta",0,0,0,0,32.7,2.98,42.3,"euhaline",34.12,7.91,0,95,29,64.5,18.1,33.5,0.28062015503876,0.51937984496124,7.5,10.6,0,0,36.2,12.4,351.3,1,0,"WET","35","2022",2022-09-08,1,"food"
"Standard","C-2022-9-8-36",6430,2022-09-08,251,2022,2023,"WET",9,8,0.513888888888889,"Seg2",36,25.47951,-80.3402,3,"Vert","Fish","Gulf Toadfish","Opsanus beta",0,0,0,0,33,3.2,56.4,"euhaline",34.36,7.95,0.03,87,13,47,23.2,14,0.493617021276596,0.297872340425532,3.2,20,0,0,30.8,13.1,897.1,2,0,"WET","36","2022",2022-09-08,2,"food"
"Standard","C-2022-9-8-37",6430,2022-09-08,251,2022,2023,"WET",9,8,0.533333333333333,"Seg2",37,25.47705,-80.34018,3,"Vert","Fish","Gulf Toadfish","Opsanus beta",0,0,0,0,31.9,3.23,52.9,"euhaline",34.38,7.71,0,74,47,76.5,16.3,50,0.213071895424837,0.65359477124183,2.8,13.5,0,0,28.7,13,1486.1,0,0,"WET","37","2022",2022-09-08,0,"no food"
"Standard","C-2022-9-9-21",6431,2022-09-09,252,2022,2023,"WET",9,9,0.408333333333333,"Seg2",21,25.51652,-80.33358,3,"Vert","Fish","Gulf Toadfish","Opsanus beta",0,0,0,0,30.8,3.52,57.4,"polyhaline",28.2,7.96,0,120,35,29.5,19,7,0.644067796610169,0.23728813559322,0,19,0,0,27,13.5,50.34,0,0,"WET","21","2022",2022-09-09,0,"no food"
"Standard","C-2022-9-9-22",6431,2022-09-09,252,2022,2023,"WET",9,9,0.434027777777778,"Seg2",22,25.51562,-80.33402,3,"Vert","Fish","Gulf Toadfish","Opsanus beta",0,0,0,0,31,3.08,50,"polyhaline",29.81,7.95,0.1,132,17,22,16.1,3.4,0.731818181818182,0.154545454545455,0.1,16,0,0,25,14,136.04,2,0,"WET","22","2022",2022-09-09,2,"food"
"Standard","C-2022-9-9-23",6431,2022-09-09,252,2022,2023,"WET",9,9,0.459722222222222,"Seg2",23,25.51445,-80.3347,3,"Vert","Fish","Gulf Toadfish","Opsanus beta",0,0,0,0,30.6,3.73,60,"polyhaline",28.19,7.97,0,112,21,24.5,16,5.8,0.653061224489796,0.236734693877551,0.5,15.5,0,0,31,12.5,205.9,2,0,"WET","23","2022",2022-09-09,2,"food"
"Standard","C-2022-9-9-24",6431,2022-09-09,252,2022,2023,"WET",9,9,0.482638888888889,"Seg2",24,25.51203,-80.33517,3,"Vert","Fish","Gulf Toadfish","Opsanus beta",0,0,0,0,31.2,3.95,61.9,"euhaline",30.14,7.97,0,109,36,42,14,22.7,0.333333333333333,0.54047619047619,0.5,13.5,0,0,34.5,11.5,172.01,0,0,"WET","24","2022",2022-09-09,0,"no food"
"Standard","C-2022-9-9-25",6431,2022-09-09,252,2022,2023,"WET",9,9,0.516666666666667,"Seg2",25,25.50954,-80.33548,3,"Vert","Fish","Gulf Toadfish","Opsanus beta",0,0,0,0,30.9,3.21,52.2,"polyhaline",29.54,7.86,0,90,30,54.5,2,42.6,0.036697247706422,0.781651376146789,0,2,0,0,35,8,202.6,0,1,"WET","25","2022",2022-09-09,1,"food"
"Standard","C-2022-9-9-26",6431,2022-09-09,252,2022,2023,"WET",9,9,0.541666666666667,"Seg2",26,25.5056,-80.33345,3,"Vert","Fish","Gulf Toadfish","Opsanus beta",0,0,0,0,31.3,4.14,69.5,"euhaline",30.95,7.96,0,105,24,32.5,23.6,4.9,0.726153846153846,0.150769230769231,4.6,19,0,0,34.5,16.5,265.1,1,0,"WET","26","2022",2022-09-09,1,"food"
"Standard","C-2022-9-9-27",6431,2022-09-09,252,2022,2023,"WET",9,9,0.563194444444444,"Seg2",27,25.50408,-80.33247,3,"Vert","Fish","Gulf Toadfish","Opsanus beta",1,1,0.333333333333333,0,31.6,4.34,78.8,"euhaline",31.03,7.95,0.03,75,42,50,35.5,6.6,0.71,0.132,22.5,13,0,0,40.5,17.5,421.5,0,1,"WET","27","2022",2022-09-09,1,"food"
"Standard","C-2022-9-9-28",6431,2022-09-09,252,2022,2023,"WET",9,9,0.586111111111111,"Seg2",28,25.50509,-80.33652,3,"Vert","Fish","Gulf Toadfish","Opsanus beta",0,0,0,0,31,3.48,54.8,"euhaline",31.13,7.86,0,90,74,20,15.5,0.6,0.775,0.03,12.5,3,0,0,27,14,1378.3,0,0,"WET","28","2022",2022-09-09,0,"no food"
"Standard","C-2022-9-9-38",6431,2022-09-09,252,2022,2023,"WET",9,9,0.349305555555556,"Seg2",38,25.46913,-80.34003,3,"Vert","Fish","Gulf Toadfish","Opsanus beta",0,0,0,0,30.3,3.25,51.9,"euhaline",32.68,7.8,0,106,36,19.5,10.1,6.2,0.517948717948718,0.317948717948718,0,10.1,0,0,50,9.5,1753.3,0,0,"WET","38","2022",2022-09-09,0,"no food"
"Standard","C-2022-9-9-39",6431,2022-09-09,252,2022,2023,"WET",9,9,0.318055555555556,"Seg2",39,25.46573,-80.33752,3,"Vert","Fish","Gulf Toadfish","Opsanus beta",0,0,0,0,31.8,0.61,10.7,"euhaline",35.25,7.74,0.02,110,47,23,12,6.9,0.521739130434783,0.3,0,12,0,0,46,12.5,163.8,2,0,"WET","39","2022",2022-09-09,2,"food"
"Standard","C-2023-3-10-10",6613,2023-03-10,69,2023,2023,"DRY",3,10,0.370833333333333,"Seg1",10,25.5694,-80.3025,3,"Vert","Fish","Gulf Toadfish","Opsanus beta",0,0,0,0,22.3,3.47,47.6,"polyhaline",29.81,7.73,NA,90,8,64,29.7,26.7,0.4640625,0.4171875,29.5,0.2,0,0,10,21,228.3,1,0,"DRY","10","2023",2023-03-10,1,"food"
"Standard","C-2023-3-10-11",6613,2023-03-10,69,2023,2023,"DRY",3,10,0.388888888888889,"Seg1",11,25.56838,-80.30332,3,"Vert","Fish","Gulf Toadfish","Opsanus beta",0,0,0,0,22.5,3.77,53.8,"polyhaline",29.74,7.8,NA,89,23,67,29.7,30.7,0.443283582089552,0.458208955223881,22.6,7.1,0,0,14,24,707.2,0,0,"DRY","11","2023",2023-03-10,0,"no food"
"Standard","C-2023-3-10-12",6613,2023-03-10,69,2023,2023,"DRY",3,10,0.429861111111111,"Seg1",12,25.56146,-80.3075,3,"Vert","Fish","Gulf Toadfish","Opsanus beta",0,0,0,0,22.5,4.39,59.7,"polyhaline",28.8,7.69,NA,121,8,24,13.7,7,0.570833333333333,0.291666666666667,0,13.7,0,0,5,13.5,650.4,0,0,"DRY","12","2023",2023-03-10,0,"no food"
"Standard","C-2023-3-10-13",6613,2023-03-10,69,2023,2023,"DRY",3,10,0.45,"Seg1",13,25.55808,-80.3075,3,"Vert","Fish","Gulf Toadfish","Opsanus beta",0,0,0,0,23.1,5.16,70.3,"polyhaline",28.06,7.99,NA,120,22,87,14.6,65.6,0.167816091954023,0.754022988505747,10,4.6,0,0,5.5,20,698.8,0,0,"DRY","13","2023",2023-03-10,0,"no food"
"Standard","C-2023-3-10-9",6613,2023-03-10,69,2023,2023,"DRY",3,10,0.345138888888889,"Seg1",9,25.57394,-80.30334,3,"Vert","Fish","Gulf Toadfish","Opsanus beta",0,0,0,0,21.9,2.95,40.5,"euhaline",30.36,7.66,NA,69,28,84,20.4,57.4,0.242857142857143,0.683333333333333,12.2,8.2,0,0,9.5,15.5,322.3,2,0,"DRY","9","2023",2023-03-10,2,"food"
"Standard","C-2023-3-6-38",6609,2023-03-06,65,2023,2023,"DRY",3,6,0.527083333333333,"Seg2",38,25.46926,-80.34007,3,"Vert","Fish","Gulf Toadfish","Opsanus beta",0,0,0,0,29.6,6.26,98.2,"euhaline",32.81,8.03,NA,81,35,28.5,12.5,11.7,0.43859649122807,0.410526315789474,0,12.5,0,0,40.5,52.5,940.8,1,0,"DRY","38","2023",2023-03-06,1,"food"
"Standard","C-2023-3-6-39",6609,2023-03-06,65,2023,2023,"DRY",3,6,0.546527777777778,"Seg2",39,25.46578,-80.33762,3,"Vert","Fish","Gulf Toadfish","Opsanus beta",0,0,0,0,29.2,6.25,98.3,"euhaline",32.23,8.02,NA,77,73,39.5,11.5,18.8,0.291139240506329,0.475949367088608,0,11.5,0,0,37,48,890.5,2,0,"DRY","39","2023",2023-03-06,2,"food"
"Standard","C-2023-3-6-40",6609,2023-03-06,65,2023,2023,"DRY",3,6,0.316666666666667,"Seg2",40,25.45878,-80.33708,3,"Vert","Fish","Gulf Toadfish","Opsanus beta",1,4,1.33333333333333,1,26.5,2.21,33.4,"euhaline",33.79,7.81,NA,86,48,55,30,17.5,0.545454545454545,0.318181818181818,19,11,0,0,52,73,224.5,10,1,"DRY","40","2023",2023-03-06,11,"food"
"Standard","C-2023-3-6-41",6609,2023-03-06,65,2023,2023,"DRY",3,6,0.341666666666667,"Seg2",41,25.45542,-80.33606,3,"Vert","Fish","Gulf Toadfish","Opsanus beta",1,3,1,1,26.3,3.4,52.3,"euhaline",33.99,7.85,NA,83,58,65,22.6,33,0.347692307692308,0.507692307692308,19.1,3.5,0,0,55.5,71.5,394.8,0,0,"DRY","41","2023",2023-03-06,0,"no food"
"Standard","C-2023-3-6-42",6609,2023-03-06,65,2023,2023,"DRY",3,6,0.364583333333333,"Seg2",42,25.45045,-80.33051,3,"Vert","Fish","Gulf Toadfish","Opsanus beta",0,0,0,0,26.8,5.83,89.3,"euhaline",34.39,8.07,NA,122,46,11.5,4.7,4,0.408695652173913,0.347826086956522,4.7,0,0,0,51,60,403.2,0,0,"DRY","42","2023",2023-03-06,0,"no food"
"Standard","C-2023-3-6-43",6609,2023-03-06,65,2023,2023,"DRY",3,6,0.3875,"Seg2",43,25.44474,-80.33091,3,"Vert","Fish","Gulf Toadfish","Opsanus beta",1,2,0.666666666666667,1,26.7,4.21,63.9,"euhaline",34.3,7.96,NA,92,69,70,40,21.8,0.571428571428571,0.311428571428571,39,1,0,0,52,72.5,548.2,1,1,"DRY","43","2023",2023-03-06,2,"food"
"Standard","C-2023-3-6-44",6609,2023-03-06,65,2023,2023,"DRY",3,6,0.40625,"Seg2",44,25.44318,-80.3305,3,"Vert","Fish","Gulf Toadfish","Opsanus beta",1,3,1,1,26.9,5.35,80.8,"euhaline",34.45,7.98,NA,108,20,38,17.1,14.4,0.45,0.378947368421053,8,9.1,0,0,42.5,55.5,768.9,0,1,"DRY","44","2023",2023-03-06,1,"food"
"Standard","C-2023-3-6-45",6609,2023-03-06,65,2023,2023,"DRY",3,6,0.426388888888889,"Seg2",45,25.43769,-80.32422,3,"Vert","Fish","Gulf Toadfish","Opsanus beta",0,0,0,0,27.3,5.86,89.1,"euhaline",34.67,8.1,NA,105,6,41.5,17.5,18.3,0.421686746987952,0.440963855421687,13.5,4,0,0,29,42,843.8,0,0,"DRY","45","2023",2023-03-06,0,"no food"
"Standard","C-2023-3-6-46",6609,2023-03-06,65,2023,2023,"DRY",3,6,0.444444444444444,"Seg2",46,25.43755,-80.32183,3,"Vert","Fish","Gulf Toadfish","Opsanus beta",0,0,0,0,27.2,6.03,93.2,"euhaline",34.75,8.06,NA,72,1,63,16.7,37.4,0.265079365079365,0.593650793650794,11,5.7,0,0,12,27.5,947.3,0,0,"DRY","46","2023",2023-03-06,0,"no food"
"Standard","C-2023-3-6-47",6609,2023-03-06,65,2023,2023,"DRY",3,6,0.466666666666667,"Seg2",47,25.43715,-80.31943,3,"Vert","Fish","Gulf Toadfish","Opsanus beta",1,1,0.333333333333333,0,27.5,5.38,82.9,"euhaline",34.82,8.05,NA,111,21,53.5,16.5,29.9,0.308411214953271,0.558878504672897,13.5,3,0,0,27.5,45.5,759.2,2,0,"DRY","47","2023",2023-03-06,2,"food"
"Standard","C-2023-3-7-18",6610,2023-03-07,66,2023,2023,"DRY",3,7,0.342361111111111,"Seg2",18,25.53196,-80.32876,3,"Vert","Fish","Gulf Toadfish","Opsanus beta",0,0,0,0,26.5,3.57,51.5,"polyhaline",24.56,7.9,NA,70,1,66,13,44.6,0.196969696969697,0.675757575757576,0,13,0,0,4.6,12.6,369.1,0,0,"DRY","18","2023",2023-03-07,0,"no food"
"Standard","C-2023-3-7-19",6610,2023-03-07,66,2023,2023,"DRY",3,7,0.363194444444444,"Seg2",19,25.52556,-80.33107,3,"Vert","Fish","Gulf Toadfish","Opsanus beta",0,0,0,0,25.5,2.98,42.2,"polyhaline",24.38,7.84,NA,82,16,62,41,10.5,0.661290322580645,0.169354838709677,0,41,0,0,14.5,15.1,432.7,0,1,"DRY","19","2023",2023-03-07,1,"food"
"Standard","C-2023-3-7-20",6610,2023-03-07,66,2023,2023,"DRY",3,7,0.382638888888889,"Seg2",20,25.5183,-80.33082,3,"Vert","Fish","Gulf Toadfish","Opsanus beta",0,0,0,0,26.9,4.75,68.2,"polyhaline",25.78,8.02,NA,110,30,26,12,5.9,0.461538461538462,0.226923076923077,0.5,11.5,0,0,13.4,10.1,570,0,0,"DRY","20","2023",2023-03-07,0,"no food"
"Standard","C-2023-3-7-21",6610,2023-03-07,66,2023,2023,"DRY",3,7,0.401388888888889,"Seg2",21,25.51659,-80.33349,3,"Vert","Fish","Gulf Toadfish","Opsanus beta",0,0,0,0,27.4,4.83,71.1,"polyhaline",26.73,8.01,NA,93,43,49.5,21.5,16.6,0.434343434343434,0.335353535353535,0,21.5,0,0,26.8,16.6,685.3,0,0,"DRY","21","2023",2023-03-07,0,"no food"
"Standard","C-2023-3-7-22",6610,2023-03-07,66,2023,2023,"DRY",3,7,0.418055555555556,"Seg2",22,25.5155,-80.334,3,"Vert","Fish","Gulf Toadfish","Opsanus beta",0,0,0,0,27.5,4.72,70.1,"polyhaline",26.68,8.01,NA,111,17,44,22.1,14.7,0.502272727272727,0.334090909090909,2.1,20,0,0,18.5,14.4,694,0,0,"DRY","22","2023",2023-03-07,0,"no food"
"Standard","C-2023-3-7-23",6610,2023-03-07,66,2023,2023,"DRY",3,7,0.444444444444444,"Seg2",23,25.51442,-80.33463,3,"Vert","Fish","Gulf Toadfish","Opsanus beta",0,0,0,0,27.6,4.47,66.8,"polyhaline",27.03,8.04,NA,102,30,47.5,21.5,17,0.452631578947368,0.357894736842105,3.5,18,0,0,22.6,14.6,831.4,0,0,"DRY","23","2023",2023-03-07,0,"no food"
"Standard","C-2023-3-7-24",6610,2023-03-07,66,2023,2023,"DRY",3,7,0.461805555555556,"Seg2",24,25.51198,-80.33514,3,"Vert","Fish","Gulf Toadfish","Opsanus beta",0,0,0,0,27.8,4.21,63,"polyhaline",27.44,8.05,NA,104,36,43,9.7,26.3,0.225581395348837,0.611627906976744,4.6,5.1,0,0,24.8,17.7,828.7,1,0,"DRY","24","2023",2023-03-07,1,"food"
"Standard","C-2023-3-7-25",6610,2023-03-07,66,2023,2023,"DRY",3,7,0.477777777777778,"Seg2",25,25.50957,-80.33552,3,"Vert","Fish","Gulf Toadfish","Opsanus beta",0,0,0,0,27.6,4.87,72.2,"polyhaline",27.22,7.99,NA,87,32,70.5,15.1,45.7,0.214184397163121,0.64822695035461,1,14.1,0,0,30.6,13.1,680.9,0,2,"DRY","25","2023",2023-03-07,2,"food"
"Standard","C-2023-3-7-26",6610,2023-03-07,66,2023,2023,"DRY",3,7,0.498611111111111,"Seg2",26,25.50577,-80.33362,3,"Vert","Fish","Gulf Toadfish","Opsanus beta",0,0,0,0,27.8,5.53,82.6,"polyhaline",27.5,8.1,NA,90,32,74.5,19.6,46.9,0.263087248322148,0.629530201342282,10.5,9.1,0,0,32.7,21.7,821.7,0,0,"DRY","26","2023",2023-03-07,0,"no food"
"Standard","C-2023-3-7-27",6610,2023-03-07,66,2023,2023,"DRY",3,7,0.513888888888889,"Seg2",27,25.50408,-80.33249,3,"Vert","Fish","Gulf Toadfish","Opsanus beta",1,1,0.333333333333333,0,27.8,5.72,85.6,"polyhaline",27.78,8.1,NA,79,37,81,30,38,0.37037037037037,0.469135802469136,22.5,7.5,0,0,41,23.5,1073.6,0,0,"DRY","27","2023",2023-03-07,0,"no food"
"Standard","C-2023-3-7-28",6610,2023-03-07,66,2023,2023,"DRY",3,7,0.534027777777778,"Seg2",28,25.50512,-80.33651,3,"Vert","Fish","Gulf Toadfish","Opsanus beta",0,0,0,0,27.5,5.27,77.8,"polyhaline",27.8,8.11,NA,93,30,56.5,16.3,29.2,0.288495575221239,0.516814159292035,13.1,3.2,0,0,26.7,24.5,175.36,1,0,"DRY","28","2023",2023-03-07,1,"food"
"Standard","C-2023-3-7-29",6610,2023-03-07,66,2023,2023,"DRY",3,7,0.552777777777778,"Seg2",29,25.50434,-80.33769,3,"Vert","Fish","Gulf Toadfish","Opsanus beta",1,1,0.333333333333333,0,27.4,4.75,71.8,"polyhaline",27.6,7.89,NA,85,9,88,8.7,73,0.0988636363636364,0.829545454545455,6.1,2.6,0,0,23.4,20.6,885.7,0,1,"DRY","29","2023",2023-03-07,1,"food"
"Standard","C-2023-3-7-30",6610,2023-03-07,66,2023,2023,"DRY",3,7,0.573611111111111,"Seg2",30,25.49742,-80.33934,3,"Vert","Fish","Gulf Toadfish","Opsanus beta",1,1,0.333333333333333,0,28,4.93,74.6,"polyhaline",28.81,7.98,NA,80,28,55,28.5,11.5,0.518181818181818,0.209090909090909,21.5,7,0,0,24.4,16.7,787.6,2,0,"DRY","30","2023",2023-03-07,2,"food"
"Standard","C-2023-3-8-14",6611,2023-03-08,67,2023,2023,"DRY",3,8,0.361805555555556,"Seg1",14,25.55166,-80.30997,3,"Vert","Fish","Gulf Toadfish","Opsanus beta",0,0,0,0,26.3,3,42.4,"polyhaline",24.33,8.01,NA,113,24,93.5,32.2,56.4,0.344385026737968,0.603208556149733,26,0,6.2,0,16.5,29.5,507.4,0,0,"DRY","14","2023",2023-03-08,0,"no food"
"Standard","C-2023-3-8-15",6611,2023-03-08,67,2023,2023,"DRY",3,8,0.386111111111111,"Seg1",15,25.5451,-80.31237,3,"Vert","Fish","Gulf Toadfish","Opsanus beta",0,0,0,0,26.1,4.18,59.2,"polyhaline",25.09,7.99,NA,110,20,89,59.5,22,0.668539325842697,0.247191011235955,57.5,0,2,0,21,33.5,598.7,1,0,"DRY","15","2023",2023-03-08,1,"food"
"Standard","C-2023-3-8-16",6611,2023-03-08,67,2023,2023,"DRY",3,8,0.404166666666667,"Seg1",16,25.54044,-80.31268,3,"Vert","Fish","Gulf Toadfish","Opsanus beta",0,0,0,0,26.2,3.98,56.7,"polyhaline",25.47,7.95,NA,110,15,48.5,18.3,24.3,0.377319587628866,0.501030927835052,10.7,0,7.6,0,19.5,42,650.4,1,0,"DRY","16","2023",2023-03-08,1,"food"
"Standard","C-2023-3-8-17",6611,2023-03-08,67,2023,2023,"DRY",3,8,0.420138888888889,"Seg1",17,25.53755,-80.31326,3,"Vert","Fish","Gulf Toadfish","Opsanus beta",0,0,0,0,26.4,4.22,61.6,"polyhaline",25.6,7.97,NA,110,4,30,16.5,7.7,0.55,0.256666666666667,16,0,0.5,0,14.5,15,648.5,0,0,"DRY","17","2023",2023-03-08,0,"no food"
"Standard","C-2023-3-8-31",6611,2023-03-08,67,2023,2023,"DRY",3,8,0.448611111111111,"Seg2",31,25.49317,-80.33853,3,"Vert","Fish","Gulf Toadfish","Opsanus beta",0,0,0,0,26.5,4.34,66,"polyhaline",29.46,7.97,NA,111,20,40,20.6,14.2,0.515,0.355,0.1,20.5,0,0,30.5,20,229.5,1,0,"DRY","31","2023",2023-03-08,1,"food"
"Standard","C-2023-3-8-32",6611,2023-03-08,67,2023,2023,"DRY",3,8,0.470138888888889,"Seg2",32,25.49036,-80.34015,3,"Vert","Fish","Gulf Toadfish","Opsanus beta",0,0,0,0,26.8,4.79,70.6,"polyhaline",29.71,8.03,NA,120,11,21.5,13.5,3.1,0.627906976744186,0.144186046511628,0,13.5,0,0,14.5,19,561.5,1,0,"DRY","32","2023",2023-03-08,1,"food"
"Standard","C-2023-3-8-33",6611,2023-03-08,67,2023,2023,"DRY",3,8,0.491666666666667,"Seg2",33,25.48697,-80.33989,3,"Vert","Fish","Gulf Toadfish","Opsanus beta",0,0,0,0,27.3,5.07,75.3,"euhaline",30.4,8.04,NA,109,31,37,15.6,16.8,0.421621621621622,0.454054054054054,5.6,10,0,0,20,19.5,724.9,7,0,"DRY","33","2023",2023-03-08,7,"food"
"Standard","C-2023-3-8-34",6611,2023-03-08,67,2023,2023,"DRY",3,8,0.510416666666667,"Seg2",34,25.48527,-80.33962,3,"Vert","Fish","Gulf Toadfish","Opsanus beta",0,0,0,0,27.5,5.14,76.9,"euhaline",30.36,8.07,NA,108,31,43,10.6,25.2,0.246511627906977,0.586046511627907,5.1,5.5,0,0,15.5,19,1026.3,0,0,"DRY","34","2023",2023-03-08,0,"no food"
"Standard","C-2023-3-8-35",6611,2023-03-08,67,2023,2023,"DRY",3,8,0.529166666666667,"Seg2",35,25.48021,-80.34024,3,"Vert","Fish","Gulf Toadfish","Opsanus beta",0,0,0,0,27.6,4.53,70.2,"euhaline",31.04,7.93,NA,99,28,19.5,9,6.7,0.461538461538462,0.343589743589744,0,9,0,0,19,16,173.74,2,1,"DRY","35","2023",2023-03-08,3,"food"
"Standard","C-2023-3-8-36",6611,2023-03-08,67,2023,2023,"DRY",3,8,0.545138888888889,"Seg2",36,25.47967,-80.34028,3,"Vert","Fish","Gulf Toadfish","Opsanus beta",0,0,0,0,27.3,4.62,69.4,"euhaline",31.14,7.85,NA,80,50,36,21.5,8.8,0.597222222222222,0.244444444444444,0,21.5,0,0,23,19,1007.7,4,1,"DRY","36","2023",2023-03-08,5,"food"
"Standard","C-2023-3-8-37",6611,2023-03-08,67,2023,2023,"DRY",3,8,0.561111111111111,"Seg2",37,25.47697,-80.34029,3,"Vert","Fish","Gulf Toadfish","Opsanus beta",0,0,0,0,28.4,5.28,82.7,"euhaline",31.28,7.96,NA,70,26,80,17.6,4.3,0.22,0.05375,0.6,17,0,0,20,19,1075.9,1,0,"DRY","37","2023",2023-03-08,1,"food"
"Standard","C-2023-3-9-1",6612,2023-03-09,68,2023,2023,"DRY",3,9,0.323611111111111,"Seg1",1,25.62915,-80.28879,3,"Vert","Fish","Gulf Toadfish","Opsanus beta",0,0,0,0,25.1,4.15,59.8,"euhaline",31.35,7.93,NA,92,43,38.5,32,0.8,0.831168831168831,0.0207792207792208,17.5,14.5,0,0,37.5,29,90,1,1,"DRY","1","2023",2023-03-09,2,"food"
"Standard","C-2023-3-9-2",6612,2023-03-09,68,2023,2023,"DRY",3,9,0.351388888888889,"Seg1",2,25.62396,-80.29916,3,"Vert","Fish","Gulf Toadfish","Opsanus beta",0,0,0,0,24.5,4.23,61.5,"euhaline",31.26,7.95,NA,112,20,27,22,1.1,0.814814814814815,0.0407407407407407,0,22,0,0,42.5,21.5,311,0,0,"DRY","2","2023",2023-03-09,0,"no food"
"Standard","C-2023-3-9-3",6612,2023-03-09,68,2023,2023,"DRY",3,9,0.3875,"Seg1",3,25.61745,-80.30141,3,"Vert","Fish","Gulf Toadfish","Opsanus beta",0,0,0,0,24.9,5.44,78.2,"euhaline",31.59,8.06,NA,97,39,99,49,42.5,0.494949494949495,0.429292929292929,0,49,0,0,56.5,37.5,115,2,0,"DRY","3","2023",2023-03-09,2,"food"
"Standard","C-2023-3-9-4",6612,2023-03-09,68,2023,2023,"DRY",3,9,0.56875,"Seg1",4,25.61592,-80.30307,3,"Vert","Fish","Gulf Toadfish","Opsanus beta",0,0,0,0,25.8,7.04,103.9,"euhaline",31.61,8.12,NA,134,10,63.5,43.3,14.8,0.681889763779528,0.233070866141732,8.6,34.6,0,0.1,20.5,30,439,1,1,"DRY","4","2023",2023-03-09,2,"food"
"Standard","C-2023-3-9-5",6612,2023-03-09,68,2023,2023,"DRY",3,9,0.41875,"Seg1",5,25.61361,-80.30607,3,"Vert","Fish","Gulf Toadfish","Opsanus beta",0,0,0,0,24.7,5.44,78.4,"euhaline",30.78,7.97,NA,109,11,51.5,15.6,29.4,0.302912621359223,0.570873786407767,0,15.6,0,0,14.5,18.2,340,2,0,"DRY","5","2023",2023-03-09,2,"food"
"Standard","C-2023-3-9-6",6612,2023-03-09,68,2023,2023,"DRY",3,9,0.469444444444444,"Seg1",6,25.60925,-80.30725,3,"Vert","Fish","Gulf Toadfish","Opsanus beta",0,0,0,0,25.4,5.92,84.8,"euhaline",30.83,8.07,NA,106,32,81,57.5,10.7,0.709876543209877,0.132098765432099,0,57.5,0,0,33.5,27.5,996.5,0,1,"DRY","6","2023",2023-03-09,1,"food"
"Standard","C-2023-3-9-7",6612,2023-03-09,68,2023,2023,"DRY",3,9,0.497916666666667,"Seg1",7,25.59438,-80.30777,3,"Vert","Fish","Gulf Toadfish","Opsanus beta",0,0,0,0,24.7,5.01,71.7,"euhaline",30.96,7.97,NA,98,27,46.5,4.5,32.1,0.0967741935483871,0.690322580645161,0,4.5,0,0,39,10,630,0,0,"DRY","7","2023",2023-03-09,0,"no food"
"Standard","C-2023-3-9-8",6612,2023-03-09,68,2023,2023,"DRY",3,9,0.543055555555556,"Seg1",8,25.57973,-80.30507,3,"Vert","Fish","Gulf Toadfish","Opsanus beta",0,0,0,0,25.2,5.7,81.5,"euhaline",30.77,7.92,NA,61,0,99,11.1,80.8,0.112121212121212,0.816161616161616,7.1,4,0,0,0.5,12,386,0,0,"DRY","8","2023",2023-03-09,0,"no food"
"Standard","C-2023-9-13-38",6800,2023-09-13,256,2023,2024,"WET",9,13,0.359027777777778,"Seg2",38,25.46922,-80.34006,3,"Vert","Fish","Gulf Toadfish","Opsanus beta",0,0,0,0,32.8,3,47.7,"polyhaline",21.38,7.73,NA,95,68,15,13.7,0,0.913333333333333,0,1.2,12.5,0,0,67,10.5,544.5,2,0,"WET","38","2023",2023-09-13,2,"food"
"Standard","C-2023-9-13-39",6800,2023-09-13,256,2023,2024,"WET",9,13,0.377083333333333,"Seg2",39,25.46574,-80.33761,3,"Vert","Fish","Gulf Toadfish","Opsanus beta",0,0,0,0,32.1,2.28,32.7,"polyhaline",19.15,7.61,NA,105,50,21.5,18.3,2.5,0.851162790697674,0.116279069767442,2.5,15.8,0,0,74.5,10,658,0,0,"WET","39","2023",2023-09-13,0,"no food"
"Standard","C-2023-9-13-40",6800,2023-09-13,256,2023,2024,"WET",9,13,0.403472222222222,"Seg2",40,25.4587,-80.33717,3,"Vert","Fish","Gulf Toadfish","Opsanus beta",0,0,0,0,30.8,3.37,52.2,"polyhaline",23.19,7.73,NA,110,50,53,38.1,11.6,0.718867924528302,0.218867924528302,16.6,21.5,0,0,54.5,25.2,643.8,0,2,"WET","40","2023",2023-09-13,2,"food"
"Standard","C-2023-9-13-41",6800,2023-09-13,256,2023,2024,"WET",9,13,0.424305555555556,"Seg2",41,25.45533,-80.33614,3,"Vert","Fish","Gulf Toadfish","Opsanus beta",0,0,0,0,30.9,4.91,74.9,"polyhaline",23.08,7.84,NA,94,21,46.5,33.3,10.6,0.716129032258064,0.227956989247312,19.1,14.2,0,0,88.5,24.5,976.5,1,2,"WET","41","2023",2023-09-13,3,"food"
"Standard","C-2023-9-13-42",6800,2023-09-13,256,2023,2024,"WET",9,13,0.445833333333333,"Seg2",42,25.45029,-80.33067,3,"Vert","Fish","Gulf Toadfish","Opsanus beta",0,0,0,0,30.9,5.99,91.9,"polyhaline",22.06,7.88,NA,130,33,24,7.6,13.2,0.316666666666667,0.55,7.6,0,0,0,51.5,12.7,983.7,0,0,"WET","42","2023",2023-09-13,0,"no food"
"Standard","C-2023-9-13-43",6800,2023-09-13,256,2023,2024,"WET",9,13,0.467361111111111,"Seg2",43,25.44468,-80.33099,3,"Vert","Fish","Gulf Toadfish","Opsanus beta",0,0,0,0,31.2,5.5,83.6,"polyhaline",22.45,7.91,NA,96,83,72.5,60,10,0.827586206896552,0.137931034482759,59,1,0,0,90,30.5,1329,1,2,"WET","43","2023",2023-09-13,3,"food"
"Standard","C-2023-9-13-44",6800,2023-09-13,256,2023,2024,"WET",9,13,0.486111111111111,"Seg2",44,25.44307,-80.33038,3,"Vert","Fish","Gulf Toadfish","Opsanus beta",0,0,0,0,31.3,5.63,85.7,"polyhaline",22.25,7.91,NA,73,54,61,58,2.5,0.950819672131147,0.040983606557377,20,38,0,0,96.8,28,1200,1,0,"WET","44","2023",2023-09-13,1,"food"
"Standard","C-2023-9-13-45",6800,2023-09-13,256,2023,2024,"WET",9,13,0.511111111111111,"Seg2",45,25.43767,-80.3242,3,"Vert","Fish","Gulf Toadfish","Opsanus beta",0,0,0,0,31.2,4.76,72.4,"polyhaline",24.08,7.84,NA,80,38,44.5,13,30.5,0.292134831460674,0.685393258426966,13,0,0,0,94.3,18.5,1440,0,0,"WET","45","2023",2023-09-13,0,"no food"
"Standard","C-2023-9-13-46",6800,2023-09-13,256,2023,2024,"WET",9,13,0.530555555555556,"Seg2",46,25.4375,-80.32164,3,"Vert","Fish","Gulf Toadfish","Opsanus beta",0,0,0,0,31.9,6.41,98.8,"polyhaline",22.74,7.95,NA,54,2,60,38.5,18,0.641666666666667,0.3,26,12.5,0,0,25.5,14.7,1621,0,1,"WET","46","2023",2023-09-13,1,"food"
"Standard","C-2023-9-13-47",6800,2023-09-13,256,2023,2024,"WET",9,13,0.547916666666667,"Seg2",47,25.43706,-80.3194,3,"Vert","Fish","Gulf Toadfish","Opsanus beta",0,0,0,0,32,6.25,99.7,"polyhaline",27.76,7.99,NA,105,39,49,19,26.4,0.387755102040816,0.538775510204082,10.5,8.5,0,0,61.5,19,1239,2,1,"WET","47","2023",2023-09-13,3,"food"
"Standard","C-2023-9-14-18",6801,2023-09-14,257,2023,2024,"WET",9,14,0.340972222222222,"Seg2",18,25.5319,-80.32863,3,"Vert","Fish","Gulf Toadfish","Opsanus beta",0,0,0,0,32.8,1.72,26.4,"mesohaline",16.81,7.58,NA,73,2,43.5,33,3.4,0.758620689655172,0.0781609195402299,0,33,0,0,1.5,15.5,431.5,0,0,"WET","18","2023",2023-09-14,0,"no food"
"Standard","C-2023-9-14-19",6801,2023-09-14,257,2023,2024,"WET",9,14,0.361805555555556,"Seg2",19,25.52555,-80.33113,3,"Vert","Fish","Gulf Toadfish","Opsanus beta",0,0,0,0,32.4,2.8,43.7,"polyhaline",19.61,7.74,NA,89,5,27.5,19.5,0.9,0.709090909090909,0.0327272727272727,0,19.5,0,0,25.5,18.5,397.5,0,1,"WET","19","2023",2023-09-14,1,"food"
"Standard","C-2023-9-14-20",6801,2023-09-14,257,2023,2024,"WET",9,14,0.383333333333333,"Seg2",20,25.51841,-80.33096,3,"Vert","Fish","Gulf Toadfish","Opsanus beta",0,0,0,0,31.6,3.73,56.2,"polyhaline",19.68,7.85,NA,100,36,18,12.5,1.5,0.694444444444444,0.0833333333333333,0,12.5,0,0,28.5,13.5,191.3,0,2,"WET","20","2023",2023-09-14,2,"food"
"Standard","C-2023-9-14-21",6801,2023-09-14,257,2023,2024,"WET",9,14,0.401388888888889,"Seg2",21,25.51657,-80.33365,3,"Vert","Fish","Gulf Toadfish","Opsanus beta",0,0,0,0,32.8,2.32,36.3,"polyhaline",21.35,7.78,NA,98,32,20.5,13.7,1.4,0.668292682926829,0.0682926829268293,0,13.7,0,0,32.5,12.5,541.1,0,2,"WET","21","2023",2023-09-14,2,"food"
"Standard","C-2023-9-14-22",6801,2023-09-14,257,2023,2024,"WET",9,14,0.418055555555556,"Seg2",22,25.51561,-80.33406,3,"Vert","Fish","Gulf Toadfish","Opsanus beta",0,0,0,0,32.9,2.59,40.6,"polyhaline",21.17,7.79,NA,100,21,30.5,22.6,1.3,0.740983606557377,0.0426229508196721,0,22.5,0,0.1,30,17,729.6,0,0,"WET","22","2023",2023-09-14,0,"no food"
"Standard","C-2023-9-14-23",6801,2023-09-14,257,2023,2024,"WET",9,14,0.436805555555556,"Seg2",23,25.51439,-80.33472,3,"Vert","Fish","Gulf Toadfish","Opsanus beta",0,0,0,0,33,3.01,48.3,"polyhaline",21.39,7.79,NA,99,20,19,14.1,1.4,0.742105263157895,0.0736842105263158,0.5,13.6,0,0,29.5,13,1120.1,0,0,"WET","23","2023",2023-09-14,0,"no food"
"Standard","C-2023-9-14-24",6801,2023-09-14,257,2023,2024,"WET",9,14,0.459722222222222,"Seg2",24,25.51196,-80.33524,3,"Vert","Fish","Gulf Toadfish","Opsanus beta",0,0,0,0,33.2,3.37,54.7,"polyhaline",20.83,7.8,NA,100,25,24,19.9888888888889,0.6,0.83287037037037,0.025,7.88888888888889,12.1,0,0,35,13.5,1172.8,0,1,"WET","24","2023",2023-09-14,1,"food"
"Standard","C-2023-9-14-25",6801,2023-09-14,257,2023,2024,"WET",9,14,0.482638888888889,"Seg2",25,25.50958,-80.33556,3,"Vert","Fish","Gulf Toadfish","Opsanus beta",0,0,0,0,32.7,3,49.5,"polyhaline",19.55,7.74,NA,101,13,32.5,2.6,17.8,0.08,0.547692307692308,0,2.6,0,0,42.5,10,1409.7,0,0,"WET","25","2023",2023-09-14,0,"no food"
"Standard","C-2023-9-14-26",6801,2023-09-14,257,2023,2024,"WET",9,14,0.504861111111111,"Seg2",26,25.50575,-80.3336,3,"Vert","Fish","Gulf Toadfish","Opsanus beta",0,0,0,0,33.2,6.02,95,"mesohaline",15.34,7.78,NA,92,6,29.5,24.7,0.5,0.83728813559322,0.0169491525423729,8.2,16.5,0,0,43,17,1366.5,0,0,"WET","26","2023",2023-09-14,0,"no food"
"Standard","C-2023-9-14-27",6801,2023-09-14,257,2023,2024,"WET",9,14,0.524305555555556,"Seg2",27,25.50401,-80.33258,3,"Vert","Fish","Gulf Toadfish","Opsanus beta",0,0,0,0,32.8,4.12,63.5,"polyhaline",19.01,7.86,NA,85,9,45.5,39.3,1.5,0.863736263736264,0.032967032967033,14.3,25,0,0,51.5,18.5,844.1,0,2,"WET","27","2023",2023-09-14,2,"food"
"Standard","C-2023-9-14-28",6801,2023-09-14,257,2023,2024,"WET",9,14,0.546527777777778,"Seg2",28,25.50507,-80.33663,3,"Vert","Fish","Gulf Toadfish","Opsanus beta",0,0,0,0,32.9,6.2,95.6,"mesohaline",17.48,7.95,NA,103,86,23.5,15.5,1.4,0.659574468085106,0.0595744680851064,7.7,7.8,0,0,31.5,17,670.1,0,0,"WET","28","2023",2023-09-14,0,"no food"
"Standard","C-2023-9-14-29",6801,2023-09-14,257,2023,2024,"WET",9,14,0.563194444444444,"Seg2",29,25.50438,-80.33772,3,"Vert","Fish","Gulf Toadfish","Opsanus beta",1,1,0.333333333333333,0,31.6,4.61,69.2,"mesohaline",16.35,7.81,NA,95,16,52,28.9,14.3,0.555769230769231,0.275,21.7,7.2,0,0,41.5,18.5,1010.3,0,0,"WET","29","2023",2023-09-14,0,"no food"
"Standard","C-2023-9-15-15",6802,2023-09-15,258,2023,2024,"WET",9,15,0.363888888888889,"Seg1",15,25.54507,-80.31244,3,"Vert","Fish","Gulf Toadfish","Opsanus beta",0,0,0,0,30.2,1.58,23.8,"polyhaline",21.54,7.51,NA,84,31,61,23,28.3,0.377049180327869,0.463934426229508,23,0,0,0,15,19.5,832,0,1,"WET","15","2023",2023-09-15,1,"food"
"Standard","C-2023-9-15-30",6802,2023-09-15,258,2023,2024,"WET",9,15,0.439583333333333,"Seg2",30,25.49732,-80.33928,3,"Vert","Fish","Gulf Toadfish","Opsanus beta",1,1,0.333333333333333,0,31.7,3.22,49,"polyhaline",19.82,7.77,NA,113,9,42,30.8,6.4,0.733333333333333,0.152380952380952,27.1,3.7,0,0,20,18.5,583.1,0,0,"WET","30","2023",2023-09-15,0,"no food"
"Standard","C-2023-9-15-31",6802,2023-09-15,258,2023,2024,"WET",9,15,0.396527777777778,"Seg2",31,25.49315,-80.33851,3,"Vert","Fish","Gulf Toadfish","Opsanus beta",0,0,0,0,32.3,1.7,27,"polyhaline",22.51,7.71,NA,95,32,59.5,9.8,42.4,0.164705882352941,0.712605042016807,1.8,8,0,0,40,24,1373.1,0,4,"WET","31","2023",2023-09-15,4,"food"
"Standard","C-2023-9-15-32",6802,2023-09-15,258,2023,2024,"WET",9,15,0.416666666666667,"Seg2",32,25.49035,-80.34021,3,"Vert","Fish","Gulf Toadfish","Opsanus beta",0,0,0,0,32.3,1.8,28,"polyhaline",22.61,7.75,NA,110,1,22,9.6,8.5,0.436363636363636,0.386363636363636,0.1,9.5,0,0,11,19.4444444444444,1458.1,0,1,"WET","32","2023",2023-09-15,1,"food"
"Standard","C-2023-9-15-33",6802,2023-09-15,258,2023,2024,"WET",9,15,0.465277777777778,"Seg2",33,25.48704,-80.33989,3,"Vert","Fish","Gulf Toadfish","Opsanus beta",0,0,0,0,31.3,4.27,64.6,"polyhaline",18.71,7.8,NA,125,37,18.5,12.2,0.9,0.659459459459459,0.0486486486486486,0.6,11.6,0,0,52,19,1081.2,1,0,"WET","33","2023",2023-09-15,1,"food"
"Standard","C-2023-9-15-34",6802,2023-09-15,258,2023,2024,"WET",9,15,0.490277777777778,"Seg2",34,25.48518,-80.33968,3,"Vert","Fish","Gulf Toadfish","Opsanus beta",0,0,0,0,33.5,6.3,100.3,"polyhaline",23.14,7.85,NA,115,26,24.5,15.7,4.8,0.640816326530612,0.195918367346939,4.2,11.5,0,0,29.5,21,1148.2,1,0,"WET","34","2023",2023-09-15,1,"food"
"Standard","C-2023-9-15-35",6802,2023-09-15,258,2023,2024,"WET",9,15,0.5125,"Seg2",35,25.48023,-80.34027,3,"Vert","Fish","Gulf Toadfish","Opsanus beta",0,0,0,0,32.4,4.24,65.7,"polyhaline",21.11,7.83,NA,110,28,13,6.2,3.1,0.476923076923077,0.238461538461538,0.1,6.1,0,0,50.5,13.7,800.1,0,0,"WET","35","2023",2023-09-15,0,"no food"
"Standard","C-2023-9-15-36",6802,2023-09-15,258,2023,2024,"WET",9,15,0.541666666666667,"Seg2",36,25.47957,-80.3402,3,"Vert","Fish","Gulf Toadfish","Opsanus beta",0,0,0,0,32.8,5.31,83.3,"polyhaline",21.7,7.89,NA,95,48,13,6.6,2.4,0.507692307692308,0.184615384615385,0.6,6,0,0,37,14.5,864.1,0,1,"WET","36","2023",2023-09-15,1,"food"
"Standard","C-2023-9-15-37",6802,2023-09-15,258,2023,2024,"WET",9,15,0.559027777777778,"Seg2",37,25.47699,-80.34031,3,"Vert","Fish","Gulf Toadfish","Opsanus beta",1,1,0.333333333333333,0,32.2,3.63,56.2,"polyhaline",21.57,7.78,NA,80,24,22.5,13.9,2.8,0.617777777777778,0.124444444444444,5.4,8.5,0,0,33,20.5,299.2,1,1,"WET","37","2023",2023-09-15,2,"food"
"Standard","C-2023-9-18-1",6805,2023-09-18,261,2023,2024,"WET",9,18,0.3625,"Seg1",1,25.6292,-80.28866,3,"Vert","Fish","Gulf Toadfish","Opsanus beta",0,0,0,0,29.6,2.96,44.6,"polyhaline",24.05,7.73,NA,74,49,79,50.6,18.5,0.640506329113924,0.234177215189873,17.6,33,0,0,72.5,34.5,127.29,2,0,"WET","1","2023",2023-09-18,2,"food"
"Standard","C-2023-9-18-10",6805,2023-09-18,261,2023,2024,"WET",9,18,0.59375,"Seg1",10,25.56946,-80.30251,3,"Vert","Fish","Gulf Toadfish","Opsanus beta",0,0,0,0,30.5,4.23,63.4,"polyhaline",20.38,7.63,NA,93,11,82.5,67.1,8.6,0.813333333333333,0.104242424242424,60.5,6.6,0,0,28.5,30.5,418.7,0,2,"WET","10","2023",2023-09-18,2,"food"
"Standard","C-2023-9-18-11",6805,2023-09-18,261,2023,2024,"WET",9,18,0.609027777777778,"Seg1",11,25.56841,-80.30332,3,"Vert","Fish","Gulf Toadfish","Opsanus beta",0,0,0,0,31,4.14,63.2,"polyhaline",20.3,7.61,NA,83,50,98.5,87.5,5.1,0.888324873096447,0.0517766497461929,79.5,8,0,0,40,38.5,409,3,4,"WET","11","2023",2023-09-18,7,"food"
"Standard","C-2023-9-18-2",6805,2023-09-18,261,2023,2024,"WET",9,18,0.390972222222222,"Seg1",2,25.62386,-80.29912,3,"Vert","Fish","Gulf Toadfish","Opsanus beta",0,0,0,0,29.2,2.55,39.4,"polyhaline",23.97,7.54,NA,90,35,50,43.2,1.2,0.864,0.024,0,42.5,0,0.7,38,31.5,287,0,2,"WET","2","2023",2023-09-18,2,"food"
"Standard","C-2023-9-18-3",6805,2023-09-18,261,2023,2024,"WET",9,18,0.424305555555556,"Seg1",3,25.61746,-80.3014,3,"Vert","Fish","Gulf Toadfish","Opsanus beta",0,0,0,0,31,3.81,58.2,"polyhaline",25.33,7.92,NA,78,12,75,64,6.1,0.853333333333333,0.0813333333333333,0,64,0,0,69,24.9,372.5,1,1,"WET","3","2023",2023-09-18,2,"food"
"Standard","C-2023-9-18-5",6805,2023-09-18,261,2023,2024,"WET",9,18,0.447222222222222,"Seg1",5,25.61367,-80.30603,3,"Vert","Fish","Gulf Toadfish","Opsanus beta",0,0,0,0,31,4.8,74.1,"polyhaline",24.76,7.94,NA,91,24,44.5,39,1.6,0.876404494382023,0.0359550561797753,0,39,0,0,16,28.1,470.7,1,4,"WET","5","2023",2023-09-18,5,"food"
"Standard","C-2023-9-18-6",6805,2023-09-18,261,2023,2024,"WET",9,18,0.482638888888889,"Seg1",6,25.60931,-80.30721,3,"Vert","Fish","Gulf Toadfish","Opsanus beta",0,0,0,0,31.4,4.6,72.7,"polyhaline",24.61,7.98,NA,95,39,39.5,30.6,5,0.774683544303797,0.126582278481013,0,12.5,0,18.1,41.5,32.5,615.1,0,3,"WET","6","2023",2023-09-18,3,"food"
"Standard","C-2023-9-18-7",6805,2023-09-18,261,2023,2024,"WET",9,18,0.509027777777778,"Seg1",7,25.59443,-80.30784,3,"Vert","Fish","Gulf Toadfish","Opsanus beta",0,0,0,0,31.5,5.2,81.1,"polyhaline",24.86,7.97,NA,105,47,17,0.9,12.8,0.0529411764705882,0.752941176470588,0,0.9,0,0,36.5,14,552.1,0,0,"WET","7","2023",2023-09-18,0,"no food"
"Standard","C-2023-9-18-8",6805,2023-09-18,261,2023,2024,"WET",9,18,0.553472222222222,"Seg1",8,25.5798,-80.30491,3,"Vert","Fish","Gulf Toadfish","Opsanus beta",0,0,0,0,31.4,7.28,111.1,"polyhaline",23.52,8.11,NA,94,0,86.5,47.6,31.8,0.550289017341041,0.367630057803468,44.5,3.1,0,0,1.6,24,590.9,2,0,"WET","8","2023",2023-09-18,2,"food"
"Standard","C-2023-9-18-9",6805,2023-09-18,261,2023,2024,"WET",9,18,0.575,"Seg1",9,25.57409,-80.30346,3,"Vert","Fish","Gulf Toadfish","Opsanus beta",0,0,0,0,31.6,5.85,89.7,"polyhaline",21.45,7.86,NA,84,18,70.5,60.1,5.8,0.852482269503546,0.0822695035460993,0.1,60,0,0,21,23,290.9,0,3,"WET","9","2023",2023-09-18,3,"food"
"Standard","C-2023-9-19-12",6806,2023-09-19,262,2023,2024,"WET",9,19,0.470138888888889,"Seg1",12,25.56168,-80.30758,3,"Vert","Fish","Gulf Toadfish","Opsanus beta",0,0,0,0,29.2,3.91,57.1,"polyhaline",19.32,7.5,NA,104,6,28.5,23.5,1,0.824561403508772,0.0350877192982456,0,23.5,0,0,9,25.1,451.2,0,0,"WET","12","2023",2023-09-19,0,"no food"
"Standard","C-2023-9-19-13",6806,2023-09-19,262,2023,2024,"WET",9,19,0.490972222222222,"Seg1",13,25.55795,-80.30749,3,"Vert","Fish","Gulf Toadfish","Opsanus beta",0,0,0,0,29.8,4.37,65.7,"polyhaline",19.53,7.57,NA,108,16,93,15.8,69.7,0.16989247311828,0.749462365591398,8.1,7.7,0,0,10.7,22.6,304.6,0,0,"WET","13","2023",2023-09-19,0,"no food"
"Standard","C-2023-9-19-14",6806,2023-09-19,262,2023,2024,"WET",9,19,0.536111111111111,"Seg1",14,25.55172,-80.3101,3,"Vert","Fish","Gulf Toadfish","Opsanus beta",0,0,0,0,30.7,5.24,78.4,"polyhaline",20.3,7.65,NA,114,30,51.5,16.2,27.3,0.314563106796116,0.530097087378641,7.7,8.5,0,0,26.1,17.4,346.6,0,0,"WET","14","2023",2023-09-19,0,"no food"
"Standard","C-2023-9-19-16",6806,2023-09-19,262,2023,2024,"WET",9,19,0.558333333333333,"Seg1",16,25.5403,-80.3128,3,"Vert","Fish","Gulf Toadfish","Opsanus beta",0,0,0,0,31.2,4.72,71.2,"polyhaline",20.67,7.67,NA,120,10,78.5,34.5,32.9,0.439490445859873,0.419108280254777,26,8.5,0,0,21.5,27.7,397.9,0,0,"WET","16","2023",2023-09-19,0,"no food"
"Standard","C-2023-9-19-17",6806,2023-09-19,262,2023,2024,"WET",9,19,0.577777777777778,"Seg1",17,25.53748,-80.31332,3,"Vert","Fish","Gulf Toadfish","Opsanus beta",0,0,0,0,31.5,5.17,78,"polyhaline",20.61,7.7,NA,118,38,57.5,29.2,17,0.507826086956522,0.295652173913043,23.5,5.7,0,0,17.1,20.3,459.3,0,0,"WET","17","2023",2023-09-19,0,"no food"
"Standard","C-2023-9-19-4",6806,2023-09-19,262,2023,2024,"WET",9,19,0.411805555555556,"Seg1",4,25.61591,-80.30299,3,"Vert","Fish","Gulf Toadfish","Opsanus beta",0,0,0,0,31.1,3.86,59.7,"polyhaline",26.36,7.93,NA,110,14,74.5,49.1,17.1,0.659060402684564,0.229530201342282,4.1,45,0,0,12.2,31.5,301.8,0,2,"WET","4","2023",2023-09-19,2,"food"
"Standard","C-2024-3-11-27",6980,2024-03-11,71,2024,2024,"DRY",3,11,0.385416666666667,"Seg2",27,25.50372,-80.3325,3,"Vert","Fish","Gulf Toadfish","Opsanus beta",0,0,0,0,24.2,5.62,74,"mesohaline",17.3,8.14,NA,57,48,95,27,61.1,0.306469920544835,0.693530079455165,18,9,0,0,40,19.6,525.4,1,4,"DRY","27","2024",2024-03-11,5,"food"
"Standard","C-2024-3-11-28",6980,2024-03-11,71,2024,2024,"DRY",3,11,0.411111111111111,"Seg2",28,25.50514,-80.33654,3,"Vert","Fish","Gulf Toadfish","Opsanus beta",0,0,0,0,24.3,4.04,52.7,"mesohaline",17.16,8,NA,78,45,45,39.2,0.7,0.982456140350877,0.0175438596491228,37,2.2,0,0,22.8,26.6,833,1,1,"DRY","28","2024",2024-03-11,2,"food"
"Standard","C-2024-3-11-29",6980,2024-03-11,71,2024,2024,"DRY",3,11,0.427777777777778,"Seg2",29,25.50438,-80.33771,3,"Vert","Fish","Gulf Toadfish","Opsanus beta",0,0,0,0,23.9,4.96,64.6,"mesohaline",17.48,8.03,NA,84,36,67,50.1,8.5,0.854948805460751,0.145051194539249,49,1.1,0,0,32.6,29.4,517.7,2,0,"DRY","29","2024",2024-03-11,2,"food"
"Standard","C-2024-3-11-30",6980,2024-03-11,71,2024,2024,"DRY",3,11,0.449305555555556,"Seg2",30,25.49735,-80.33931,3,"Vert","Fish","Gulf Toadfish","Opsanus beta",1,2,0.666666666666667,1,24.5,6.4,85,"polyhaline",18.54,8.12,NA,90,20,65.5,53.3,1.2,0.977981651376147,0.0220183486238532,53.1,0.2,0,0,25.7,22.9,668.6,3,1,"DRY","30","2024",2024-03-11,4,"food"
"Standard","C-2024-3-11-31",6980,2024-03-11,71,2024,2024,"DRY",3,11,0.46875,"Seg2",31,25.49329,-80.33855,3,"Vert","Fish","Gulf Toadfish","Opsanus beta",0,0,0,0,25.3,5.79,78.4,"polyhaline",19.4,8.01,NA,94,40,36.5,23,7.6,0.751633986928105,0.248366013071895,2.5,20.5,0,0,33,16.9,594.4,1,1,"DRY","31","2024",2024-03-11,2,"food"
"Standard","C-2024-3-11-32",6980,2024-03-11,71,2024,2024,"DRY",3,11,0.489583333333333,"Seg2",32,25.49034,-80.34022,3,"Vert","Fish","Gulf Toadfish","Opsanus beta",0,0,0,0,25.2,5.32,71.7,"polyhaline",20.13,7.89,NA,110,2,25,18,2.5,0.878048780487805,0.121951219512195,0,18,0,0,15.5,16.2,715.6,0,0,"DRY","32","2024",2024-03-11,0,"no food"
"Standard","C-2024-3-11-33",6980,2024-03-11,71,2024,2024,"DRY",3,11,0.521527777777778,"Seg2",33,25.48686,-80.33989,3,"Vert","Fish","Gulf Toadfish","Opsanus beta",0,0,0,0,25.3,6.62,90.2,"polyhaline",20.59,8.08,NA,120,19,63.5,38,19.3,0.663176265270506,0.336823734729494,27,11,0,0,25.3,21.1,894.7,4,1,"DRY","33","2024",2024-03-11,5,"food"
"Standard","C-2024-3-11-34",6980,2024-03-11,71,2024,2024,"DRY",3,11,0.540972222222222,"Seg2",34,25.48526,-80.33965,3,"Vert","Fish","Gulf Toadfish","Opsanus beta",0,0,0,0,25.8,6.49,89.2,"polyhaline",21.2,8.09,NA,107,32,66.5,39.6,19.4,0.671186440677966,0.328813559322034,14.1,25.5,0,0,21.3,15.9,870.1,1,0,"DRY","34","2024",2024-03-11,1,"food"
"Standard","C-2024-3-11-35",6980,2024-03-11,71,2024,2024,"DRY",3,11,0.561111111111111,"Seg2",35,25.48019,-80.34025,3,"Vert","Fish","Gulf Toadfish","Opsanus beta",0,0,0,0,26.2,6.79,94.7,"polyhaline",21.81,8.08,NA,100,45,53.5,19.5,28.6,0.405405405405405,0.594594594594595,0,19.5,0,0,22,17.4,790.5,0,2,"DRY","35","2024",2024-03-11,2,"food"
"Standard","C-2024-3-11-36",6980,2024-03-11,71,2024,2024,"DRY",3,11,0.577777777777778,"Seg2",36,25.47951,-80.3402,3,"Vert","Fish","Gulf Toadfish","Opsanus beta",1,2,0.666666666666667,0,26.4,6.95,96.6,"polyhaline",21.78,8.08,NA,90,35,77,28.5,41.3,0.408309455587393,0.591690544412607,9,19.5,0,0,32.4,23,889.7,0,0,"DRY","36","2024",2024-03-11,0,"no food"
"Standard","C-2024-3-11-37",6980,2024-03-11,71,2024,2024,"DRY",3,11,0.593055555555556,"Seg2",37,25.47694,-80.34023,3,"Vert","Fish","Gulf Toadfish","Opsanus beta",0,0,0,0,25.9,6.08,83.9,"polyhaline",22.2,7.96,NA,83,26,74.5,24.7,45.8,0.350354609929078,0.649645390070922,2.2,22.5,0,0,26.3,17,907.2,0,2,"DRY","37","2024",2024-03-11,2,"food"
"Standard","C-2024-3-11-38",6980,2024-03-11,71,2024,2024,"DRY",3,11,0.63125,"Seg2",38,25.46929,-80.34012,3,"Vert","Fish","Gulf Toadfish","Opsanus beta",0,0,0,0,26.8,6.27,86.3,"polyhaline",18.32,8.02,NA,70,60,41,22.5,12,0.652173913043478,0.347826086956522,0,22.5,0,0,38.9,11.3,880.4,1,0,"DRY","38","2024",2024-03-11,1,"food"
"Standard","C-2024-3-11-39",6980,2024-03-11,71,2024,2024,"DRY",3,11,0.647916666666667,"Seg2",39,25.46571,-80.33755,3,"Vert","Fish","Gulf Toadfish","Opsanus beta",0,0,0,0,26.9,7.37,100.5,"mesohaline",16.72,8.03,NA,75,58,71,11.6,53,0.179566563467492,0.820433436532508,1.6,10,0,0,44.6,10.3,955.4,1,0,"DRY","39","2024",2024-03-11,1,"food"
"Standard","C-2024-3-12-1",6981,2024-03-12,72,2024,2024,"DRY",3,12,0.363888888888889,"Seg1",1,25.62914,-80.28866,3,"Vert","Fish","Gulf Toadfish","Opsanus beta",1,1,0.333333333333333,0,23.3,6.36,85.1,"polyhaline",23.74,8.04,NA,66,32,52.6,34,9.8,0.776255707762557,0.223744292237443,5.5,28.5,0,0,49,18,287.1,2,0,"DRY","1","2024",2024-03-12,2,"food"
"Standard","C-2024-3-12-2",6981,2024-03-12,72,2024,2024,"DRY",3,12,0.396527777777778,"Seg1",2,25.62386,-80.29919,3,"Vert","Fish","Gulf Toadfish","Opsanus beta",0,0,0,0,22.4,6.07,79.1,"polyhaline",21.83,8.06,NA,83,21,45,27.5,11.4,0.70694087403599,0.29305912596401,0,27.5,0,0,41.5,21.5,398,2,1,"DRY","2","2024",2024-03-12,3,"food"
"Standard","C-2024-3-12-3",6981,2024-03-12,72,2024,2024,"DRY",3,12,0.422916666666667,"Seg1",3,25.61746,-80.30148,3,"Vert","Fish","Gulf Toadfish","Opsanus beta",0,0,0,0,22.9,6.63,88.2,"polyhaline",21.66,8.1,NA,75,65,42.5,30.5,6.7,0.81989247311828,0.18010752688172,0,30.5,0,0,32,19,445.2,2,0,"DRY","3","2024",2024-03-12,2,"food"
"Standard","C-2024-3-12-4",6981,2024-03-12,72,2024,2024,"DRY",3,12,0.613888888888889,"Seg1",4,25.61592,-80.30298,3,"Vert","Fish","Gulf Toadfish","Opsanus beta",0,0,0,0,25.7,9.59,132,"polyhaline",22.46,8.28,NA,110,10,77,23.7,44.5,0.347507331378299,0.652492668621701,4.1,19.6,0,0,11,21.5,598.8,0,1,"DRY","4","2024",2024-03-12,1,"food"
"Standard","C-2024-3-12-5",6981,2024-03-12,72,2024,2024,"DRY",3,12,0.445138888888889,"Seg1",5,25.6136,-80.30605,3,"Vert","Fish","Gulf Toadfish","Opsanus beta",0,0,0,0,23.2,7.03,90.7,"mesohaline",17.83,8.03,NA,92,10,57,47,3.6,0.928853754940711,0.0711462450592885,0,47,0,0,19.5,21.5,818.7,0,0,"DRY","5","2024",2024-03-12,0,"no food"
"Standard","C-2024-3-12-6",6981,2024-03-12,72,2024,2024,"DRY",3,12,0.491666666666667,"Seg1",6,25.60921,-80.30735,3,"Vert","Fish","Gulf Toadfish","Opsanus beta",0,0,0,0,24,7.11,94.6,"polyhaline",19.37,8.11,NA,93,44,63.5,52,4,0.928571428571429,0.0714285714285714,0,52,0,0,32.5,20.5,723.8,0,0,"DRY","6","2024",2024-03-12,0,"no food"
"Standard","C-2024-3-12-7",6981,2024-03-12,72,2024,2024,"DRY",3,12,0.516666666666667,"Seg1",7,25.59438,-80.30782,3,"Vert","Fish","Gulf Toadfish","Opsanus beta",0,0,0,0,23.6,8.03,106.7,"polyhaline",21.89,8.23,NA,95,50,78.5,25.6,43.6,0.369942196531792,0.630057803468208,0,25.6,0,0,36.5,14,831.9,2,0,"DRY","7","2024",2024-03-12,2,"food"
"Standard","C-2024-3-12-8",6981,2024-03-12,72,2024,2024,"DRY",3,12,0.5625,"Seg1",8,25.57981,-80.30505,3,"Vert","Fish","Gulf Toadfish","Opsanus beta",0,0,0,0,24.3,8.61,115,"polyhaline",21.83,8.2,NA,65,3,80.5,18.7,50.7,0.269452449567723,0.730547550432277,14.6,4.1,0,0,2,12,973.6,0,0,"DRY","8","2024",2024-03-12,0,"no food"
"Standard","C-2024-3-12-9",6981,2024-03-12,72,2024,2024,"DRY",3,12,0.585416666666667,"Seg1",9,25.57409,-80.30343,3,"Vert","Fish","Gulf Toadfish","Opsanus beta",0,0,0,0,24.7,7.77,103.8,"polyhaline",20.91,8.26,NA,65,20,77,35.7,32.4,0.524229074889868,0.475770925110132,18,17.7,0,0,7,13.5,944.5,0,1,"DRY","9","2024",2024-03-12,1,"food"
"Standard","C-2024-3-13-10",6982,2024-03-13,73,2024,2024,"DRY",3,13,0.403472222222222,"Seg1",10,25.56947,-80.30251,3,"Vert","Fish","Gulf Toadfish","Opsanus beta",0,0,0,0,23,6.1,78.7,"polyhaline",19.25,8.09,NA,49,9,87.5,28,56.7,0.330578512396694,0.669421487603306,23.7,4.3,0,0,17.5,21,621.6,0,0,"DRY","10","2024",2024-03-13,0,"no food"
"Standard","C-2024-3-13-11",6982,2024-03-13,73,2024,2024,"DRY",3,13,0.425,"Seg1",11,25.56846,-80.30328,3,"Vert","Fish","Gulf Toadfish","Opsanus beta",0,0,0,0,23.3,6.6,85.9,"polyhaline",19.36,8.11,NA,58,30,96.5,44.6,46.6,0.489035087719298,0.510964912280702,39.1,5.5,0,0,20,23,733.3,0,0,"DRY","11","2024",2024-03-13,0,"no food"
"Standard","C-2024-3-13-12",6982,2024-03-13,73,2024,2024,"DRY",3,13,0.465972222222222,"Seg1",12,25.56164,-80.30753,3,"Vert","Fish","Gulf Toadfish","Opsanus beta",0,0,0,0,23.8,6.92,90.6,"polyhaline",18.32,8.21,NA,85,16,60,36.5,16.7,0.68609022556391,0.31390977443609,0,36.5,0,0,14.5,20,660.2,1,0,"DRY","12","2024",2024-03-13,1,"food"
"Standard","C-2024-3-13-13",6982,2024-03-13,73,2024,2024,"DRY",3,13,0.484027777777778,"Seg1",13,25.55797,-80.30753,3,"Vert","Fish","Gulf Toadfish","Opsanus beta",0,0,0,0,24,7.55,99.1,"mesohaline",17.85,8.25,NA,98,8,96.5,36.5,53,0.407821229050279,0.592178770949721,25,11.5,0,0,7,23.5,653.8,0,0,"DRY","13","2024",2024-03-13,0,"no food"
"Standard","C-2024-3-13-14",6982,2024-03-13,73,2024,2024,"DRY",3,13,0.51875,"Seg1",14,25.55162,-80.31007,3,"Vert","Fish","Gulf Toadfish","Opsanus beta",0,0,0,0,24.7,9.1,119.9,"mesohaline",17.18,8.36,NA,109,47,87.5,57,23.4,0.708955223880597,0.291044776119403,32,25,0,0,21,27,741.3,0,0,"DRY","14","2024",2024-03-13,0,"no food"
"Standard","C-2024-3-13-15",6982,2024-03-13,73,2024,2024,"DRY",3,13,0.543055555555556,"Seg1",15,25.54511,-80.31241,3,"Vert","Fish","Gulf Toadfish","Opsanus beta",0,0,0,0,24.9,9.47,124.1,"mesohaline",16,8.39,NA,102,1,93,29.3,61.5,0.322687224669604,0.677312775330396,26,3.3,0,0,26.5,29.5,840.5,0,0,"DRY","15","2024",2024-03-13,0,"no food"
"Standard","C-2024-3-13-16",6982,2024-03-13,73,2024,2024,"DRY",3,13,0.560416666666667,"Seg1",16,25.54046,-80.31276,3,"Vert","Fish","Gulf Toadfish","Opsanus beta",0,0,0,0,24.7,8.46,111.1,"mesohaline",15.87,8.22,NA,109,7,64.5,31,28.3,0.522765598650927,0.477234401349073,14,17,0,0,16,18,691.9,0,0,"DRY","16","2024",2024-03-13,0,"no food"
"Standard","C-2024-3-13-17",6982,2024-03-13,73,2024,2024,"DRY",3,13,0.581944444444444,"Seg1",17,25.5374,-80.31329,3,"Vert","Fish","Gulf Toadfish","Opsanus beta",0,0,0,0,24.8,8.47,112.4,"mesohaline",15.32,8.18,NA,104,1,93.5,81,12.5,0.866310160427808,0.133689839572193,78.5,2.5,0,0,8,25.5,751.7,0,0,"DRY","17","2024",2024-03-13,0,"no food"
"Standard","C-2024-3-7-40",6976,2024-03-07,67,2024,2024,"DRY",3,7,0.306944444444444,"Seg2",40,25.45863,-80.3372,3,"Vert","Fish","Gulf Toadfish","Opsanus beta",0,0,0,0,25.9,4.55,63,"polyhaline",20.49,7.97,NA,100,43,30.5,8.5,17.3,0.329457364341085,0.670542635658915,3.7,4.8,0,0,52,15.5,54.65,1,3,"DRY","40","2024",2024-03-07,4,"food"
"Standard","C-2024-3-7-41",6976,2024-03-07,67,2024,2024,"DRY",3,7,0.331944444444444,"Seg2",41,25.45529,-80.33608,3,"Vert","Fish","Gulf Toadfish","Opsanus beta",0,0,0,0,26.4,4.8,67.3,"polyhaline",21.91,8.05,NA,90,31,89,21,57.6,0.267175572519084,0.732824427480916,21,0,0,0,60.5,18.5,40.16,1,2,"DRY","41","2024",2024-03-07,3,"food"
"Standard","C-2024-3-7-42",6976,2024-03-07,67,2024,2024,"DRY",3,7,0.354166666666667,"Seg2",42,25.4505,-80.33055,3,"Vert","Fish","Gulf Toadfish","Opsanus beta",0,0,0,0,26.1,6.07,85.2,"polyhaline",22.8,8.11,NA,113,72,69,6.2,56.4,0.0990415335463259,0.900958466453674,6.2,0,0,0,66.5,15,121.26,0,0,"DRY","42","2024",2024-03-07,0,"no food"
"Standard","C-2024-3-7-43",6976,2024-03-07,67,2024,2024,"DRY",3,7,0.375694444444444,"Seg2",43,25.44468,-80.331,3,"Vert","Fish","Gulf Toadfish","Opsanus beta",1,2,0.666666666666667,0,25.9,4.13,58.1,"polyhaline",22.49,7.97,NA,80,75,83,44,31,0.586666666666667,0.413333333333333,44,0,0,0,55,16.5,107.85,1,1,"DRY","43","2024",2024-03-07,2,"food"
"Standard","C-2024-3-7-44",6976,2024-03-07,67,2024,2024,"DRY",3,7,0.396527777777778,"Seg2",44,25.44322,-80.33044,3,"Vert","Fish","Gulf Toadfish","Opsanus beta",1,2,0.666666666666667,0,25.9,5.58,78.5,"polyhaline",23.21,8.11,NA,63,27,64.5,23.3,28.7,0.448076923076923,0.551923076923077,14.2,9.1,0,0,30,16.5,220.6,6,0,"DRY","44","2024",2024-03-07,6,"food"
"Standard","C-2024-3-7-45",6976,2024-03-07,67,2024,2024,"DRY",3,7,0.420833333333333,"Seg2",45,25.43768,-80.32418,3,"Vert","Fish","Gulf Toadfish","Opsanus beta",0,0,0,0,26.1,5.61,77.9,"polyhaline",24.03,8.06,NA,70,40,70.5,13,48.8,0.210355987055016,0.789644012944984,13,0,0,0,27.5,15,397,0,0,"DRY","45","2024",2024-03-07,0,"no food"
"Standard","C-2024-3-7-46",6976,2024-03-07,67,2024,2024,"DRY",3,7,0.445833333333333,"Seg2",46,25.4375,-80.32182,3,"Vert","Fish","Gulf Toadfish","Opsanus beta",0,0,0,0,26.9,7.75,109.6,"polyhaline",24.03,8.2,NA,54,17,62,12.6,37.2,0.253012048192771,0.746987951807229,12,0.6,0,0,16.5,8,995,0,0,"DRY","46","2024",2024-03-07,0,"no food"
"Standard","C-2024-3-7-47",6976,2024-03-07,67,2024,2024,"DRY",3,7,0.46875,"Seg2",47,25.43701,-80.31935,3,"Vert","Fish","Gulf Toadfish","Opsanus beta",0,0,0,0,26.7,5.77,84.1,"polyhaline",26.18,8.1,NA,99,51,56.5,22.8,27.8,0.450592885375494,0.549407114624506,15.8,7,0,0,39,13,444.8,3,1,"DRY","47","2024",2024-03-07,4,"food"
"Standard","C-2024-3-8-18",6977,2024-03-08,68,2024,2024,"DRY",3,8,0.324305555555556,"Seg2",18,25.53176,-80.32877,3,"Vert","Fish","Gulf Toadfish","Opsanus beta",0,0,0,0,27,4.06,51.6,"mesohaline",8.47,7.66,NA,77,1,71.5,7.1,58.3,0.108562691131498,0.891437308868501,0,7.1,0,0,5.5,10,131.7,0,0,"DRY","18","2024",2024-03-08,0,"no food"
"Standard","C-2024-3-8-19",6977,2024-03-08,68,2024,2024,"DRY",3,8,0.352083333333333,"Seg2",19,25.52553,-80.33105,3,"Vert","Fish","Gulf Toadfish","Opsanus beta",0,0,0,0,27.5,5.4,73.6,"mesohaline",13.03,7.93,NA,94,5,55,15.5,28.3,0.353881278538813,0.646118721461187,0,15.5,0,0,22.5,8.5,300.3,0,0,"DRY","19","2024",2024-03-08,0,"no food"
"Standard","C-2024-3-8-20",6977,2024-03-08,68,2024,2024,"DRY",3,8,0.375694444444444,"Seg2",20,25.51835,-80.33094,3,"Vert","Fish","Gulf Toadfish","Opsanus beta",0,0,0,0,27.6,6.5,88.9,"mesohaline",14.96,8.06,NA,105,17,34,14,12.6,0.526315789473684,0.473684210526316,0,14,0,0,25.5,9.5,483.9,0,0,"DRY","20","2024",2024-03-08,0,"no food"
"Standard","C-2024-3-8-21",6977,2024-03-08,68,2024,2024,"DRY",3,8,0.396527777777778,"Seg2",21,25.51646,-80.33369,3,"Vert","Fish","Gulf Toadfish","Opsanus beta",0,0,0,0,27.4,6.27,85.7,"mesohaline",15.2,8.03,NA,92,10,43,21.5,18,0.544303797468354,0.455696202531646,0,21,0,0.5,26.5,14.5,691.7,0,0,"DRY","21","2024",2024-03-08,0,"no food"
"Standard","C-2024-3-8-22",6977,2024-03-08,68,2024,2024,"DRY",3,8,0.416666666666667,"Seg2",22,25.51554,-80.33402,3,"Vert","Fish","Gulf Toadfish","Opsanus beta",0,0,0,0,28.2,7.93,110.8,"mesohaline",16.07,8.12,NA,93,6,48.5,22.7,20.2,0.529137529137529,0.470862470862471,2.2,20.5,0,0,27,17.5,760.6,0,0,"DRY","22","2024",2024-03-08,0,"no food"
"Standard","C-2024-3-8-23",6977,2024-03-08,68,2024,2024,"DRY",3,8,0.436111111111111,"Seg2",23,25.51446,-80.3347,3,"Vert","Fish","Gulf Toadfish","Opsanus beta",0,0,0,0,27.2,7.26,96.1,"mesohaline",10.83,7.87,NA,83,16,57.5,34.1,19,0.642184557438795,0.357815442561205,4.6,29.5,0,0,24,17,1195.7,1,0,"DRY","23","2024",2024-03-08,1,"food"
"Standard","C-2024-3-8-24",6977,2024-03-08,68,2024,2024,"DRY",3,8,0.454166666666667,"Seg2",24,25.512,-80.3352,3,"Vert","Fish","Gulf Toadfish","Opsanus beta",0,0,0,0,27.2,7.72,104.2,"mesohaline",11.42,7.87,NA,76,23,67.5,27,28.9,0.483005366726297,0.516994633273703,3.5,23.5,0,0,39.5,19,187.5,1,0,"DRY","24","2024",2024-03-08,1,"food"
"Standard","C-2024-3-8-25",6977,2024-03-08,68,2024,2024,"DRY",3,8,0.484722222222222,"Seg2",25,25.50947,-80.33553,3,"Vert","Fish","Gulf Toadfish","Opsanus beta",0,0,0,0,27.6,6.7,90.9,"mesohaline",11.66,7.88,NA,63,34,65,21.2,35.6,0.373239436619718,0.626760563380282,0.1,21.1,0,0,43.5,12.5,1065.9,0,0,"DRY","25","2024",2024-03-08,0,"no food"
"Standard","C-2024-3-8-26",6977,2024-03-08,68,2024,2024,"DRY",3,8,0.511111111111111,"Seg2",26,25.5058,-80.33357,3,"Vert","Fish","Gulf Toadfish","Opsanus beta",0,0,0,0,28.8,8.72,122.1,"mesohaline",15.79,8.15,NA,67,58,76,46.5,20,0.699248120300752,0.300751879699248,39.5,7,0,0,17,24.5,343.4,1,0,"DRY","26","2024",2024-03-08,1,"food"
"Standard","C-2024-9-3-37",7156,2024-09-03,247,2024,2025,"WET",9,3,0.5,"Seg2",37,25.47699,-80.34029,3,"Vert","Fish","Gulf Toadfish","Opsanus beta",0,0,0,0,29.8,7.27,104.8,"mesohaline",16.9,7.8,NA,94,41,61.5,44,13,0.715447154471545,0.211382113821138,6,38,0,0,45.5,22,728.7,0,0,"WET","37","2024",2024-09-03,0,"no food"
"Standard","C-2024-9-3-38",7156,2024-09-03,247,2024,2025,"WET",9,3,0.543055555555556,"Seg2",38,25.46918,-80.34012,3,"Vert","Fish","Gulf Toadfish","Opsanus beta",0,0,0,0,30.6,6.43,93.5,"mesohaline",15.4,7.75,NA,94,46,37.5,31,1.3,0.826666666666667,0.0346666666666667,0,31,0,0,49.5,12.5,693.9,0,2,"WET","38","2024",2024-09-03,2,"food"
"Standard","C-2024-9-3-39",7156,2024-09-03,247,2024,2025,"WET",9,3,0.563194444444444,"Seg2",39,25.46574,-80.33755,3,"Vert","Fish","Gulf Toadfish","Opsanus beta",0,0,0,0,30.5,6.3,92.3,"mesohaline",16.22,7.7,NA,94,41,19,14.5,0.7,0.763157894736842,0.0368421052631579,0,14.5,0,0,71,13.5,499.9,0,0,"WET","39","2024",2024-09-03,0,"no food"
"Standard","C-2024-9-3-40",7156,2024-09-03,247,2024,2025,"WET",9,3,0.316666666666667,"Seg2",40,25.45874,-80.33709,3,"Vert","Fish","Gulf Toadfish","Opsanus beta",1,1,0.333333333333333,0,30.1,3.45,56.3,"polyhaline",23.79,7.45,NA,84,31,79.5,36.5,32.3,0.459119496855346,0.406289308176101,28,8.5,0,0,46,18.5,60,0,0,"WET","40","2024",2024-09-03,0,"no food"
"Standard","C-2024-9-3-41",7156,2024-09-03,247,2024,2025,"WET",9,3,0.346527777777778,"Seg2",41,25.45548,-80.33618,3,"Vert","Fish","Gulf Toadfish","Opsanus beta",0,0,0,0,30,3,47.2,"polyhaline",24.94,7.51,NA,72,80,94.5,11,79.9,0.116402116402116,0.845502645502646,7.8,3.2,0,0,90,12.5,75,0,1,"WET","41","2024",2024-09-03,1,"food"
"Standard","C-2024-9-3-42",7156,2024-09-03,247,2024,2025,"WET",9,3,0.372222222222222,"Seg2",42,25.45049,-80.33056,3,"Vert","Fish","Gulf Toadfish","Opsanus beta",0,0,0,0,29.5,4.57,69.4,"polyhaline",26.81,7.63,NA,90,22,51.5,1.1,44.6,0.0213592233009709,0.866019417475728,1.1,0,0,0,77.5,8.5,112.9,0,0,"WET","42","2024",2024-09-03,0,"no food"
"Standard","C-2024-9-3-43",7156,2024-09-03,247,2024,2025,"WET",9,3,0.399305555555556,"Seg2",43,25.44473,-80.33103,3,"Vert","Fish","Gulf Toadfish","Opsanus beta",0,0,0,0,29.6,3.86,61.1,"polyhaline",25.95,7.51,NA,77,71,66,22,39.6,0.333333333333333,0.6,22,0,0,0,82.5,21,346.7,0,0,"WET","43","2024",2024-09-03,0,"no food"
"Standard","C-2024-9-3-44",7156,2024-09-03,247,2024,2025,"WET",9,3,0.41875,"Seg2",44,25.44313,-80.33045,3,"Vert","Fish","Gulf Toadfish","Opsanus beta",0,0,0,0,29.8,5.17,79.6,"polyhaline",28.46,7.74,NA,78,30,56,38.5,10.1,0.6875,0.180357142857143,27,11.5,0,0,36,25,420.6,0,1,"WET","44","2024",2024-09-03,1,"food"
"Standard","C-2024-9-3-45",7156,2024-09-03,247,2024,2025,"WET",9,3,0.442361111111111,"Seg2",45,25.43772,-80.32405,3,"Vert","Fish","Gulf Toadfish","Opsanus beta",0,0,0,0,30.4,5.14,80.4,"polyhaline",29.33,7.75,NA,103,2,38.5,16.7,15.5,0.433766233766234,0.402597402597403,12.6,4.1,0,0,7.6,12,450.8,0,0,"WET","45","2024",2024-09-03,0,"no food"
"Standard","C-2024-9-3-46",7156,2024-09-03,247,2024,2025,"WET",9,3,0.463194444444444,"Seg2",46,25.43751,-80.32162,3,"Vert","Fish","Gulf Toadfish","Opsanus beta",0,0,0,0,31,5.46,85.4,"polyhaline",29.61,7.79,NA,95,9,70,33.5,26.2,0.478571428571429,0.374285714285714,23.5,10,0,0,17.5,24.5,865,0,0,"WET","46","2024",2024-09-03,0,"no food"
"Standard","C-2024-9-3-47",7156,2024-09-03,247,2024,2025,"WET",9,3,0.588888888888889,"Seg2",47,25.43704,-80.31944,3,"Vert","Fish","Gulf Toadfish","Opsanus beta",0,0,0,0,30.9,6.04,94.1,"polyhaline",28.39,7.76,NA,97,16,52.5,28.5,17.8,0.542857142857143,0.339047619047619,20,8.5,0,0,66,22,255.1,0,0,"WET","47","2024",2024-09-03,0,"no food"
"Standard","C-2024-9-4-18",7157,2024-09-04,248,2024,2025,"WET",9,4,0.363888888888889,"Seg2",18,25.53194,-80.32877,3,"Vert","Fish","Gulf Toadfish","Opsanus beta",0,0,0,0,28,3.77,48.7,"oligohaline",1.29,7.43,NA,64,1,31.5,16,11.1,0.507936507936508,0.352380952380952,0,16,0,0,7.5,16,306.7,0,0,"WET","18","2024",2024-09-04,0,"no food"
"Standard","C-2024-9-4-19",7157,2024-09-04,248,2024,2025,"WET",9,4,0.39375,"Seg2",19,25.52554,-80.33109,3,"Vert","Fish","Gulf Toadfish","Opsanus beta",0,0,0,0,29.1,5.03,67.6,"oligohaline",1.61,7.66,NA,83,8,33.5,26.5,3.4,0.791044776119403,0.101492537313433,0,26.5,0,0,13,17,150.14,0,4,"WET","19","2024",2024-09-04,4,"food"
"Standard","C-2024-9-4-20",7157,2024-09-04,248,2024,2025,"WET",9,4,0.416666666666667,"Seg2",20,25.51845,-80.33096,3,"Vert","Fish","Gulf Toadfish","Opsanus beta",0,0,0,0,28.8,6.21,81.6,"oligohaline",1.45,7.58,NA,105,13,40.5,34.5,2.4,0.851851851851852,0.0592592592592593,0,34.5,0,0,24,19.5,444.7,0,0,"WET","20","2024",2024-09-04,0,"no food"
"Standard","C-2024-9-4-21",7157,2024-09-04,248,2024,2025,"WET",9,4,0.436111111111111,"Seg2",21,25.51652,-80.33363,3,"Vert","Fish","Gulf Toadfish","Opsanus beta",0,0,0,0,28.9,6.22,81.4,"oligohaline",2.06,7.6,NA,96,34,45,30.5,10.2,0.677777777777778,0.226666666666667,0,30.5,0,0,28.5,14,602.6,0,3,"WET","21","2024",2024-09-04,3,"food"
"Standard","C-2024-9-4-22",7157,2024-09-04,248,2024,2025,"WET",9,4,0.453472222222222,"Seg2",22,25.51555,-80.33408,3,"Vert","Fish","Gulf Toadfish","Opsanus beta",0,0,0,0,29.2,6.13,80.7,"oligohaline",2.25,7.66,NA,97,9,31,22.5,5.6,0.725806451612903,0.180645161290323,2,20.5,0,0,22,12.5,602.1,0,4,"WET","22","2024",2024-09-04,4,"food"
"Standard","C-2024-9-4-23",7157,2024-09-04,248,2024,2025,"WET",9,4,0.472222222222222,"Seg2",23,25.51439,-80.33476,3,"Vert","Fish","Gulf Toadfish","Opsanus beta",0,0,0,0,29.4,6.3,83.4,"oligohaline",2.49,7.64,NA,104,18,26,17.7,5.1,0.680769230769231,0.196153846153846,2.1,15.6,0,0,22,11,576,0,3,"WET","23","2024",2024-09-04,3,"food"
"Standard","C-2024-9-4-24",7157,2024-09-04,248,2024,2025,"WET",9,4,0.490972222222222,"Seg2",24,25.51194,-80.33524,3,"Vert","Fish","Gulf Toadfish","Opsanus beta",0,0,0,0,29.7,6.09,81.1,"oligohaline",2.95,7.68,NA,101,11,37,18.5,9.4,0.5,0.254054054054054,0,18.5,0,0,33.5,12.5,675,0,3,"WET","24","2024",2024-09-04,3,"food"
"Standard","C-2024-9-4-25",7157,2024-09-04,248,2024,2025,"WET",9,4,0.516666666666667,"Seg2",25,25.50955,-80.3357,3,"Vert","Fish","Gulf Toadfish","Opsanus beta",0,0,0,0,30.2,6.42,87.7,"oligohaline",3.97,7.81,NA,105,30,22,12,5.9,0.545454545454545,0.268181818181818,0,12,0,0,26.5,12.5,394.9,0,2,"WET","25","2024",2024-09-04,2,"food"
"Standard","C-2024-9-4-26",7157,2024-09-04,248,2024,2025,"WET",9,4,0.54375,"Seg2",26,25.50569,-80.33361,3,"Vert","Fish","Gulf Toadfish","Opsanus beta",0,0,0,0,30.7,6.74,92,"oligohaline",4.83,7.91,NA,106,18,27.5,22.4,1.4,0.814545454545454,0.0509090909090909,9.2,13.2,0,0,28.5,16.5,620.5,0,5,"WET","26","2024",2024-09-04,5,"food"
"Standard","C-2024-9-4-27",7157,2024-09-04,248,2024,2025,"WET",9,4,0.564583333333333,"Seg2",27,25.50417,-80.33253,3,"Vert","Fish","Gulf Toadfish","Opsanus beta",1,1,0.333333333333333,0,31.3,6.02,84.1,"mesohaline",6.42,7.95,NA,93,29,39.5,33.2,0.4,0.840506329113924,0.010126582278481,24.5,8.7,0,0,43.5,19,689.8,0,0,"WET","27","2024",2024-09-04,0,"no food"
"Standard","C-2024-9-4-28",7157,2024-09-04,248,2024,2025,"WET",9,4,0.586111111111111,"Seg2",28,25.50496,-80.33673,3,"Vert","Fish","Gulf Toadfish","Opsanus beta",0,0,0,0,31.3,6.43,91.1,"mesohaline",7.66,8.05,NA,109,14,20,14.9,0.4,0.745,0.02,10.8,4.1,0,0,27.5,16.5,583.9,0,1,"WET","28","2024",2024-09-04,1,"food"
"Standard","C-2024-9-4-29",7157,2024-09-04,248,2024,2025,"WET",9,4,0.604166666666667,"Seg2",29,25.50444,-80.33775,3,"Vert","Fish","Gulf Toadfish","Opsanus beta",0,0,0,0,31.2,5.74,80.4,"mesohaline",7.68,7.89,NA,98,9,30,24.2,0.7,0.806666666666667,0.0233333333333333,21.1,3.1,0,0,28,23,320.8,0,0,"WET","29","2024",2024-09-04,0,"no food"
"Standard","C-2024-9-5-14",7158,2024-09-05,249,2024,2025,"WET",9,5,0.395138888888889,"Seg1",14,25.55169,-80.31004,3,"Vert","Fish","Gulf Toadfish","Opsanus beta",0,0,0,0,29.1,4.1,56.3,"mesohaline",9.01,7.58,NA,88,10,64.5,34.1,25.2,0.528682170542636,0.390697674418605,13.1,21,0,0,15,26,245.8,1,0,"WET","14","2024",2024-09-05,1,"food"
"Standard","C-2024-9-5-15",7158,2024-09-05,249,2024,2025,"WET",9,5,0.417361111111111,"Seg1",15,25.54515,-80.31235,3,"Vert","Fish","Gulf Toadfish","Opsanus beta",1,4,1.33333333333333,0,29.2,5.55,75.3,"mesohaline",7.05,7.61,NA,110,27,69.5,27,37.2,0.388489208633094,0.535251798561151,27,0,0,0,14,36.5,251.1,0,0,"WET","15","2024",2024-09-05,0,"no food"
"Standard","C-2024-9-5-16",7158,2024-09-05,249,2024,2025,"WET",9,5,0.438194444444444,"Seg1",16,25.54038,-80.31279,3,"Vert","Fish","Gulf Toadfish","Opsanus beta",0,0,0,0,29.3,6.26,84.9,"mesohaline",6.04,7.71,NA,104,2,56.5,18.5,21.7,0.327433628318584,0.384070796460177,9,9.5,0,0,3.1,11.5,334.8,0,0,"WET","16","2024",2024-09-05,0,"no food"
"Standard","C-2024-9-5-17",7158,2024-09-05,249,2024,2025,"WET",9,5,0.455555555555556,"Seg1",17,25.53737,-80.31329,3,"Vert","Fish","Gulf Toadfish","Opsanus beta",0,0,0,0,29.6,6.19,85,"mesohaline",7.8,7.75,NA,107,1,81,40,33,0.493827160493827,0.407407407407407,33.5,6.5,0,0,9.7,20,504.2,0,0,"WET","17","2024",2024-09-05,0,"no food"
"Standard","C-2024-9-5-30",7158,2024-09-05,249,2024,2025,"WET",9,5,0.486111111111111,"Seg2",30,25.49728,-80.33932,3,"Vert","Fish","Gulf Toadfish","Opsanus beta",0,0,0,0,30.2,7.12,99.4,"mesohaline",9.78,8.01,NA,97,8,46.5,31.7,10.1,0.681720430107527,0.217204301075269,25.6,6.1,0,0,27,20.5,413,0,1,"WET","30","2024",2024-09-05,1,"food"
"Standard","C-2024-9-5-31",7158,2024-09-05,249,2024,2025,"WET",9,5,0.505555555555556,"Seg2",31,25.49323,-80.33875,3,"Vert","Fish","Gulf Toadfish","Opsanus beta",0,0,0,0,30.4,7.13,99.9,"mesohaline",9.39,7.98,NA,111,32,62.5,8.7,40.8,0.1392,0.6528,0,8.7,0,0,21.5,21.5,579.5,0,0,"WET","31","2024",2024-09-05,0,"no food"
"Standard","C-2024-9-5-32",7158,2024-09-05,249,2024,2025,"WET",9,5,0.532638888888889,"Seg2",32,25.49033,-80.34026,3,"Vert","Fish","Gulf Toadfish","Opsanus beta",0,0,0,0,30.6,7.39,102.4,"mesohaline",7.6,7.9,NA,120,20,34.5,19.6,9.7,0.568115942028986,0.281159420289855,0.1,19.5,0,0,11.5,22.5,437.1,0,2,"WET","32","2024",2024-09-05,2,"food"
"Standard","C-2024-9-5-33",7158,2024-09-05,249,2024,2025,"WET",9,5,0.561805555555556,"Seg2",33,25.48688,-80.34,3,"Vert","Fish","Gulf Toadfish","Opsanus beta",0,0,0,0,31.1,9.56,135.1,"mesohaline",10.39,8.2,NA,115,12,25,16,3.2,0.64,0.128,1,15,0,0,13.1,17,648.8,0,0,"WET","33","2024",2024-09-05,0,"no food"
"Standard","C-2024-9-5-34",7158,2024-09-05,249,2024,2025,"WET",9,5,0.578472222222222,"Seg2",34,25.48524,-80.33971,3,"Vert","Fish","Gulf Toadfish","Opsanus beta",0,0,0,0,31.4,9.85,140.3,"mesohaline",12.3,8.35,NA,108,12,34,23.2,4.4,0.682352941176471,0.129411764705882,6.6,16.6,0,0,13.5,15.5,595.9,0,0,"WET","34","2024",2024-09-05,0,"no food"
"Standard","C-2024-9-5-35",7158,2024-09-05,249,2024,2025,"WET",9,5,0.597916666666667,"Seg2",35,25.48034,-80.34022,3,"Vert","Fish","Gulf Toadfish","Opsanus beta",0,0,0,0,31.4,9.76,138.1,"mesohaline",11.29,8.39,NA,93,32,20,13.4,3,0.67,0.15,0.3,13.1,0,0,16.5,11.5,456.2,0,1,"WET","35","2024",2024-09-05,1,"food"
"Standard","C-2024-9-5-36",7158,2024-09-05,249,2024,2025,"WET",9,5,0.617361111111111,"Seg2",36,25.47972,-80.34032,3,"Vert","Fish","Gulf Toadfish","Opsanus beta",0,0,0,0,31.6,10.6,150.8,"mesohaline",10.9,8.45,NA,83,21,42.5,35.8,2.2,0.842352941176471,0.0517647058823529,0.2,35.6,0,0,14.5,13.5,409.5,0,4,"WET","36","2024",2024-09-05,4,"food"
"Standard","C-2024-9-6-1",7159,2024-09-06,250,2024,2025,"WET",9,6,0.377083333333333,"Seg1",1,25.6292,-80.28881,3,"Vert","Fish","Gulf Toadfish","Opsanus beta",1,1,0.333333333333333,0,29.9,5.95,86.9,"mesohaline",17.64,8.01,NA,83,15,92,57.2,24.3,0.621739130434783,0.264130434782609,11.7,45.5,0,0,54.5,34.5,370.2,0,0,"WET","1","2024",2024-09-06,0,"no food"
"Standard","C-2024-9-6-10",7159,2024-09-06,250,2024,2025,"WET",9,6,0.597222222222222,"Seg1",10,25.56965,-80.30253,3,"Vert","Fish","Gulf Toadfish","Opsanus beta",0,0,0,0,31.1,6.61,95.9,"mesohaline",12.89,8,NA,100,3,100,76.1,16,0.761,0.16,74.5,1.6,0,0,28.5,31,650,0,0,"WET","10","2024",2024-09-06,0,"no food"
"Standard","C-2024-9-6-11",7159,2024-09-06,250,2024,2025,"WET",9,6,0.613888888888889,"Seg1",11,25.56839,-80.30331,3,"Vert","Fish","Gulf Toadfish","Opsanus beta",0,0,0,0,31.3,6,85.8,"mesohaline",10.52,7.92,NA,86,24,100,78,12,0.78,0.12,60.5,17.5,0,0,45.5,33.5,633.5,0,0,"WET","11","2024",2024-09-06,0,"no food"
"Standard","C-2024-9-6-2",7159,2024-09-06,250,2024,2025,"WET",9,6,0.404861111111111,"Seg1",2,25.62374,-80.29913,3,"Vert","Fish","Gulf Toadfish","Opsanus beta",0,0,0,0,29.5,5.9,82.2,"mesohaline",10.79,7.86,NA,104,10,87.5,67.2,8.3,0.768,0.0948571428571428,0.2,67,0,0,35,34,218.5,0,1,"WET","2","2024",2024-09-06,1,"food"
"Standard","C-2024-9-6-3",7159,2024-09-06,250,2024,2025,"WET",9,6,0.426388888888889,"Seg1",3,25.61747,-80.30158,3,"Vert","Fish","Gulf Toadfish","Opsanus beta",0,0,0,0,30,6.89,97,"mesohaline",12.49,8.02,NA,96,54,92,26,59.5,0.282608695652174,0.646739130434783,0,26,0,0,34.5,31,508.4,0,0,"WET","3","2024",2024-09-06,0,"no food"
"Standard","C-2024-9-6-5",7159,2024-09-06,250,2024,2025,"WET",9,6,0.447222222222222,"Seg1",5,25.61352,-80.30607,3,"Vert","Fish","Gulf Toadfish","Opsanus beta",0,0,0,0,30.4,4.84,71.2,"mesohaline",11.14,7.78,NA,97,10,61.5,48.7,3.2,0.791869918699187,0.0520325203252033,2.7,46,0,0,21,23,180.9,0,0,"WET","5","2024",2024-09-06,0,"no food"
"Standard","C-2024-9-6-6",7159,2024-09-06,250,2024,2025,"WET",9,6,0.485416666666667,"Seg1",6,25.60928,-80.30735,3,"Vert","Fish","Gulf Toadfish","Opsanus beta",0,0,0,0,30.8,6.47,91.3,"mesohaline",10.76,7.95,NA,93,28,55,29,10.1,0.527272727272727,0.183636363636364,0,29,0,0,35.5,23,393.4,0,0,"WET","6","2024",2024-09-06,0,"no food"
"Standard","C-2024-9-6-7",7159,2024-09-06,250,2024,2025,"WET",9,6,0.5125,"Seg1",7,25.59441,-80.30781,3,"Vert","Fish","Gulf Toadfish","Opsanus beta",0,0,0,0,30.7,6.96,100.9,"mesohaline",15.3,8.01,NA,103,40,59.5,24.1,20,0.405042016806723,0.336134453781513,0.1,24,0,0,26,30,438.3,0,0,"WET","7","2024",2024-09-06,0,"no food"
"Standard","C-2024-9-6-8",7159,2024-09-06,250,2024,2025,"WET",9,6,0.555555555555556,"Seg1",8,25.57971,-80.30504,3,"Vert","Fish","Gulf Toadfish","Opsanus beta",0,0,0,0,31.2,6.52,95,"mesohaline",13.39,8.02,NA,82,0,89.5,20.6,60.1,0.230167597765363,0.671508379888268,9,11.6,0,0,5.5,16.5,727.9,0,1,"WET","8","2024",2024-09-06,1,"food"
"Standard","C-2024-9-6-9",7159,2024-09-06,250,2024,2025,"WET",9,6,0.575694444444444,"Seg1",9,25.57396,-80.30341,3,"Vert","Fish","Gulf Toadfish","Opsanus beta",0,0,0,0,31.5,7.11,102.8,"mesohaline",11.75,8.07,NA,95,2,85,58.5,12,0.688235294117647,0.141176470588235,20,38.5,0,0,21,25.5,763.3,0,0,"WET","9","2024",2024-09-06,0,"no food"
"Standard","C-2024-9-9-12",7162,2024-09-09,253,2024,2025,"WET",9,9,0.514583333333333,"Seg1",12,25.56167,-80.30753,3,"Vert","Fish","Gulf Toadfish","Opsanus beta",0,0,0,0,31,5.77,83.3,"mesohaline",12.49,7.68,NA,100,11,15.5,8.5,2.5,0.548387096774194,0.161290322580645,0,8.5,0,0,9.5,22.5,334.7,0,2,"WET","12","2024",2024-09-09,2,"food"
"Standard","C-2024-9-9-13",7162,2024-09-09,253,2024,2025,"WET",9,9,0.531944444444444,"Seg1",13,25.55795,-80.30754,3,"Vert","Fish","Gulf Toadfish","Opsanus beta",0,0,0,0,31.8,6.52,95.8,"mesohaline",12.79,7.83,NA,90,8,85.5,46.5,29.8,0.543859649122807,0.348538011695906,33,13.5,0,0,24,29,524,0,0,"WET","13","2024",2024-09-09,0,"no food"
"Standard","C-2024-9-9-4",7162,2024-09-09,253,2024,2025,"WET",9,9,0.453472222222222,"Seg1",4,25.61592,-80.30298,3,"Vert","Fish","Gulf Toadfish","Opsanus beta",0,0,0,0,31.9,5.18,78.5,"polyhaline",19.44,7.8,NA,124,9,52.5,37.6,7.9,0.716190476190476,0.15047619047619,15.1,22.5,0,0,26.5,34,533.1,1,2,"WET","4","2024",2024-09-09,3,"food"
"Standard","C-2025-3-12-38",7346,2025-03-12,71,2025,2025,"DRY",3,12,0.343055555555556,"Seg2",38,25.46923,-80.34003,3,"Vert","Fish","Gulf Toadfish","Opsanus beta",0,0,0,0,21.6,5.03,69.5,"euhaline",33.53,8.08,NA,79,16,35,24.6,6.5,0.702857142857143,0.185714285714286,0,24.6,0,0,36.5,NA,89.4,0,0,"DRY","38","2025",2025-03-12,0,"no food"
"Standard","C-2025-3-12-39",7346,2025-03-12,71,2025,2025,"DRY",3,12,0.375,"Seg2",39,25.46574,-80.33736,3,"Vert","Fish","Gulf Toadfish","Opsanus beta",0,0,0,0,21.7,5.5,76,"euhaline",34.3,8.24,NA,101,17,90,45,36,0.5,0.4,1.5,43.5,0,0,43,NA,891.4,0,0,"DRY","39","2025",2025-03-12,0,"no food"
"Standard","C-2025-3-12-40",7346,2025-03-12,71,2025,2025,"DRY",3,12,0.407638888888889,"Seg2",40,25.45871,-80.33711,3,"Vert","Fish","Gulf Toadfish","Opsanus beta",0,0,0,0,21.9,4.85,68.5,"euhaline",36.07,8.17,NA,110,17,82,43.5,31.7,0.530487804878049,0.386585365853659,34.5,9,0,0,43,NA,651.7,1,0,"DRY","40","2025",2025-03-12,1,"food"
"Standard","C-2025-3-12-41",7346,2025-03-12,71,2025,2025,"DRY",3,12,0.427777777777778,"Seg2",41,25.45532,-80.336,3,"Vert","Fish","Gulf Toadfish","Opsanus beta",0,0,0,0,21.9,5.47,76.3,"euhaline",36.16,8.24,NA,94,33,91,14.7,72.1,0.161538461538462,0.792307692307692,8.7,6,0,0,66,NA,1070.1,1,0,"DRY","41","2025",2025-03-12,1,"food"
"Standard","C-2025-3-12-42",7346,2025-03-12,71,2025,2025,"DRY",3,12,0.450694444444444,"Seg2",42,25.45055,-80.3306,3,"Vert","Fish","Gulf Toadfish","Opsanus beta",0,0,0,0,22.1,5.91,83.3,"euhaline",36.48,8.26,NA,111,32,9.5,0,5.9,0,0.621052631578947,0,0,0,0,36.5,NA,1071.9,0,0,"DRY","42","2025",2025-03-12,0,"no food"
"Standard","C-2025-3-12-43",7346,2025-03-12,71,2025,2025,"DRY",3,12,0.470833333333333,"Seg2",43,25.4446,-80.33097,3,"Vert","Fish","Gulf Toadfish","Opsanus beta",0,0,0,0,21.8,5.47,77.5,"euhaline",36.49,8.21,NA,80,2,92.5,51,34.7,0.551351351351351,0.375135135135135,51,0,0,0,22.5,NA,728,0,0,"DRY","43","2025",2025-03-12,0,"no food"
"Standard","C-2025-3-12-44",7346,2025-03-12,71,2025,2025,"DRY",3,12,0.498611111111111,"Seg2",44,25.44311,-80.33046,3,"Vert","Fish","Gulf Toadfish","Opsanus beta",0,0,0,0,22.2,6.06,87,"euhaline",36.67,8.26,NA,64,87,57,42.5,6.3,0.745614035087719,0.110526315789474,18,24.5,0,0,46,NA,1541.6,3,0,"DRY","44","2025",2025-03-12,3,"food"
"Standard","C-2025-3-12-45",7346,2025-03-12,71,2025,2025,"DRY",3,12,0.519444444444444,"Seg2",45,25.43775,-80.32418,3,"Vert","Fish","Gulf Toadfish","Opsanus beta",0,0,0,0,21.9,5.94,84.1,"euhaline",35.96,8.24,NA,85,9,57,6.6,42.8,0.115789473684211,0.750877192982456,6.6,0,0,0,17.5,NA,1402.6,0,0,"DRY","45","2025",2025-03-12,0,"no food"
"Standard","C-2025-3-12-46",7346,2025-03-12,71,2025,2025,"DRY",3,12,0.5375,"Seg2",46,25.43754,-80.32162,3,"Vert","Fish","Gulf Toadfish","Opsanus beta",0,0,0,0,22,6.54,92.6,"euhaline",36.16,8.26,NA,62,14,45,33,6.8,0.733333333333333,0.151111111111111,24,9,0,0,8,NA,2049,0,0,"DRY","46","2025",2025-03-12,0,"no food"
"Standard","C-2025-3-12-47",7346,2025-03-12,71,2025,2025,"DRY",3,12,0.558333333333333,"Seg2",47,25.43717,-80.31918,3,"Vert","Fish","Gulf Toadfish","Opsanus beta",0,0,0,0,23,6.34,91.6,"euhaline",37.54,8.27,NA,105,10,53,18.3,26.1222222222222,0.345283018867925,0.492872117400419,10.6,7.7,0,0,44.5,NA,1674.7,0,1,"DRY","47","2025",2025-03-12,1,"food"
"Standard","C-2025-3-13-18",7347,2025-03-13,72,2025,2025,"DRY",3,13,0.347222222222222,"Seg2",18,25.53206,-80.32867,3,"Vert","Fish","Gulf Toadfish","Opsanus beta",0,0,0,0,22.8,3.65,49.6,"polyhaline",27.9,8.07,NA,65,2,45,15,23.9,0.333333333333333,0.531111111111111,0,15,0,0,1.8,NA,261.2,0,0,"DRY","18","2025",2025-03-13,0,"no food"
"Standard","C-2025-3-13-19",7347,2025-03-13,72,2025,2025,"DRY",3,13,0.370833333333333,"Seg2",19,25.52559,-80.33111,3,"Vert","Fish","Gulf Toadfish","Opsanus beta",0,0,0,0,22.4,6.31,85.2,"polyhaline",26.74,8.26,NA,72,13,38,14,19.1,0.368421052631579,0.502631578947368,0,14,0,0,6.9,NA,193.54,0,0,"DRY","19","2025",2025-03-13,0,"no food"
"Standard","C-2025-3-13-20",7347,2025-03-13,72,2025,2025,"DRY",3,13,0.396527777777778,"Seg2",20,25.51841,-80.33094,3,"Vert","Fish","Gulf Toadfish","Opsanus beta",0,0,0,0,22.9,6.79,93.3,"polyhaline",27.09,8.31,NA,95,9,18.5,8.7,5.8,0.47027027027027,0.313513513513514,0.1,8.6,0,0,10,NA,497.1,0,0,"DRY","20","2025",2025-03-13,0,"no food"
"Standard","C-2025-3-13-21",7347,2025-03-13,72,2025,2025,"DRY",3,13,0.417361111111111,"Seg2",21,25.51647,-80.33363,3,"Vert","Fish","Gulf Toadfish","Opsanus beta",0,0,0,0,23.2,6.57,90.3,"polyhaline",28.36,8.3,NA,91,36,16,6.7,5.5,0.41875,0.34375,0,6.7,0,0,19.5,NA,592.6,1,0,"DRY","21","2025",2025-03-13,1,"food"
"Standard","C-2025-3-13-22",7347,2025-03-13,72,2025,2025,"DRY",3,13,0.434722222222222,"Seg2",22,25.51545,-80.33409,3,"Vert","Fish","Gulf Toadfish","Opsanus beta",0,0,0,0,23.2,6.7,92.4,"polyhaline",27.88,8.3,NA,107,23,17,8.6,5.7,0.505882352941176,0.335294117647059,0,8.6,0,0,7,NA,769.9,0,0,"DRY","22","2025",2025-03-13,0,"no food"
"Standard","C-2025-3-13-23",7347,2025-03-13,72,2025,2025,"DRY",3,13,0.451388888888889,"Seg2",23,25.51442,-80.33473,3,"Vert","Fish","Gulf Toadfish","Opsanus beta",0,0,0,0,23.3,7.08,97.1,"polyhaline",27.17,8.28,NA,84,14,32.5,17.2,11.5,0.529230769230769,0.353846153846154,6.6,10.6,0,0,12,NA,1020,1,0,"DRY","23","2025",2025-03-13,1,"food"
"Standard","C-2025-3-13-24",7347,2025-03-13,72,2025,2025,"DRY",3,13,0.466666666666667,"Seg2",24,25.51187,-80.33528,3,"Vert","Fish","Gulf Toadfish","Opsanus beta",0,0,0,0,23.4,6.4,87.5,"polyhaline",26.52,8.27,NA,95,15,27,12.3,9.5,0.455555555555556,0.351851851851852,1.3,11,0,0,12.1,NA,923.6,0,0,"DRY","24","2025",2025-03-13,0,"no food"
"Standard","C-2025-3-13-25",7347,2025-03-13,72,2025,2025,"DRY",3,13,0.498611111111111,"Seg2",25,25.5095,-80.33537,3,"Vert","Fish","Gulf Toadfish","Opsanus beta",0,0,0,0,23,6.75,91.7,"polyhaline",27.39,8.31,NA,82,37,57,23.1,25.7,0.405263157894737,0.450877192982456,0,23.1,0,0,14,NA,1063.9,1,0,"DRY","25","2025",2025-03-13,1,"food"
"Standard","C-2025-3-13-26",7347,2025-03-13,72,2025,2025,"DRY",3,13,0.518055555555556,"Seg2",26,25.50556,-80.3335,3,"Vert","Fish","Gulf Toadfish","Opsanus beta",0,0,0,0,23.5,7.37,101.3,"polyhaline",27.62,8.36,NA,90,9,27,11.2,11.7,0.414814814814815,0.433333333333333,1.1,10.1,0,0,11.5,NA,765,1,0,"DRY","26","2025",2025-03-13,1,"food"
"Standard","C-2025-3-13-27",7347,2025-03-13,72,2025,2025,"DRY",3,13,0.534722222222222,"Seg2",27,25.50416,-80.33251,3,"Vert","Fish","Gulf Toadfish","Opsanus beta",1,1,0.333333333333333,0,23.4,6.83,94.3,"polyhaline",28.35,8.37,NA,68,23,41.5,22,16,0.530120481927711,0.385542168674699,12.5,9.5,0,0,20.5,NA,1265.3,1,1,"DRY","27","2025",2025-03-13,2,"food"
"Standard","C-2025-3-14-28",7348,2025-03-14,73,2025,2025,"DRY",3,14,0.36875,"Seg2",28,25.50513,-80.33662,3,"Vert","Fish","Gulf Toadfish","Opsanus beta",0,0,0,0,22.6,5.15,71.3,"polyhaline",29.08,8.17,NA,75,25,62.5,27.5,27,0.44,0.432,27.5,0,0,0,24.9,NA,409.8,2,0,"DRY","28","2025",2025-03-14,2,"food"
"Standard","C-2025-3-14-29",7348,2025-03-14,73,2025,2025,"DRY",3,14,0.390277777777778,"Seg2",29,25.50439,-80.3377,3,"Vert","Fish","Gulf Toadfish","Opsanus beta",0,0,0,0,22.2,4.75,65,"polyhaline",29.18,8.09,NA,80,17,61.5,42,11.2,0.682926829268293,0.182113821138211,42,0,0,0,32.3,NA,439.8,1,1,"DRY","29","2025",2025-03-14,2,"food"
"Standard","C-2025-3-14-30",7348,2025-03-14,73,2025,2025,"DRY",3,14,0.414583333333333,"Seg2",30,25.49719,-80.33931,3,"Vert","Fish","Gulf Toadfish","Opsanus beta",1,1,0.333333333333333,0,23.4,4.94,70.3,"euhaline",30.74,8.13,NA,75,5,83,62,5.1,0.746987951807229,0.0614457831325301,62,0,0,0,33.9,NA,918.8,0,0,"DRY","30","2025",2025-03-14,0,"no food"
"Standard","C-2025-3-14-31",7348,2025-03-14,73,2025,2025,"DRY",3,14,0.436805555555556,"Seg2",31,25.49319,-80.33863,3,"Vert","Fish","Gulf Toadfish","Opsanus beta",0,0,0,0,24.3,4.9,71.4,"euhaline",31.19,8.16,NA,86,57,19.5,12,4.7,0.615384615384615,0.241025641025641,2,10,0,0,31.2222222222222,NA,933.1,0,0,"DRY","31","2025",2025-03-14,0,"no food"
"Standard","C-2025-3-14-32",7348,2025-03-14,73,2025,2025,"DRY",3,14,0.457638888888889,"Seg2",32,25.49031,-80.34016,3,"Vert","Fish","Gulf Toadfish","Opsanus beta",0,0,0,0,25.3,6.18,89.5,"euhaline",31.57,8.24,NA,98,13,50,38.5,7.1,0.77,0.142,0,38.5,0,0,28,NA,1028.5,0,0,"DRY","32","2025",2025-03-14,0,"no food"
"Standard","C-2025-3-14-33",7348,2025-03-14,73,2025,2025,"DRY",3,14,0.481944444444444,"Seg2",33,25.48685,-80.33998,3,"Vert","Fish","Gulf Toadfish","Opsanus beta",0,0,0,0,25.1,5.68,82.7,"euhaline",32.39,8.19,NA,101,27,51,32,10.4,0.627450980392157,0.203921568627451,16.5,15.5,0,0,30.4,NA,1057.5,3,0,"DRY","33","2025",2025-03-14,3,"food"
"Standard","C-2025-3-14-34",7348,2025-03-14,73,2025,2025,"DRY",3,14,0.498611111111111,"Seg2",34,25.48516,-80.3398,3,"Vert","Fish","Gulf Toadfish","Opsanus beta",0,0,0,0,25.3,5.89,87.2,"euhaline",32.32,8.19,NA,99,12,67.5,45.1,14.6,0.668148148148148,0.216296296296296,16.1,29,0,0,29.1,NA,1353.3,1,0,"DRY","34","2025",2025-03-14,1,"food"
"Standard","C-2025-3-14-35",7348,2025-03-14,73,2025,2025,"DRY",3,14,0.51875,"Seg2",35,25.48018,-80.34023,3,"Vert","Fish","Gulf Toadfish","Opsanus beta",0,0,0,0,25.6,5.86,86.2,"euhaline",32.3,8.19,NA,98,23,63.5,35.5,20.2,0.559055118110236,0.318110236220472,0,35.5,0,0,23.3,NA,1339.3,1,0,"DRY","35","2025",2025-03-14,1,"food"
"Standard","C-2025-3-14-36",7348,2025-03-14,73,2025,2025,"DRY",3,14,0.536111111111111,"Seg2",36,25.47952,-80.34022,3,"Vert","Fish","Gulf Toadfish","Opsanus beta",0,0,0,0,25.7,6.13,90.9,"euhaline",32.32,8.2,NA,89,27,64,41.1,14.8,0.6421875,0.23125,16,25.1,0,0,36,NA,1328.7,2,0,"DRY","36","2025",2025-03-14,2,"food"
"Standard","C-2025-3-14-37",7348,2025-03-14,73,2025,2025,"DRY",3,14,0.558333333333333,"Seg2",37,25.47701,-80.34032,3,"Vert","Fish","Gulf Toadfish","Opsanus beta",0,0,0,0,25.9,6.19,90.9,"euhaline",31.72,8.16,NA,69,51,47,35.5,6.6,0.75531914893617,0.140425531914894,15,20.5,0,0,32.2,NA,1543.1,0,0,"DRY","37","2025",2025-03-14,0,"no food"
"Standard","C-2025-4-1-1",7366,2025-04-01,91,2025,2025,"DRY",4,1,0.400694444444444,"Seg1",1,25.62915,-80.28863,3,"Vert","Fish","Gulf Toadfish","Opsanus beta",0,0,0,0,26.4,4.3,65.2,"euhaline",34.14,7.93,NA,73,66,80,34.5,25,0.43125,0.3125,10,24.5,0,0,48,NA,948.5,1,0,"DRY","1","2025",2025-04-01,1,"food"
"Standard","C-2025-4-1-10",7366,2025-04-01,91,2025,2025,"DRY",4,1,0.625694444444444,"Seg1",10,25.5694,-80.30252,3,"Vert","Fish","Gulf Toadfish","Opsanus beta",0,0,0,0,29.5,5.54,87.2,"euhaline",33.62,7.71,NA,73,8,97.5,57.2,34.6,0.586666666666667,0.354871794871795,53.5,3.7,0,0,28,NA,1148.8,0,1,"DRY","10","2025",2025-04-01,1,"food"
"Standard","C-2025-4-1-2",7366,2025-04-01,91,2025,2025,"DRY",4,1,0.433333333333333,"Seg1",2,25.62362,-80.29912,3,"Vert","Fish","Gulf Toadfish","Opsanus beta",0,0,0,0,26.9,4.81,73.1,"euhaline",33.33,7.98,NA,81,41,65.5,43.5,12.9,0.66412213740458,0.196946564885496,0,35,0,8.5,40,NA,939.4,0,1,"DRY","2","2025",2025-04-01,1,"food"
"Standard","C-2025-4-1-3",7366,2025-04-01,91,2025,2025,"DRY",4,1,0.458333333333333,"Seg1",3,25.61747,-80.30148,3,"Vert","Fish","Gulf Toadfish","Opsanus beta",0,0,0,0,27.7,6.31,98.8,"euhaline",35.25,8.07,NA,75,12,74.5,51,12.1,0.684563758389262,0.16241610738255,0,51,0,0,40,NA,1259.6,0,0,"DRY","3","2025",2025-04-01,0,"no food"
"Standard","C-2025-4-1-4",7366,2025-04-01,91,2025,2025,"DRY",4,1,0.657638888888889,"Seg1",4,25.61595,-80.30297,3,"Vert","Fish","Gulf Toadfish","Opsanus beta",0,0,0,0,28.9,7.27,111.6,"euhaline",35.54,8.12,NA,103,5,78.5,56,16,0.713375796178344,0.203821656050955,10.5,45.5,0,0,26.5,NA,203.7,0,0,"DRY","4","2025",2025-04-01,0,"no food"
"Standard","C-2025-4-1-5",7366,2025-04-01,91,2025,2025,"DRY",4,1,0.48125,"Seg1",5,25.61385,-80.30603,3,"Vert","Fish","Gulf Toadfish","Opsanus beta",1,1,0.333333333333333,0,27.8,5.94,89.5,"euhaline",34.32,8.09,NA,86,11,72,54.1,10.9,0.751388888888889,0.151388888888889,0.1,54,0,0,28,NA,1148.8,4,0,"DRY","5","2025",2025-04-01,4,"food"
"Standard","C-2025-4-1-6",7366,2025-04-01,91,2025,2025,"DRY",4,1,0.514583333333333,"Seg1",6,25.60925,-80.30738,3,"Vert","Fish","Gulf Toadfish","Opsanus beta",0,0,0,0,28.6,7.08,107,"euhaline",33.8,8.13,NA,73,13,74,38.5,28.9,0.52027027027027,0.390540540540541,0,38.5,0,0,33.5,NA,1473.6,0,1,"DRY","6","2025",2025-04-01,1,"food"
"Standard","C-2025-4-1-7",7366,2025-04-01,91,2025,2025,"DRY",4,1,0.543055555555556,"Seg1",7,25.59437,-80.3078,3,"Vert","Fish","Gulf Toadfish","Opsanus beta",0,0,0,0,28.6,6.47,100.2,"euhaline",35.13,8.07,NA,85,62,93.5,38,53.5,0.406417112299465,0.572192513368984,0,38,0,0,34,NA,1502,1,0,"DRY","7","2025",2025-04-01,1,"food"
"Standard","C-2025-4-1-8",7366,2025-04-01,91,2025,2025,"DRY",4,1,0.586805555555556,"Seg1",8,25.57983,-80.30488,3,"Vert","Fish","Gulf Toadfish","Opsanus beta",0,0,0,0,29.5,7.45,117.5,"euhaline",34.83,8.08,NA,70,0,59,22,30.6,0.372881355932203,0.51864406779661,21,1,0,0,4.5,NA,1484.8,0,0,"DRY","8","2025",2025-04-01,0,"no food"
"Standard","C-2025-4-1-9",7366,2025-04-01,91,2025,2025,"DRY",4,1,0.605555555555556,"Seg1",9,25.57418,-80.3033,3,"Vert","Fish","Gulf Toadfish","Opsanus beta",0,0,0,0,29.9,6.8,107.5,"euhaline",34.03,7.95,NA,66,12,87,62,20.2,0.71264367816092,0.232183908045977,58.5,3.5,0,0,17.5,NA,1350.5,0,0,"DRY","9","2025",2025-04-01,0,"no food"
"Standard","C-2025-4-2-11",7367,2025-04-02,92,2025,2025,"DRY",4,2,0.433333333333333,"Seg1",11,25.56837,-80.30318,3,"Vert","Fish","Gulf Toadfish","Opsanus beta",0,0,0,0,26.5,5.06,76.5,"euhaline",33.7,7.63,NA,55,29,90,28.1,54.8,0.312222222222222,0.608888888888889,27,1.1,0,0,30.2,NA,812.7,0,0,"DRY","11","2025",2025-04-02,0,"no food"
"Standard","C-2025-4-2-12",7367,2025-04-02,92,2025,2025,"DRY",4,2,0.489583333333333,"Seg1",12,25.56152,-80.30752,3,"Vert","Fish","Gulf Toadfish","Opsanus beta",0,0,0,0,27.3,5.47,81.2,"euhaline",33.57,7.66,NA,89,9,66,52,6.7,0.787878787878788,0.101515151515152,10,42,0,0,4.4,NA,866.7,0,0,"DRY","12","2025",2025-04-02,0,"no food"
"Standard","C-2025-4-2-13",7367,2025-04-02,92,2025,2025,"DRY",4,2,0.509722222222222,"Seg1",13,25.558,-80.30748,3,"Vert","Fish","Gulf Toadfish","Opsanus beta",0,0,0,0,27.6,7.31,111.2,"euhaline",33.16,7.8,NA,88,6,88.5,57.5,19.3,0.649717514124294,0.218079096045198,54,3.5,0,0,9.7,NA,960.4,0,0,"DRY","13","2025",2025-04-02,0,"no food"
"Standard","C-2025-4-2-14",7367,2025-04-02,92,2025,2025,"DRY",4,2,0.545138888888889,"Seg1",14,25.55163,-80.31005,3,"Vert","Fish","Gulf Toadfish","Opsanus beta",1,1,0.333333333333333,0,28.5,8.1,123.9,"euhaline",32.93,7.94,NA,99,25,87.5,56.5,22.5,0.645714285714286,0.257142857142857,50,6.5,0,0,25.9,NA,1170.2,0,0,"DRY","14","2025",2025-04-02,0,"no food"
"Standard","C-2025-4-2-15",7367,2025-04-02,92,2025,2025,"DRY",4,2,0.567361111111111,"Seg1",15,25.54517,-80.31235,3,"Vert","Fish","Gulf Toadfish","Opsanus beta",0,0,0,0,28.1,7.53,115.3,"euhaline",31,7.96,NA,115,20,86,46,31.2,0.534883720930233,0.362790697674419,46,0,0,0,28,NA,1288.4,0,0,"DRY","15","2025",2025-04-02,0,"no food"
"Standard","C-2025-4-2-16",7367,2025-04-02,92,2025,2025,"DRY",4,2,0.588888888888889,"Seg1",16,25.54037,-80.31268,3,"Vert","Fish","Gulf Toadfish","Opsanus beta",1,1,0.333333333333333,0,28.3,7.37,111.3,"euhaline",30.55,7.92,NA,115,16,66,38.5,20.3,0.583333333333333,0.307575757575758,18.5,20,0,0,16.1,NA,950.9,1,0,"DRY","16","2025",2025-04-02,1,"food"
"Standard","C-2025-4-2-17",7367,2025-04-02,92,2025,2025,"DRY",4,2,0.60625,"Seg1",17,25.53748,-80.31327,3,"Vert","Fish","Gulf Toadfish","Opsanus beta",0,0,0,0,28.7,7.72,117.5,"euhaline",30.2,7.91,NA,98,1,77,57.5,11.7,0.746753246753247,0.151948051948052,46,11.5,0,0,21.5,NA,1064.2,0,0,"DRY","17","2025",2025-04-02,0,"no food"
"Standard","C-2025-9-12-1",7530,2025-09-12,255,2025,2026,"WET",9,12,0.440277777777778,"Seg1",1,25.6292166666667,-80.2887166666667,3,"Vert","Fish","Gulf Toadfish","Opsanus beta",0,0,0,0,29.5,3.32,51,"polyhaline",26.09,7.56,NA,100,34,77.5,41.8,17.3,0.539354838709677,0.223225806451613,16.5,24.5,0,0.8,48.5,48.6,291.6,5,0,"WET","1","2025",2025-09-12,5,"food"
"Standard","C-2025-9-12-2",7530,2025-09-12,255,2025,2026,"WET",9,12,0.463888888888889,"Seg1",2,25.6239,-80.2990833333333,3,"Vert","Fish","Gulf Toadfish","Opsanus beta",0,0,0,0,30,4.04,61,"polyhaline",25.45,7.55,NA,115,29,26,13.2,2.5,0.507692307692308,0.0961538461538462,0.5,2.2,0,10.5,44,43.3,386.4,0,0,"WET","2","2025",2025-09-12,0,"no food"
"Standard","C-2025-9-12-3",7530,2025-09-12,255,2025,2026,"WET",9,12,0.488888888888889,"Seg1",3,25.6174666666667,-80.3015,3,"Vert","Fish","Gulf Toadfish","Opsanus beta",0,0,0,0,30.6,4.46,68.8,"polyhaline",25.25,7.66,NA,109,62,65.5,47.6,8.3,0.726717557251908,0.126717557251908,0.1,47.5,0,0,20.3,22.7,797,1,0,"WET","3","2025",2025-09-12,1,"food"
"Standard","C-2025-9-12-5",7530,2025-09-12,255,2025,2026,"WET",9,12,0.509027777777778,"Seg1",5,25.6138333333333,-80.3060833333333,3,"Vert","Fish","Gulf Toadfish","Opsanus beta",0,0,0,0,30.9,3.36,51.9,"polyhaline",24.75,7.55,NA,106,17,18.5,3.1,2,0.167567567567568,0.108108108108108,0,3.1,0,0,9.5,9.6,1021.9,0,0,"WET","5","2025",2025-09-12,0,"no food"
"Standard","C-2025-9-12-6",7530,2025-09-12,255,2025,2026,"WET",9,12,0.551388888888889,"Seg1",6,25.6092833333333,-80.3072666666667,3,"Vert","Fish","Gulf Toadfish","Opsanus beta",0,0,0,0,31,2.25,32.6,"polyhaline",23.9,7.47,NA,120,40,18.5,7.7,0.4,0.416216216216216,0.0216216216216216,0,7.7,0,0,34.5,13.1,266.2,0,0,"WET","6","2025",2025-09-12,0,"no food"
"Standard","C-2025-9-22-18",7540,2025-09-22,265,2025,2026,"WET",9,22,0.336805555555556,"Seg2",18,25.53195,-80.3288333333333,3,"Vert","Fish","Gulf Toadfish","Opsanus beta",1,1,0.333333333333333,0,27.7,7.81,103,"mesohaline",7.3,7.43,NA,75,4,35.5,28.6,3.2,0.805633802816901,0.0901408450704225,0.1,28.5,0,0,4.9,16,17.82,0,0,"WET","18","2025",2025-09-22,0,"no food"
"Standard","C-2025-9-22-19",7540,2025-09-22,265,2025,2026,"WET",9,22,0.359722222222222,"Seg2",19,25.5255,-80.3311,3,"Vert","Fish","Gulf Toadfish","Opsanus beta",0,0,0,0,28.1,2.04,124,"mesohaline",9.79,7.6,NA,88,23,35.5,28,3,0.788732394366197,0.0845070422535211,0,28,0,0,15,17,31.38,1,1,"WET","19","2025",2025-09-22,2,"food"
"Standard","C-2025-9-22-20",7540,2025-09-22,265,2025,2026,"WET",9,22,0.379861111111111,"Seg2",20,25.5183,-80.3309166666667,3,"Vert","Fish","Gulf Toadfish","Opsanus beta",0,0,0,0,28.8,7.72,108.4,"mesohaline",14.44,7.66,NA,117,16,48,40.1,2.6,0.835416666666667,0.0541666666666667,5.6,34.5,0,0,16,17.5,49.62,2,1,"WET","20","2025",2025-09-22,3,"food"
"Standard","C-2025-9-22-21",7540,2025-09-22,265,2025,2026,"WET",9,22,0.398611111111111,"Seg2",21,25.5165,-80.3336333333333,3,"Vert","Fish","Gulf Toadfish","Opsanus beta",0,0,0,0,28.3,8.59,102,"mesohaline",13.58,7.55,NA,109,34,15.5,10.7,0,0.690322580645161,0,2.7,8,0,0,51,19.5,287.8,1,0,"WET","21","2025",2025-09-22,1,"food"
"Standard","C-2025-9-22-22",7540,2025-09-22,265,2025,2026,"WET",9,22,0.414583333333333,"Seg2",22,25.5155666666667,-80.3340333333333,3,"Vert","Fish","Gulf Toadfish","Opsanus beta",0,0,0,0,28.9,4.64,68.4,"mesohaline",15.01,7.5,NA,120,8,19.5,13,0.3,0.666666666666667,0.0153846153846154,0.5,12.5,0,0,13,15,197.8,0,0,"WET","22","2025",2025-09-22,0,"no food"
"Standard","C-2025-9-22-23",7540,2025-09-22,265,2025,2026,"WET",9,22,0.43125,"Seg2",23,25.5144666666667,-80.3347166666667,3,"Vert","Fish","Gulf Toadfish","Opsanus beta",0,0,0,0,29,4.99,73.9,"mesohaline",14.53,7.53,NA,114,6,19.5,14.2,1.5,0.728205128205128,0.0769230769230769,0.2,14,0,0,20.5,16,409.1,0,0,"WET","23","2025",2025-09-22,0,"no food"
"Standard","C-2025-9-22-24",7540,2025-09-22,265,2025,2026,"WET",9,22,0.448611111111111,"Seg2",24,25.5120166666667,-80.3352,3,"Vert","Fish","Gulf Toadfish","Opsanus beta",0,0,0,0,28.8,6.43,90.2,"mesohaline",13.73,7.55,NA,121,30,37,28.8,4.1,0.778378378378378,0.110810810810811,15.2,13.6,0,0,14,16,330.8,0,0,"WET","24","2025",2025-09-22,0,"no food"
"Standard","C-2025-9-22-25",7540,2025-09-22,265,2025,2026,"WET",9,22,0.468055555555556,"Seg2",25,25.5094666666667,-80.3355666666667,3,"Vert","Fish","Gulf Toadfish","Opsanus beta",0,0,0,0,28.9,7.24,102,"mesohaline",14.35,7.61,NA,119,32,10,4.7,0.5,0.47,0.05,0.1,4.6,0,0,28.5,13,229.3,0,0,"WET","25","2025",2025-09-22,0,"no food"
"Standard","C-2025-9-22-26",7540,2025-09-22,265,2025,2026,"WET",9,22,0.500694444444444,"Seg2",26,25.5057,-80.3335666666667,3,"Vert","Fish","Gulf Toadfish","Opsanus beta",0,0,0,0,29.8,9.43,130.1,"mesohaline",14.14,7.72,NA,125,40,45.5,37.7,3.4,0.828571428571429,0.0747252747252747,31.5,6.2,0,0,25.5,17.5,301.6,0,1,"WET","26","2025",2025-09-22,1,"food"
"Standard","C-2025-9-22-27",7540,2025-09-22,265,2025,2026,"WET",9,22,0.519444444444444,"Seg2",27,25.5040166666667,-80.3325,3,"Vert","Fish","Gulf Toadfish","Opsanus beta",0,0,0,0,29.8,7.83,117.4,"mesohaline",15.82,7.75,NA,104,56,82.5,28,40.7,0.339393939393939,0.493333333333333,19.5,8.5,0,0,28.5,27,671,0,0,"WET","27","2025",2025-09-22,0,"no food"
"Standard","C-2025-9-22-28",7540,2025-09-22,265,2025,2026,"WET",9,22,0.538888888888889,"Seg2",28,25.505,-80.3366,3,"Vert","Fish","Gulf Toadfish","Opsanus beta",0,0,0,0,30.1,8.31,119.4,"mesohaline",14.05,7.68,NA,123,21,31.5,25.7,1.3,0.815873015873016,0.0412698412698413,23.5,2.2,0,0,20,23,385.2,1,0,"WET","28","2025",2025-09-22,1,"food"
"Standard","C-2025-9-22-29",7540,2025-09-22,265,2025,2026,"WET",9,22,0.557638888888889,"Seg2",29,25.50445,-80.3378333333333,3,"Vert","Fish","Gulf Toadfish","Opsanus beta",0,0,0,0,30.3,7.45,107.5,"mesohaline",14.71,7.68,NA,113,14,40,26.5,8.7,0.6625,0.2175,23,3.5,0,0,20.3,25,648.3,0,0,"WET","29","2025",2025-09-22,0,"no food"
"Standard","C-2025-9-22-30",7540,2025-09-22,265,2025,2026,"WET",9,22,0.580555555555556,"Seg2",30,25.4973166666667,-80.33925,3,"Vert","Fish","Gulf Toadfish","Opsanus beta",1,1,0.333333333333333,0,30.1,8.94,137.1,"mesohaline",15.77,7.72,NA,104,39,65,47.5,2.4,0.730769230769231,0.0369230769230769,44.5,3,0,0,16.6,28.5,744.5,0,0,"WET","30","2025",2025-09-22,0,"no food"
"Standard","C-2025-9-22-31",7540,2025-09-22,265,2025,2026,"WET",9,22,0.600694444444444,"Seg2",31,25.4931666666667,-80.3386666666667,3,"Vert","Fish","Gulf Toadfish","Opsanus beta",0,0,0,0,29.9,5.91,85,"mesohaline",13.45,7.52,NA,102,24,14,9.5,0.9,0.678571428571429,0.0642857142857143,0.2,9.3,0,0,22,18.5,787.2,0,0,"WET","31","2025",2025-09-22,0,"no food"
"Standard","C-2025-9-23-10",7541,2025-09-23,266,2025,2026,"WET",9,23,0.456944444444444,"Seg1",10,25.5692666666667,-80.3025833333333,3,"Vert","Fish","Gulf Toadfish","Opsanus beta",0,0,0,0,29.4,3.23,47.3,"polyhaline",20.43,7.51,NA,106,9,83.5,43.5,8.5,0.520958083832335,0.101796407185629,38,5.5,0,0,24,32.5,492.8,0,0,"WET","10","2025",2025-09-23,0,"no food"
"Standard","C-2025-9-23-11",7541,2025-09-23,266,2025,2026,"WET",9,23,0.475694444444444,"Seg1",11,25.5685166666667,-80.3032333333333,3,"Vert","Fish","Gulf Toadfish","Opsanus beta",0,0,0,0,29.7,3.65,53.3,"polyhaline",20.6,7.58,NA,113,5,94,75,5.5,0.797872340425532,0.0585106382978723,55.5,19.5,0,0,30.5,36,483.5,0,0,"WET","11","2025",2025-09-23,0,"no food"
"Standard","C-2025-9-23-12",7541,2025-09-23,266,2025,2026,"WET",9,23,0.513888888888889,"Seg1",12,25.5618166666667,-80.3075166666667,3,"Vert","Fish","Gulf Toadfish","Opsanus beta",0,0,0,0,29.9,3.96,57.9,"polyhaline",20.85,7.45,NA,138,4,13.5,4,1.9,0.296296296296296,0.140740740740741,0,4,0,0,14,14,345.6,0,0,"WET","12","2025",2025-09-23,0,"no food"
"Standard","C-2025-9-23-13",7541,2025-09-23,266,2025,2026,"WET",9,23,0.543055555555556,"Seg1",13,25.5580166666667,-80.3074833333333,3,"Vert","Fish","Gulf Toadfish","Opsanus beta",0,0,0,0,30.3,3.8,58.2,"polyhaline",20.41,7.45,NA,120,21,80.5,41,18.6,0.509316770186335,0.231055900621118,33.5,7.5,0,0,18.5,34,392.4,0,0,"WET","13","2025",2025-09-23,0,"no food"
"Standard","C-2025-9-23-14",7541,2025-09-23,266,2025,2026,"WET",9,23,0.576388888888889,"Seg1",14,25.5517333333333,-80.3100666666667,3,"Vert","Fish","Gulf Toadfish","Opsanus beta",0,0,0,0,30.4,5.86,87,"polyhaline",20.41,7.74,NA,120,17,43.5,20.5,12.4,0.471264367816092,0.285057471264368,8,12.5,0,0,24,26.5,70.03,0,0,"WET","14","2025",2025-09-23,0,"no food"
"Standard","C-2025-9-23-15",7541,2025-09-23,266,2025,2026,"WET",9,23,0.597916666666667,"Seg1",15,25.5449833333333,-80.3122666666667,3,"Vert","Fish","Gulf Toadfish","Opsanus beta",0,0,0,0,30.1,3.6,52.6,"polyhaline",19.43,7.47,NA,93,0,94,28.5,58.2,0.303191489361702,0.619148936170213,28.5,0,0,0,24,32.5,46.16,2,0,"WET","15","2025",2025-09-23,2,"food"
"Standard","C-2025-9-23-16",7541,2025-09-23,266,2025,2026,"WET",9,23,0.615972222222222,"Seg1",16,25.54045,-80.3127166666667,3,"Vert","Fish","Gulf Toadfish","Opsanus beta",0,0,0,0,30.4,4.8,69,"polyhaline",19.25,7.73,NA,124,10,68,21,35.8,0.308823529411765,0.526470588235294,7,14,0,0,26,28.5,45.81,0,0,"WET","16","2025",2025-09-23,0,"no food"
"Standard","C-2025-9-23-17",7541,2025-09-23,266,2025,2026,"WET",9,23,0.633333333333333,"Seg1",17,25.5375,-80.3133,3,"Vert","Fish","Gulf Toadfish","Opsanus beta",0,0,0,0,30.5,4.77,69.4,"polyhaline",18.4,7.69,NA,95,0,84.5,20.6,59.7,0.243786982248521,0.706508875739645,16.5,4.1,0,0,13.5,19,56.04,0,0,"WET","17","2025",2025-09-23,0,"no food"
"Standard","C-2025-9-23-4",7541,2025-09-23,266,2025,2026,"WET",9,23,0.351388888888889,"Seg1",4,25.6158666666667,-80.30295,3,"Vert","Fish","Gulf Toadfish","Opsanus beta",0,0,0,0,29.7,4.47,66.4,"polyhaline",20.76,7.81,NA,121,8,70.5,46,6.6,0.652482269503546,0.0936170212765957,7.5,38.5,0,0,20,31.5,45.55,0,0,"WET","4","2025",2025-09-23,0,"no food"
"Standard","C-2025-9-23-7",7541,2025-09-23,266,2025,2026,"WET",9,23,0.383333333333333,"Seg1",7,25.59425,-80.3076666666667,3,"Vert","Fish","Gulf Toadfish","Opsanus beta",0,0,0,0,28.8,3.03,44.6,"polyhaline",18.95,7.46,NA,96,8,90,19.6,51.5,0.217777777777778,0.572222222222222,0,19.6,0,0,38,20,402.4,0,0,"WET","7","2025",2025-09-23,0,"no food"
"Standard","C-2025-9-23-8",7541,2025-09-23,266,2025,2026,"WET",9,23,0.420833333333333,"Seg1",8,25.5796333333333,-80.30495,3,"Vert","Fish","Gulf Toadfish","Opsanus beta",0,0,0,0,29.1,3.18,46.4,"polyhaline",19.9,7.49,NA,89,0,90.5,31.5,44,0.348066298342541,0.486187845303867,19.5,12,0,0,1.8,27,545,0,0,"WET","8","2025",2025-09-23,0,"no food"
"Standard","C-2025-9-23-9",7541,2025-09-23,266,2025,2026,"WET",9,23,0.439583333333333,"Seg1",9,25.5739333333333,-80.3033833333333,3,"Vert","Fish","Gulf Toadfish","Opsanus beta",0,0,0,0,29.2,3.36,49.6,"polyhaline",19.82,7.47,NA,100,6,78,54.6,7.8,0.7,0.1,25.1,29.5,0,0,18.5,27,470.2,1,0,"WET","9","2025",2025-09-23,1,"food"
"Standard","C-2025-9-24-32",7542,2025-09-24,267,2025,2026,"WET",9,24,0.423611111111111,"Seg2",32,25.49035,-80.3402666666667,3,"Vert","Fish","Gulf Toadfish","Opsanus beta",0,0,0,0,30,4.55,68.4,"mesohaline",17.24,7.82,NA,101,15,24.5,22.4,0.2,0.914285714285714,0.00816326530612245,0.6,21.8,0,0,10,24,462,0,0,"WET","32","2025",2025-09-24,0,"no food"
"Standard","C-2025-9-24-33",7542,2025-09-24,267,2025,2026,"WET",9,24,0.446527777777778,"Seg2",33,25.4868,-80.3399166666667,3,"Vert","Fish","Gulf Toadfish","Opsanus beta",0,0,0,0,29.7,3.86,56.1,"mesohaline",16.61,7.72,NA,117,25,48.5,41.2,1.4,0.849484536082474,0.0288659793814433,9.2,32,0,0,19,25,649.7,1,0,"WET","33","2025",2025-09-24,1,"food"
"Standard","C-2025-9-24-34",7542,2025-09-24,267,2025,2026,"WET",9,24,0.461805555555556,"Seg2",34,25.4851666666667,-80.3397,3,"Vert","Fish","Gulf Toadfish","Opsanus beta",0,0,0,0,29.9,4.94,71.8,"mesohaline",16.88,7.78,NA,114,25,34,28.3,0.2,0.832352941176471,0.00588235294117647,0.3,28,0,0,23,19.5,584.5,0,0,"WET","34","2025",2025-09-24,0,"no food"
"Standard","C-2025-9-24-35",7542,2025-09-24,267,2025,2026,"WET",9,24,0.485416666666667,"Seg2",35,25.4802333333333,-80.3401666666667,3,"Vert","Fish","Gulf Toadfish","Opsanus beta",0,0,0,0,30.2,5.49,80,"mesohaline",17.2,7.85,NA,124,15,34.5,30.2,0.2,0.87536231884058,0.00579710144927536,7.1,23.1,0,0,32.5,17.5,673.2,0,0,"WET","35","2025",2025-09-24,0,"no food"
"Standard","C-2025-9-24-36",7542,2025-09-24,267,2025,2026,"WET",9,24,0.5,"Seg2",36,25.4796666666667,-80.3402166666667,3,"Vert","Fish","Gulf Toadfish","Opsanus beta",0,0,0,0,30.4,6.91,102.3,"mesohaline",17.12,7.92,NA,121,24,40,34.7,1.8,0.8675,0.045,13.2,21.5,0,0,39.5,16,657.1,0,0,"WET","36","2025",2025-09-24,0,"no food"
"Standard","C-2025-9-24-37",7542,2025-09-24,267,2025,2026,"WET",9,24,0.516666666666667,"Seg2",37,25.4770666666667,-80.3402666666667,3,"Vert","Fish","Gulf Toadfish","Opsanus beta",0,0,0,0,30.4,5.42,80.8,"mesohaline",17.36,7.87,NA,122,17,40.5,36.6,0,0.903703703703704,0,32.6,4,0,0,47.5,11.5,656,0,0,"WET","37","2025",2025-09-24,0,"no food"
"Standard","C-2025-9-5-38",7523,2025-09-05,248,2025,2026,"WET",9,5,0.515277777777778,"Seg2",38,25.46915,-80.3400333333333,3,"Vert","Fish","Gulf Toadfish","Opsanus beta",0,0,0,0,30.9,3.33,52.7,"euhaline",31.06,7.61,NA,86,57,50.5,45,0.8,0.891089108910891,0.0158415841584158,0,45,0,0,52,14.1,NA,1,0,"WET","38","2025",2025-09-05,1,"food"
"Standard","C-2025-9-5-39",7523,2025-09-05,248,2025,2026,"WET",9,5,0.535416666666667,"Seg2",39,25.4658166666667,-80.33757,3,"Vert","Fish","Gulf Toadfish","Opsanus beta",0,0,0,0,32.4,2.89,47.6,"euhaline",32.48,7.73,NA,98,49,54.5,30,14.8,0.55045871559633,0.271559633027523,0,30,0,0,38.5,18.4,NA,2,0,"WET","39","2025",2025-09-05,2,"food"
"Standard","C-2025-9-5-40",7523,2025-09-05,248,2025,2026,"WET",9,5,0.300694444444444,"Seg2",40,25.4587,-80.3370833333333,3,"Vert","Fish","Gulf Toadfish","Opsanus beta",1,3,1,1,30.4,1.53,24.3,"euhaline",32.12,7.55,NA,110,49,69.5,29.7,31.4,0.427338129496403,0.451798561151079,14.1,15.6,0,0,53.5,25.5,NA,5,0,"WET","40","2025",2025-09-05,5,"food"
"Standard","C-2025-9-5-41",7523,2025-09-05,248,2025,2026,"WET",9,5,0.322222222222222,"Seg2",41,25.45535,-80.3361,3,"Vert","Fish","Gulf Toadfish","Opsanus beta",0,0,0,0,30,2.55,40.9,"euhaline",32.15,7.64,NA,110,39,56,17.6,30.8,0.314285714285714,0.55,12.5,5.1,0,0,65,16.3,NA,1,0,"WET","41","2025",2025-09-05,1,"food"
"Standard","C-2025-9-5-42",7523,2025-09-05,248,2025,2026,"WET",9,5,0.347222222222222,"Seg2",42,25.4504666666667,-80.3306,3,"Vert","Fish","Gulf Toadfish","Opsanus beta",0,0,0,0,30.6,3.19,51.2,"euhaline",32.9,7.79,NA,122,13,39,2.5,31.7,0.0641025641025641,0.812820512820513,2.5,0,0,0,30.9,38.8888888888889,NA,0,0,"WET","42","2025",2025-09-05,0,"no food"
"Standard","C-2025-9-5-43",7523,2025-09-05,248,2025,2026,"WET",9,5,0.372916666666667,"Seg2",43,25.4447,-80.3309833333333,3,"Vert","Fish","Gulf Toadfish","Opsanus beta",0,0,0,0,30.3,2.66,42.6,"euhaline",32.63,7.71,NA,115,25,70.5,37.6,24.1,0.533333333333333,0.341843971631206,37,0.6,0,0,54.5,22.9,NA,6,0,"WET","43","2025",2025-09-05,6,"food"
"Standard","C-2025-9-5-44",7523,2025-09-05,248,2025,2026,"WET",9,5,0.393055555555556,"Seg2",44,25.44315,-80.3305,3,"Vert","Fish","Gulf Toadfish","Opsanus beta",1,1,0.333333333333333,0,30.4,3.54,56.6,"euhaline",32.61,7.79,NA,102,15,57.5,44.7,6.9,0.777391304347826,0.12,17.1,27.6,0,0,46.4,23.8,NA,8,0,"WET","44","2025",2025-09-05,8,"food"
"Standard","C-2025-9-5-45",7523,2025-09-05,248,2025,2026,"WET",9,5,0.419444444444444,"Seg2",45,25.4377,-80.3241333333333,3,"Vert","Fish","Gulf Toadfish","Opsanus beta",0,0,0,0,30.6,2.47,40.2,"euhaline",32.98,7.72,NA,110,8,44,23.5,13.4,0.534090909090909,0.304545454545455,9.5,14,0,0,17.9,14.9,NA,0,0,"WET","45","2025",2025-09-05,0,"no food"
"Standard","C-2025-9-5-46",7523,2025-09-05,248,2025,2026,"WET",9,5,0.4375,"Seg2",46,25.43745,-80.32165,3,"Vert","Fish","Gulf Toadfish","Opsanus beta",0,0,0,0,30,4.21,66.2,"euhaline",31.94,7.83,NA,96,11,55.5,30,14.6,0.540540540540541,0.263063063063063,22,8,0,0,9.5,16.8,NA,1,0,"WET","46","2025",2025-09-05,1,"food"
"Standard","C-2025-9-5-47",7523,2025-09-05,248,2025,2026,"WET",9,5,0.459722222222222,"Seg2",47,25.4372,-80.3192333333333,3,"Vert","Fish","Gulf Toadfish","Opsanus beta",0,0,0,0,29.9,3.64,57.3,"euhaline",32.75,7.79,NA,135,42,58.5,29.2,22.7,0.499145299145299,0.388034188034188,18.5,10.7,0,0,52,33.5,NA,1,0,"WET","47","2025",2025-09-05,1,"food"
